HIERARCHY
ROOT joint_Root
{
	OFFSET 0.0 0.0 0.0
	CHANNELS 6 Xposition Yposition Zposition Zrotation Xrotation Yrotation 
	JOINT Hips
	{
		OFFSET -0.726466 93.3139 -2.00062
		CHANNELS 6 Xposition Yposition Zposition Zrotation Xrotation Yrotation 
		JOINT Spine
		{
			OFFSET 15.7357 0.0 0.0
			CHANNELS 6 Xposition Yposition Zposition Zrotation Xrotation Yrotation 
			JOINT Chest
			{
				OFFSET 8.98455 -0.406207 0.0
				CHANNELS 6 Xposition Yposition Zposition Zrotation Xrotation Yrotation 
				JOINT Neck
				{
					OFFSET 16.3773 0.0 0.0
					CHANNELS 6 Xposition Yposition Zposition Zrotation Xrotation Yrotation 
					JOINT Head
					{
						OFFSET 6.45672 0.0 0.0
						CHANNELS 6 Xposition Yposition Zposition Zrotation Xrotation Yrotation 
						End Site
						{
							OFFSET 0.0 0.0 0.0
						}
					}
				}
				JOINT Shoulder_L
				{
					OFFSET 12.9942 -0.242716 4.98039
					CHANNELS 6 Xposition Yposition Zposition Zrotation Xrotation Yrotation 
					JOINT UpperArm_L
					{
						OFFSET 5.34809 0.0 0.0
						CHANNELS 6 Xposition Yposition Zposition Zrotation Xrotation Yrotation 
						JOINT LowerArm_L
						{
							OFFSET 24.3286 1.87007e-05 0.0
							CHANNELS 6 Xposition Yposition Zposition Zrotation Xrotation Yrotation 
							JOINT Hand_L
							{
								OFFSET 22.2916 0.0 0.0
								CHANNELS 6 Xposition Yposition Zposition Zrotation Xrotation Yrotation 
								End Site
								{
									OFFSET 0.0 0.0 0.0
								}
							}
						}
					}
				}
				JOINT Shoulder_R
				{
					OFFSET 12.9945 -0.242716 -4.98039
					CHANNELS 6 Xposition Yposition Zposition Zrotation Xrotation Yrotation 
					JOINT UpperArm_R
					{
						OFFSET -5.34813 0.0 0.0
						CHANNELS 6 Xposition Yposition Zposition Zrotation Xrotation Yrotation 
						JOINT LowerArm_R
						{
							OFFSET -24.3289 0.000322201 0.0
							CHANNELS 6 Xposition Yposition Zposition Zrotation Xrotation Yrotation 
							JOINT Hand_R
							{
								OFFSET -22.2915 -0.000108084 0.0
								CHANNELS 6 Xposition Yposition Zposition Zrotation Xrotation Yrotation 
								End Site
								{
									OFFSET 0.0 0.0 0.0
								}
							}
						}
					}
				}
			}
		}
		JOINT UpperLeg_L
		{
			OFFSET -2.19248 -6.46944 0.0
			CHANNELS 6 Xposition Yposition Zposition Zrotation Xrotation Yrotation 
			JOINT LowerLeg_L
			{
				OFFSET 39.0811 0.0 -1.23785e-05
				CHANNELS 6 Xposition Yposition Zposition Zrotation Xrotation Yrotation 
				JOINT Foot_L
				{
					OFFSET 40.9854 0.0 -1.26872e-05
					CHANNELS 6 Xposition Yposition Zposition Zrotation Xrotation Yrotation 
					JOINT Toes_L
					{
						OFFSET 11.7543 0.0 0.0
						CHANNELS 6 Xposition Yposition Zposition Zrotation Xrotation Yrotation 
						End Site
						{
							OFFSET 0.0 0.0 0.0
						}
					}
				}
			}
		}
		JOINT UpperLeg_R
		{
			OFFSET -2.19251 6.46944 0.0
			CHANNELS 6 Xposition Yposition Zposition Zrotation Xrotation Yrotation 
			JOINT LowerLeg_R
			{
				OFFSET -39.0811 -0.00228153 -0.0401928
				CHANNELS 6 Xposition Yposition Zposition Zrotation Xrotation Yrotation 
				JOINT Foot_R
				{
					OFFSET -40.9854 0.0 0.0
					CHANNELS 6 Xposition Yposition Zposition Zrotation Xrotation Yrotation 
					JOINT Toes_R
					{
						OFFSET -11.7543 0.0 0.0
						CHANNELS 6 Xposition Yposition Zposition Zrotation Xrotation Yrotation 
						End Site
						{
							OFFSET 0.0 0.0 0.0
						}
					}
				}
			}
		}
	}
}
MOTION
Frames: 188
Frame Time: 0.0333333
0.0000e+00 0.0000e+00 0.0000e+00 0.0000e+00 0.0000e+00 0.0000e+00 -1.2558e+00 9.3183e+01 -2.1662e+00 8.8989e+01 -5.1447e+00 4.5493e+00 1.5736e+01 5.0000e-06 -1.0000e-06 9.0480e+01 8.5455e+01 -9.0559e+01 8.9846e+00 -4.0621e-01 -0.0000e+00 1.3231e+00 8.0485e-02 -1.5948e-01 1.6377e+01 -1.0000e-06 -1.0000e-06 7.1944e-01 2.8169e-01 4.4237e-01 6.4567e+00 -1.0000e-06 -0.0000e+00 -5.5712e+00 6.8805e-01 6.1090e-01 1.2994e+01 -2.4272e-01 4.9804e+00 -9.1513e+01 5.6660e+00 -9.0019e+01 5.3481e+00 -7.0000e-06 -1.0000e-06 0.0000e+00 0.0000e+00 0.0000e+00 2.4329e+01 1.9000e-05 5.0000e-06 -4.6357e+00 -8.1462e+00 -2.9777e+01 2.2292e+01 -1.0000e-06 5.0000e-06 1.7602e+01 5.5937e+00 -1.0970e+01 1.2995e+01 -2.4272e-01 -4.9804e+00 8.8138e+01 7.7824e+00 -9.1497e+01 -5.3481e+00 -1.0000e-06 -4.0000e-06 0.0000e+00 0.0000e+00 0.0000e+00 -2.4329e+01 3.2200e-04 -9.0000e-06 7.4681e+00 1.4306e+01 -2.7949e+01 -2.2291e+01 -1.0800e-04 -4.0000e-06 7.4591e+00 5.4638e+00 -4.8281e+00 -2.1925e+00 -6.4694e+00 -0.0000e+00 -1.7651e+02 -3.5284e+00 -2.6289e+00 3.9081e+01 -7.0000e-06 -1.2000e-05 1.0560e-02 -2.9831e-02 1.3032e+01 4.0985e+01 -6.0000e-06 -1.3000e-05 -1.3249e+00 3.5481e-01 -5.6022e+01 1.1754e+01 -0.0000e+00 3.0000e-06 -6.8234e-03 5.1945e-03 -1.6577e+01 -2.1925e+00 6.4694e+00 -1.0000e-06 1.7634e+02 1.4184e+01 1.7909e+02 -3.9081e+01 -2.2820e-03 -4.0193e-02 1.1170e-02 -2.4414e-02 1.5436e+01 -4.0985e+01 8.0000e-06 6.0000e-06 -4.9068e+00 4.8072e+00 -6.3286e+01 -1.1754e+01 -6.0000e-06 -6.0000e-06 1.7093e-01 -1.9653e-01 -1.8489e+01
0.0000e+00 0.0000e+00 0.0000e+00 0.0000e+00 0.0000e+00 -0.0000e+00 -1.2558e+00 9.3183e+01 -2.1662e+00 8.9166e+01 -1.9135e+00 -1.4940e-01 1.5736e+01 5.0000e-06 -1.0000e-06 9.7133e+01 8.7167e+01 -9.7121e+01 8.9846e+00 -4.0621e-01 -0.0000e+00 -2.1441e+00 7.0237e-01 3.6327e-02 1.6377e+01 -1.0000e-06 -1.0000e-06 1.7256e+00 -2.6119e+00 3.4190e+00 6.4567e+00 -1.0000e-06 -0.0000e+00 6.8719e+00 -1.3073e+00 -4.7565e+00 1.2994e+01 -2.4272e-01 4.9804e+00 -9.0212e+01 5.9818e-01 -7.0453e+01 5.3481e+00 -7.0000e-06 -1.0000e-06 -7.1566e+01 3.1947e+01 -9.0175e+00 2.4329e+01 1.9000e-05 5.0000e-06 4.2649e+00 1.0944e+01 -2.1446e+01 2.2292e+01 -1.0000e-06 5.0000e-06 4.4011e+00 5.4834e+00 -5.8788e+00 1.2995e+01 -2.4272e-01 -4.9804e+00 8.7704e+01 6.4623e+00 -7.0394e+01 -5.3481e+00 -1.0000e-06 -4.0000e-06 -6.5414e+01 3.6697e+01 -1.0038e+01 -2.4329e+01 3.2200e-04 -9.0000e-06 4.0230e+00 1.0127e+01 -2.1805e+01 -2.2291e+01 -1.0800e-04 -4.0000e-06 3.7374e+00 5.3806e+00 -2.3190e+00 -2.1925e+00 -6.4694e+00 -0.0000e+00 -1.7702e+02 -9.0467e+00 -4.6995e+00 3.9081e+01 -7.0000e-06 -1.2000e-05 -5.0035e-02 1.7920e-01 1.5600e+01 4.0985e+01 -6.0000e-06 -1.3000e-05 -5.4037e-01 3.9647e+00 -6.1174e+01 1.1754e+01 -0.0000e+00 3.0000e-06 -4.0000e-06 -5.7000e-05 -1.6580e+01 -2.1925e+00 6.4694e+00 -1.0000e-06 1.7997e+02 1.1481e+01 1.7790e+02 -3.9081e+01 -2.2820e-03 -4.0193e-02 -3.7875e-02 1.8357e-01 1.2652e+01 -4.0985e+01 8.0000e-06 6.0000e-06 1.2160e+00 6.0990e+00 -6.1065e+01 -1.1754e+01 -6.0000e-06 -6.0000e-06 -6.7270e-03 -7.7299e-02 -1.9720e+01
0.0000e+00 0.0000e+00 0.0000e+00 0.0000e+00 0.0000e+00 -0.0000e+00 -1.2358e+00 9.3193e+01 -2.2220e+00 8.9141e+01 -1.9340e+00 -1.2588e-01 1.5736e+01 5.0000e-06 -1.0000e-06 9.6066e+01 8.7138e+01 -9.6093e+01 8.9846e+00 -4.0621e-01 -0.0000e+00 -2.0741e+00 6.0704e-01 -4.2757e-02 1.6377e+01 -1.0000e-06 -1.0000e-06 1.6601e+00 -2.5747e+00 3.5260e+00 6.4567e+00 -1.0000e-06 -0.0000e+00 6.6416e+00 -1.1140e+00 -4.7236e+00 1.2994e+01 -2.4272e-01 4.9804e+00 -9.0189e+01 5.2937e-01 -7.0357e+01 5.3481e+00 -7.0000e-06 -1.0000e-06 -7.1697e+01 3.1692e+01 -9.0521e+00 2.4329e+01 1.9000e-05 5.0000e-06 4.2352e+00 1.0808e+01 -2.1550e+01 2.2292e+01 -1.0000e-06 5.0000e-06 4.3576e+00 5.4808e+00 -5.7792e+00 1.2995e+01 -2.4272e-01 -4.9804e+00 8.7701e+01 6.3104e+00 -6.9931e+01 -5.3481e+00 -1.0000e-06 -4.0000e-06 -6.2386e+01 3.5339e+01 -1.2134e+01 -2.4329e+01 3.2200e-04 -9.0000e-06 4.5888e+00 9.8590e+00 -2.5119e+01 -2.2291e+01 -1.0800e-04 -4.0000e-06 2.0435e+00 5.3811e+00 -2.3331e+00 -2.1925e+00 -6.4694e+00 -0.0000e+00 -1.7701e+02 -9.0509e+00 -4.6973e+00 3.9081e+01 -7.0000e-06 -1.2000e-05 -4.9447e-02 1.7755e-01 1.5562e+01 4.0985e+01 -6.0000e-06 -1.3000e-05 -5.2733e-01 3.9477e+00 -6.1115e+01 1.1754e+01 -0.0000e+00 3.0000e-06 -4.0000e-06 -6.0000e-05 -1.6580e+01 -2.1925e+00 6.4694e+00 -1.0000e-06 1.8000e+02 1.1458e+01 1.7792e+02 -3.9081e+01 -2.2820e-03 -4.0193e-02 -3.6271e-02 1.7743e-01 1.2583e+01 -4.0985e+01 8.0000e-06 6.0000e-06 1.3148e+00 6.0981e+00 -6.1004e+01 -1.1754e+01 -6.0000e-06 -6.0000e-06 -6.7800e-03 -7.7760e-02 -1.9738e+01
0.0000e+00 0.0000e+00 0.0000e+00 0.0000e+00 0.0000e+00 -0.0000e+00 -1.1793e+00 9.3204e+01 -2.2959e+00 8.9150e+01 -2.0572e+00 -1.9996e-01 1.5736e+01 5.0000e-06 -1.0000e-06 9.4962e+01 8.7140e+01 -9.5041e+01 8.9846e+00 -4.0621e-01 -0.0000e+00 -2.0666e+00 5.0145e-01 -1.4979e-01 1.6377e+01 -1.0000e-06 -1.0000e-06 1.5864e+00 -2.5128e+00 3.6785e+00 6.4567e+00 -1.0000e-06 -0.0000e+00 6.4188e+00 -8.7530e-01 -4.6929e+00 1.2994e+01 -2.4272e-01 4.9804e+00 -9.0174e+01 4.8211e-01 -7.0194e+01 5.3481e+00 -7.0000e-06 -1.0000e-06 -7.1882e+01 3.1351e+01 -9.0769e+00 2.4329e+01 1.9000e-05 5.0000e-06 4.3202e+00 1.0989e+01 -2.1619e+01 2.2292e+01 -1.0000e-06 5.0000e-06 4.5457e+00 5.4836e+00 -5.8852e+00 1.2995e+01 -2.4272e-01 -4.9804e+00 8.7704e+01 6.1032e+00 -6.9334e+01 -5.3481e+00 -1.0000e-06 -4.0000e-06 -5.8408e+01 3.1665e+01 -1.4850e+01 -2.4329e+01 3.2200e-04 -9.0000e-06 5.1397e+00 9.0143e+00 -2.9866e+01 -2.2291e+01 -1.0800e-04 -4.0000e-06 1.4370e+00 5.3835e+00 -2.4081e+00 -2.1925e+00 -6.4694e+00 -0.0000e+00 -1.7708e+02 -9.1978e+00 -4.7745e+00 3.9081e+01 -7.0000e-06 -1.2000e-05 -4.8181e-02 1.7387e-01 1.5489e+01 4.0985e+01 -6.0000e-06 -1.3000e-05 -4.8201e-01 3.9730e+00 -6.1041e+01 1.1754e+01 -0.0000e+00 3.0000e-06 -3.0000e-06 -4.0000e-05 -1.6579e+01 -2.1925e+00 6.4694e+00 -1.0000e-06 1.7997e+02 1.1397e+01 1.7779e+02 -3.9081e+01 -2.2820e-03 -4.0193e-02 -3.6133e-02 1.7738e-01 1.2544e+01 -4.0985e+01 8.0000e-06 6.0000e-06 1.2717e+00 6.1571e+00 -6.0905e+01 -1.1754e+01 -6.0000e-06 -6.0000e-06 -6.4460e-03 -7.4834e-02 -1.9619e+01
0.0000e+00 0.0000e+00 0.0000e+00 0.0000e+00 0.0000e+00 -0.0000e+00 -1.0922e+00 9.3220e+01 -2.3519e+00 8.9132e+01 -2.1795e+00 -2.6206e-01 1.5736e+01 5.0000e-06 -1.0000e-06 9.4144e+01 8.7169e+01 -9.4271e+01 8.9846e+00 -4.0621e-01 -0.0000e+00 -2.1180e+00 4.2000e-01 -2.4489e-01 1.6377e+01 -1.0000e-06 -1.0000e-06 1.6607e+00 -2.5181e+00 3.8854e+00 6.4567e+00 -1.0000e-06 -0.0000e+00 6.1881e+00 -7.2756e-01 -4.6510e+00 1.2994e+01 -2.4272e-01 4.9804e+00 -9.0131e+01 3.6229e-01 -7.0062e+01 5.3481e+00 -7.0000e-06 -1.0000e-06 -7.2193e+01 3.1028e+01 -8.9723e+00 2.4329e+01 1.9000e-05 5.0000e-06 4.3019e+00 1.0858e+01 -2.1768e+01 2.2292e+01 -1.0000e-06 5.0000e-06 4.3486e+00 5.4813e+00 -5.7977e+00 1.2995e+01 -2.4272e-01 -4.9804e+00 8.7745e+01 5.7287e+00 -6.8466e+01 -5.3481e+00 -1.0000e-06 -4.0000e-06 -5.4060e+01 2.5729e+01 -1.8281e+01 -2.4329e+01 3.2200e-04 -9.0000e-06 5.4658e+00 7.8295e+00 -3.5092e+01 -2.2291e+01 -1.0800e-04 -4.0000e-06 2.2847e+00 5.3810e+00 -2.3303e+00 -2.1925e+00 -6.4694e+00 -0.0000e+00 -1.7714e+02 -9.3514e+00 -4.8169e+00 3.9081e+01 -7.0000e-06 -1.2000e-05 -4.6404e-02 1.6850e-01 1.5397e+01 4.0985e+01 -6.0000e-06 -1.3000e-05 -4.1873e-01 3.9707e+00 -6.0973e+01 1.1754e+01 -0.0000e+00 3.0000e-06 -4.0000e-06 -5.4000e-05 -1.6580e+01 -2.1925e+00 6.4694e+00 -1.0000e-06 1.7996e+02 1.1386e+01 1.7774e+02 -3.9081e+01 -2.2820e-03 -4.0193e-02 -3.4351e-02 1.7120e-01 1.2415e+01 -4.0985e+01 8.0000e-06 6.0000e-06 1.2974e+00 6.2686e+00 -6.0790e+01 -1.1754e+01 -6.0000e-06 -6.0000e-06 -6.6700e-03 -7.6803e-02 -1.9699e+01
0.0000e+00 0.0000e+00 0.0000e+00 0.0000e+00 0.0000e+00 -0.0000e+00 -9.8091e-01 9.3224e+01 -2.3844e+00 8.9077e+01 -2.3502e+00 -3.0946e-01 1.5736e+01 5.0000e-06 -1.0000e-06 9.3703e+01 8.7211e+01 -9.3853e+01 8.9846e+00 -4.0621e-01 -0.0000e+00 -2.1987e+00 3.7321e-01 -2.9207e-01 1.6377e+01 -1.0000e-06 -1.0000e-06 1.7441e+00 -2.5538e+00 4.1211e+00 6.4567e+00 -1.0000e-06 -0.0000e+00 6.1031e+00 -6.5963e-01 -4.5690e+00 1.2994e+01 -2.4272e-01 4.9804e+00 -9.0097e+01 2.6648e-01 -6.9932e+01 5.3481e+00 -7.0000e-06 -1.0000e-06 -7.2423e+01 3.0928e+01 -8.8680e+00 2.4329e+01 1.9000e-05 5.0000e-06 4.2768e+00 1.0716e+01 -2.1909e+01 2.2292e+01 -1.0000e-06 5.0000e-06 4.4659e+00 5.4849e+00 -5.9354e+00 1.2995e+01 -2.4272e-01 -4.9804e+00 8.7836e+01 5.3445e+00 -6.7915e+01 -5.3481e+00 -1.0000e-06 -4.0000e-06 -4.9662e+01 1.7519e+01 -2.2052e+01 -2.4329e+01 3.2200e-04 -9.0000e-06 5.9577e+00 7.0147e+00 -4.0520e+01 -2.2291e+01 -1.0800e-04 -4.0000e-06 3.3212e+00 5.3706e+00 -2.0077e+00 -2.1925e+00 -6.4694e+00 -0.0000e+00 -1.7717e+02 -9.4274e+00 -4.8965e+00 3.9081e+01 -7.0000e-06 -1.2000e-05 -4.6329e-02 1.6759e-01 1.5453e+01 4.0985e+01 -6.0000e-06 -1.3000e-05 -3.5536e-01 3.8582e+00 -6.1000e+01 1.1754e+01 -0.0000e+00 3.0000e-06 -3.0000e-06 -4.7000e-05 -1.6579e+01 -2.1925e+00 6.4694e+00 -1.0000e-06 1.7994e+02 1.1329e+01 1.7769e+02 -3.9081e+01 -2.2820e-03 -4.0193e-02 -3.3291e-02 1.6750e-01 1.2334e+01 -4.0985e+01 8.0000e-06 6.0000e-06 1.2562e+00 6.4068e+00 -6.0702e+01 -1.1754e+01 -6.0000e-06 -6.0000e-06 -6.8150e-03 -7.8070e-02 -1.9751e+01
0.0000e+00 0.0000e+00 0.0000e+00 0.0000e+00 0.0000e+00 -0.0000e+00 -8.3022e-01 9.3240e+01 -2.4030e+00 8.9066e+01 -2.4709e+00 -3.5747e-01 1.5736e+01 5.0000e-06 -1.0000e-06 9.3928e+01 8.7263e+01 -9.4099e+01 8.9846e+00 -4.0621e-01 -0.0000e+00 -2.3034e+00 3.8997e-01 -3.3461e-01 1.6377e+01 -1.0000e-06 -1.0000e-06 1.7792e+00 -2.6492e+00 4.3318e+00 6.4567e+00 -1.0000e-06 -0.0000e+00 6.1282e+00 -7.3015e-01 -4.4501e+00 1.2994e+01 -2.4272e-01 4.9804e+00 -9.0097e+01 2.6366e-01 -6.9897e+01 5.3481e+00 -7.0000e-06 -1.0000e-06 -7.2445e+01 3.1101e+01 -8.7726e+00 2.4329e+01 1.9000e-05 5.0000e-06 4.2084e+00 1.0393e+01 -2.2189e+01 2.2292e+01 -1.0000e-06 5.0000e-06 4.3555e+00 5.4860e+00 -5.9799e+00 1.2995e+01 -2.4272e-01 -4.9804e+00 8.8001e+01 4.8769e+00 -6.7683e+01 -5.3481e+00 -1.0000e-06 -4.0000e-06 -4.5508e+01 7.7449e+00 -2.6240e+01 -2.4329e+01 3.2200e-04 -9.0000e-06 6.5106e+00 6.5528e+00 -4.5007e+01 -2.2291e+01 -1.0800e-04 -4.0000e-06 4.6456e+00 5.3556e+00 -1.5474e+00 -2.1925e+00 -6.4694e+00 -0.0000e+00 -1.7728e+02 -9.4148e+00 -4.9097e+00 3.9081e+01 -7.0000e-06 -1.2000e-05 -4.4837e-02 1.6328e-01 1.5355e+01 4.0985e+01 -6.0000e-06 -1.3000e-05 -2.7169e-01 3.7292e+00 -6.0950e+01 1.1754e+01 -0.0000e+00 3.0000e-06 -2.0000e-06 -3.5000e-05 -1.6579e+01 -2.1925e+00 6.4694e+00 -1.0000e-06 1.7987e+02 1.1342e+01 1.7769e+02 -3.9081e+01 -2.2820e-03 -4.0193e-02 -3.1267e-02 1.6024e-01 1.2185e+01 -4.0985e+01 8.0000e-06 6.0000e-06 1.2425e+00 6.5321e+00 -6.0589e+01 -1.1754e+01 -6.0000e-06 -6.0000e-06 -6.7150e-03 -7.7197e-02 -1.9715e+01
0.0000e+00 0.0000e+00 0.0000e+00 0.0000e+00 0.0000e+00 -0.0000e+00 -6.7792e-01 9.3240e+01 -2.4054e+00 8.9048e+01 -2.4392e+00 -3.4251e-01 1.5736e+01 5.0000e-06 -1.0000e-06 9.4147e+01 8.7280e+01 -9.4320e+01 8.9846e+00 -4.0621e-01 -0.0000e+00 -2.3398e+00 4.0855e-01 -3.3746e-01 1.6377e+01 -1.0000e-06 -1.0000e-06 1.7797e+00 -2.7131e+00 4.4709e+00 6.4567e+00 -1.0000e-06 -0.0000e+00 6.0460e+00 -8.8160e-01 -4.3371e+00 1.2994e+01 -2.4272e-01 4.9804e+00 -9.0117e+01 3.1901e-01 -6.9837e+01 5.3481e+00 -7.0000e-06 -1.0000e-06 -7.2236e+01 3.1413e+01 -8.8979e+00 2.4329e+01 1.9000e-05 5.0000e-06 4.3165e+00 1.0508e+01 -2.2484e+01 2.2292e+01 -1.0000e-06 5.0000e-06 4.2613e+00 5.4872e+00 -6.0269e+00 1.2995e+01 -2.4272e-01 -4.9804e+00 8.8234e+01 4.3537e+00 -6.7895e+01 -5.3481e+00 -1.0000e-06 -4.0000e-06 -4.1870e+01 -3.2543e+00 -3.0811e+01 -2.4329e+01 3.2200e-04 -9.0000e-06 6.7820e+00 6.2522e+00 -4.7523e+01 -2.2291e+01 -1.0800e-04 -4.0000e-06 6.9379e+00 5.3530e+00 -1.4690e+00 -2.1925e+00 -6.4694e+00 -0.0000e+00 -1.7738e+02 -9.4338e+00 -4.9288e+00 3.9081e+01 -7.0000e-06 -1.2000e-05 -4.4006e-02 1.5961e-01 1.5414e+01 4.0985e+01 -6.0000e-06 -1.3000e-05 -1.5355e-01 3.7383e+00 -6.0993e+01 1.1754e+01 -0.0000e+00 3.0000e-06 -3.0000e-06 -3.9000e-05 -1.6579e+01 -2.1925e+00 6.4694e+00 -1.0000e-06 1.7978e+02 1.1437e+01 1.7771e+02 -3.9081e+01 -2.2820e-03 -4.0193e-02 -3.0587e-02 1.5724e-01 1.2174e+01 -4.0985e+01 8.0000e-06 6.0000e-06 1.2137e+00 6.5823e+00 -6.0575e+01 -1.1754e+01 -6.0000e-06 -6.0000e-06 -6.6960e-03 -7.7030e-02 -1.9709e+01
0.0000e+00 0.0000e+00 0.0000e+00 0.0000e+00 0.0000e+00 -0.0000e+00 -5.2836e-01 9.3243e+01 -2.3760e+00 8.9085e+01 -2.3347e+00 -3.4271e-01 1.5736e+01 5.0000e-06 -1.0000e-06 9.5120e+01 8.7295e+01 -9.5296e+01 8.9846e+00 -4.0621e-01 -0.0000e+00 -2.3765e+00 4.9823e-01 -3.4209e-01 1.6377e+01 -1.0000e-06 -1.0000e-06 1.7049e+00 -2.7542e+00 4.5646e+00 6.4567e+00 -1.0000e-06 -0.0000e+00 5.9221e+00 -1.1078e+00 -4.2856e+00 1.2994e+01 -2.4272e-01 4.9804e+00 -9.0145e+01 3.9199e-01 -6.9741e+01 5.3481e+00 -7.0000e-06 -1.0000e-06 -7.1868e+01 3.1788e+01 -9.2004e+00 2.4329e+01 1.9000e-05 5.0000e-06 4.3712e+00 1.0558e+01 -2.2645e+01 2.2292e+01 -1.0000e-06 5.0000e-06 4.3513e+00 5.4903e+00 -6.1470e+00 1.2995e+01 -2.4272e-01 -4.9804e+00 8.8547e+01 3.6846e+00 -6.8457e+01 -5.3481e+00 -1.0000e-06 -4.0000e-06 -3.9890e+01 -1.5514e+01 -3.5997e+01 -2.4329e+01 3.2200e-04 -9.0000e-06 7.1474e+00 6.4934e+00 -4.7959e+01 -2.2291e+01 -1.0800e-04 -4.0000e-06 9.5152e+00 5.3432e+00 -1.1787e+00 -2.1925e+00 -6.4694e+00 -0.0000e+00 -1.7752e+02 -9.4423e+00 -4.9011e+00 3.9081e+01 -7.0000e-06 -1.2000e-05 -4.2613e-02 1.5507e-01 1.5365e+01 4.0985e+01 -6.0000e-06 -1.3000e-05 -3.0414e-02 3.8240e+00 -6.0996e+01 1.1754e+01 -0.0000e+00 3.0000e-06 -3.0000e-06 -4.5000e-05 -1.6579e+01 -2.1925e+00 6.4694e+00 -1.0000e-06 1.7963e+02 1.1482e+01 1.7775e+02 -3.9081e+01 -2.2820e-03 -4.0193e-02 -3.0421e-02 1.5683e-01 1.2147e+01 -4.0985e+01 8.0000e-06 6.0000e-06 1.1078e+00 6.5646e+00 -6.0565e+01 -1.1754e+01 -6.0000e-06 -6.0000e-06 -6.3690e-03 -7.4151e-02 -1.9591e+01
0.0000e+00 0.0000e+00 0.0000e+00 0.0000e+00 0.0000e+00 -0.0000e+00 -4.1939e-01 9.3249e+01 -2.3533e+00 8.9105e+01 -2.0229e+00 -4.1787e-01 1.5736e+01 5.0000e-06 -1.0000e-06 9.6039e+01 8.7330e+01 -9.6188e+01 8.9846e+00 -4.0621e-01 -0.0000e+00 -2.4544e+00 5.7495e-01 -2.8606e-01 1.6377e+01 -1.0000e-06 -1.0000e-06 1.5776e+00 -2.7681e+00 4.5237e+00 6.4567e+00 -1.0000e-06 -0.0000e+00 5.7523e+00 -1.2932e+00 -4.2976e+00 1.2994e+01 -2.4272e-01 4.9804e+00 -9.0187e+01 5.0684e-01 -6.9726e+01 5.3481e+00 -7.0000e-06 -1.0000e-06 -7.1517e+01 3.1823e+01 -9.3785e+00 2.4329e+01 1.9000e-05 5.0000e-06 4.4188e+00 1.0547e+01 -2.2888e+01 2.2292e+01 -1.0000e-06 5.0000e-06 4.3245e+00 5.4888e+00 -6.0877e+00 1.2995e+01 -2.4272e-01 -4.9804e+00 8.9020e+01 2.5908e+00 -6.9285e+01 -5.3481e+00 -1.0000e-06 -4.0000e-06 -4.1324e+01 -2.8521e+01 -4.2555e+01 -2.4329e+01 3.2200e-04 -9.0000e-06 7.4304e+00 6.9142e+00 -4.7296e+01 -2.2291e+01 -1.0800e-04 -4.0000e-06 1.1967e+01 5.3352e+00 -9.3836e-01 -2.1925e+00 -6.4694e+00 -0.0000e+00 -1.7762e+02 -9.3317e+00 -4.9682e+00 3.9081e+01 -7.0000e-06 -1.2000e-05 -4.1980e-02 1.5339e-01 1.5306e+01 4.0985e+01 -6.0000e-06 -1.3000e-05 7.1656e-02 4.0363e+00 -6.0970e+01 1.1754e+01 -0.0000e+00 3.0000e-06 -3.0000e-06 -4.0000e-05 -1.6579e+01 -2.1925e+00 6.4694e+00 -1.0000e-06 1.7957e+02 1.1659e+01 1.7772e+02 -3.9081e+01 -2.2820e-03 -4.0193e-02 -2.9205e-02 1.5166e-01 1.2110e+01 -4.0985e+01 8.0000e-06 6.0000e-06 1.1752e+00 6.4247e+00 -6.0586e+01 -1.1754e+01 -6.0000e-06 -6.0000e-06 -6.4430e-03 -7.4804e-02 -1.9618e+01
0.0000e+00 0.0000e+00 0.0000e+00 0.0000e+00 0.0000e+00 -0.0000e+00 -3.7135e-01 9.3261e+01 -2.3013e+00 8.9140e+01 -1.6439e+00 -4.4806e-01 1.5736e+01 5.0000e-06 -1.0000e-06 9.6789e+01 8.7367e+01 -9.6923e+01 8.9846e+00 -4.0621e-01 -0.0000e+00 -2.5357e+00 6.3441e-01 -2.5348e-01 1.6377e+01 -1.0000e-06 -1.0000e-06 1.5582e+00 -2.6839e+00 4.4918e+00 6.4567e+00 -1.0000e-06 -0.0000e+00 5.5070e+00 -1.4658e+00 -4.3896e+00 1.2994e+01 -2.4272e-01 4.9804e+00 -9.0209e+01 5.6578e-01 -6.9688e+01 5.3481e+00 -7.0000e-06 -1.0000e-06 -7.1155e+01 3.1706e+01 -9.5170e+00 2.4329e+01 1.9000e-05 5.0000e-06 4.3621e+00 1.0358e+01 -2.2989e+01 2.2292e+01 -1.0000e-06 5.0000e-06 4.4093e+00 5.4879e+00 -6.0516e+00 1.2995e+01 -2.4272e-01 -4.9804e+00 8.9542e+01 1.2551e+00 -6.9943e+01 -5.3481e+00 -1.0000e-06 -4.0000e-06 -4.7060e+01 -4.0134e+01 -5.2679e+01 -2.4329e+01 3.2200e-04 -9.0000e-06 7.8424e+00 7.6728e+00 -4.5897e+01 -2.2291e+01 -1.0800e-04 -4.0000e-06 1.5885e+01 5.3244e+00 -6.3737e-01 -2.1925e+00 -6.4694e+00 -0.0000e+00 -1.7769e+02 -9.1321e+00 -4.9271e+00 3.9081e+01 -7.0000e-06 -1.2000e-05 -4.0638e-02 1.5018e-01 1.5141e+01 4.0985e+01 -6.0000e-06 -1.3000e-05 1.2879e-01 4.2167e+00 -6.0899e+01 1.1754e+01 -0.0000e+00 3.0000e-06 -3.0000e-06 -4.9000e-05 -1.6579e+01 -2.1925e+00 6.4694e+00 -1.0000e-06 1.7954e+02 1.1911e+01 1.7782e+02 -3.9081e+01 -2.2820e-03 -4.0193e-02 -2.6101e-02 1.3857e-01 1.1993e+01 -4.0985e+01 8.0000e-06 6.0000e-06 1.3243e+00 6.2619e+00 -6.0615e+01 -1.1754e+01 -6.0000e-06 -6.0000e-06 -6.4840e-03 -7.5170e-02 -1.9633e+01
0.0000e+00 0.0000e+00 0.0000e+00 0.0000e+00 0.0000e+00 -0.0000e+00 -3.8673e-01 9.3271e+01 -2.2444e+00 8.9209e+01 -1.1876e+00 -5.6914e-01 1.5736e+01 5.0000e-06 -1.0000e-06 9.9067e+01 8.7458e+01 -9.9249e+01 8.9846e+00 -4.0621e-01 -0.0000e+00 -2.7442e+00 8.1757e-01 -3.4357e-01 1.6377e+01 -1.0000e-06 -1.0000e-06 1.6328e+00 -2.8084e+00 4.6482e+00 6.4567e+00 -1.0000e-06 -0.0000e+00 5.3093e+00 -1.6066e+00 -4.5073e+00 1.2994e+01 -2.4272e-01 4.9804e+00 -9.0186e+01 5.0650e-01 -6.9850e+01 5.3481e+00 -7.0000e-06 -1.0000e-06 -7.0784e+01 3.1381e+01 -9.5514e+00 2.4329e+01 1.9000e-05 5.0000e-06 4.4142e+00 1.0480e+01 -2.2996e+01 2.2292e+01 -1.0000e-06 5.0000e-06 4.4355e+00 5.4850e+00 -5.9420e+00 1.2995e+01 -2.4272e-01 -4.9804e+00 9.0052e+01 -1.4392e-01 -7.0107e+01 -5.3481e+00 -1.0000e-06 -4.0000e-06 -5.6444e+01 -4.8265e+01 -6.6258e+01 -2.4329e+01 3.2200e-04 -9.0000e-06 7.6866e+00 7.8593e+00 -4.4630e+01 -2.2291e+01 -1.0800e-04 -4.0000e-06 2.2046e+01 5.3054e+00 -9.5463e-02 -2.1925e+00 -6.4694e+00 -0.0000e+00 -1.7776e+02 -8.9401e+00 -4.9723e+00 3.9081e+01 -7.0000e-06 -1.2000e-05 -3.9766e-02 1.4898e-01 1.4945e+01 4.0985e+01 -6.0000e-06 -1.3000e-05 1.4159e-01 4.4354e+00 -6.0797e+01 1.1754e+01 -0.0000e+00 3.0000e-06 -2.0000e-06 -3.6000e-05 -1.6579e+01 -2.1925e+00 6.4694e+00 -1.0000e-06 1.7951e+02 1.2152e+01 1.7784e+02 -3.9081e+01 -2.2820e-03 -4.0193e-02 -2.5292e-02 1.3615e-01 1.1875e+01 -4.0985e+01 8.0000e-06 6.0000e-06 1.3619e+00 6.0644e+00 -6.0638e+01 -1.1754e+01 -6.0000e-06 -6.0000e-06 -6.4950e-03 -7.5265e-02 -1.9637e+01
0.0000e+00 0.0000e+00 0.0000e+00 0.0000e+00 0.0000e+00 -0.0000e+00 -4.8286e-01 9.3280e+01 -2.1637e+00 8.9202e+01 -8.2737e-01 -6.4197e-01 1.5736e+01 5.0000e-06 -1.0000e-06 1.0100e+02 8.7541e+01 -1.0120e+02 8.9846e+00 -4.0621e-01 -0.0000e+00 -2.9365e+00 9.5710e-01 -3.7295e-01 1.6377e+01 -1.0000e-06 -1.0000e-06 1.7673e+00 -2.8822e+00 4.8478e+00 6.4567e+00 -1.0000e-06 -0.0000e+00 5.1905e+00 -1.7204e+00 -4.6984e+00 1.2994e+01 -2.4272e-01 4.9804e+00 -9.0165e+01 4.5165e-01 -6.9973e+01 5.3481e+00 -7.0000e-06 -1.0000e-06 -7.0543e+01 3.0952e+01 -9.4113e+00 2.4329e+01 1.9000e-05 5.0000e-06 4.4503e+00 1.0657e+01 -2.2824e+01 2.2292e+01 -1.0000e-06 5.0000e-06 4.7212e+00 5.4837e+00 -5.8902e+00 1.2995e+01 -2.4272e-01 -4.9804e+00 9.0505e+01 -1.3746e+00 -6.9835e+01 -5.3481e+00 -1.0000e-06 -4.0000e-06 -6.7180e+01 -5.2053e+01 -8.1956e+01 -2.4329e+01 3.2200e-04 -9.0000e-06 7.1350e+00 7.5961e+00 -4.3444e+01 -2.2291e+01 -1.0800e-04 -4.0000e-06 2.7808e+01 5.2797e+00 6.2858e-01 -2.1925e+00 -6.4694e+00 -0.0000e+00 -1.7768e+02 -8.7414e+00 -4.9557e+00 3.9081e+01 -7.0000e-06 -1.2000e-05 -4.0237e-02 1.5218e-01 1.4809e+01 4.0985e+01 -6.0000e-06 -1.3000e-05 9.0397e-02 4.6204e+00 -6.0755e+01 1.1754e+01 -0.0000e+00 3.0000e-06 -3.0000e-06 -4.5000e-05 -1.6579e+01 -2.1925e+00 6.4694e+00 -1.0000e-06 1.7962e+02 1.2375e+01 1.7791e+02 -3.9081e+01 -2.2820e-03 -4.0193e-02 -2.2737e-02 1.2529e-01 1.1755e+01 -4.0985e+01 8.0000e-06 6.0000e-06 1.6773e+00 5.8776e+00 -6.0709e+01 -1.1754e+01 -6.0000e-06 -6.0000e-06 -6.9290e-03 -7.9052e-02 -1.9791e+01
0.0000e+00 0.0000e+00 0.0000e+00 0.0000e+00 0.0000e+00 -0.0000e+00 -6.1521e-01 9.3281e+01 -2.0833e+00 8.9194e+01 -6.0063e-01 -7.3626e-01 1.5736e+01 5.0000e-06 -1.0000e-06 1.0340e+02 8.7591e+01 -1.0362e+02 8.9846e+00 -4.0621e-01 -0.0000e+00 -3.0769e+00 1.1366e+00 -3.9506e-01 1.6377e+01 -1.0000e-06 -1.0000e-06 1.7885e+00 -3.0441e+00 5.1311e+00 6.4567e+00 -1.0000e-06 -0.0000e+00 5.1576e+00 -1.8610e+00 -4.9758e+00 1.2994e+01 -2.4272e-01 4.9804e+00 -9.0112e+01 3.1093e-01 -7.0234e+01 5.3481e+00 -7.0000e-06 -1.0000e-06 -7.0520e+01 3.0363e+01 -9.2345e+00 2.4329e+01 1.9000e-05 5.0000e-06 4.4012e+00 1.0742e+01 -2.2439e+01 2.2292e+01 -1.0000e-06 5.0000e-06 4.8025e+00 5.4800e+00 -5.7468e+00 1.2995e+01 -2.4272e-01 -4.9804e+00 9.0859e+01 -2.2651e+00 -6.9216e+01 -5.3481e+00 -1.0000e-06 -4.0000e-06 -7.5758e+01 -5.2574e+01 -9.6356e+01 -2.4329e+01 3.2200e-04 -9.0000e-06 7.4310e+00 8.1941e+00 -4.2467e+01 -2.2291e+01 -1.0800e-04 -4.0000e-06 3.1062e+01 5.2640e+00 1.0571e+00 -2.1925e+00 -6.4694e+00 -0.0000e+00 -1.7757e+02 -8.6853e+00 -4.9927e+00 3.9081e+01 -7.0000e-06 -1.2000e-05 -4.1187e-02 1.5646e-01 1.4748e+01 4.0985e+01 -6.0000e-06 -1.3000e-05 7.5110e-03 4.7854e+00 -6.0744e+01 1.1754e+01 -0.0000e+00 3.0000e-06 -3.0000e-06 -4.5000e-05 -1.6579e+01 -2.1925e+00 6.4694e+00 -1.0000e-06 1.7977e+02 1.2447e+01 1.7792e+02 -3.9081e+01 -2.2820e-03 -4.0193e-02 -2.1394e-02 1.1944e-01 1.1698e+01 -4.0985e+01 8.0000e-06 6.0000e-06 1.9212e+00 5.6654e+00 -6.0793e+01 -1.1754e+01 -6.0000e-06 -6.0000e-06 -6.6680e-03 -7.6788e-02 -1.9699e+01
0.0000e+00 0.0000e+00 0.0000e+00 0.0000e+00 0.0000e+00 -0.0000e+00 -7.6977e-01 9.3286e+01 -2.0021e+00 8.9177e+01 -5.8439e-01 -7.4903e-01 1.5736e+01 5.0000e-06 -1.0000e-06 1.0493e+02 8.7609e+01 -1.0514e+02 8.9846e+00 -4.0621e-01 -0.0000e+00 -3.1431e+00 1.2512e+00 -3.6995e-01 1.6377e+01 -1.0000e-06 -1.0000e-06 1.8583e+00 -3.1216e+00 5.3883e+00 6.4567e+00 -1.0000e-06 -0.0000e+00 5.1237e+00 -1.8298e+00 -5.2395e+00 1.2994e+01 -2.4272e-01 4.9804e+00 -9.0040e+01 1.1212e-01 -7.0416e+01 5.3481e+00 -7.0000e-06 -1.0000e-06 -7.0690e+01 2.9886e+01 -8.9157e+00 2.4329e+01 1.9000e-05 5.0000e-06 4.4809e+00 1.1249e+01 -2.1887e+01 2.2292e+01 -1.0000e-06 5.0000e-06 4.8729e+00 5.4793e+00 -5.7223e+00 1.2995e+01 -2.4272e-01 -4.9804e+00 9.1184e+01 -3.0008e+00 -6.8461e+01 -5.3481e+00 -1.0000e-06 -4.0000e-06 -7.9766e+01 -5.1503e+01 -1.0673e+02 -2.4329e+01 3.2200e-04 -9.0000e-06 7.9195e+00 8.9004e+00 -4.1963e+01 -2.2291e+01 -1.0800e-04 -4.0000e-06 3.2230e+01 5.2596e+00 1.1794e+00 -2.1925e+00 -6.4694e+00 -0.0000e+00 -1.7744e+02 -8.6491e+00 -4.8793e+00 3.9081e+01 -7.0000e-06 -1.2000e-05 -4.1925e-02 1.6074e-01 1.4618e+01 4.0985e+01 -6.0000e-06 -1.3000e-05 -1.1049e-01 4.8028e+00 -6.0724e+01 1.1754e+01 -0.0000e+00 3.0000e-06 -4.0000e-06 -5.5000e-05 -1.6580e+01 -2.1925e+00 6.4694e+00 -1.0000e-06 1.7991e+02 1.2447e+01 1.7803e+02 -3.9081e+01 -2.2820e-03 -4.0193e-02 -1.8907e-02 1.0862e-01 1.1573e+01 -4.0985e+01 8.0000e-06 6.0000e-06 2.1751e+00 5.6404e+00 -6.0834e+01 -1.1754e+01 -6.0000e-06 -6.0000e-06 -6.6590e-03 -7.6704e-02 -1.9695e+01
0.0000e+00 0.0000e+00 0.0000e+00 0.0000e+00 0.0000e+00 -0.0000e+00 -9.3273e-01 9.3280e+01 -1.9232e+00 8.9130e+01 -7.9632e-01 -7.6657e-01 1.5736e+01 5.0000e-06 -1.0000e-06 1.0607e+02 8.7608e+01 -1.0625e+02 8.9846e+00 -4.0621e-01 -0.0000e+00 -3.1673e+00 1.3412e+00 -3.3372e-01 1.6377e+01 -1.0000e-06 -1.0000e-06 1.9081e+00 -3.2146e+00 5.7137e+00 6.4567e+00 -1.0000e-06 -0.0000e+00 5.1578e+00 -1.7415e+00 -5.4430e+00 1.2994e+01 -2.4272e-01 4.9804e+00 -8.9958e+01 -1.1971e-01 -7.0651e+01 5.3481e+00 -7.0000e-06 -1.0000e-06 -7.0984e+01 2.9461e+01 -8.5050e+00 2.4329e+01 1.9000e-05 5.0000e-06 4.4792e+00 1.1565e+01 -2.1343e+01 2.2292e+01 -1.0000e-06 5.0000e-06 4.9142e+00 5.4688e+00 -5.3263e+00 1.2995e+01 -2.4272e-01 -4.9804e+00 9.1442e+01 -3.5355e+00 -6.7797e+01 -5.3481e+00 -1.0000e-06 -4.0000e-06 -7.8732e+01 -5.0813e+01 -1.1251e+02 -2.4329e+01 3.2200e-04 -9.0000e-06 8.0465e+00 9.0110e+00 -4.2074e+01 -2.2291e+01 -1.0800e-04 -4.0000e-06 3.2884e+01 5.2654e+00 1.0214e+00 -2.1925e+00 -6.4694e+00 -0.0000e+00 -1.7727e+02 -8.8260e+00 -4.8105e+00 3.9081e+01 -7.0000e-06 -1.2000e-05 -4.3111e-02 1.6520e-01 1.4626e+01 4.0985e+01 -6.0000e-06 -1.3000e-05 -2.3347e-01 4.7702e+00 -6.0789e+01 1.1754e+01 -0.0000e+00 3.0000e-06 -4.0000e-06 -6.0000e-05 -1.6580e+01 -2.1925e+00 6.4694e+00 -1.0000e-06 -1.7992e+02 1.2327e+01 1.7805e+02 -3.9081e+01 -2.2820e-03 -4.0193e-02 -1.7652e-02 1.0253e-01 1.1569e+01 -4.0985e+01 8.0000e-06 6.0000e-06 2.4119e+00 5.6797e+00 -6.0912e+01 -1.1754e+01 -6.0000e-06 -6.0000e-06 -6.4570e-03 -7.4934e-02 -1.9623e+01
0.0000e+00 0.0000e+00 0.0000e+00 0.0000e+00 0.0000e+00 -0.0000e+00 -1.0616e+00 9.3281e+01 -1.8575e+00 8.9109e+01 -1.2247e+00 -7.4818e-01 1.5736e+01 5.0000e-06 -1.0000e-06 1.0694e+02 8.7584e+01 -1.0712e+02 8.9846e+00 -4.0621e-01 -0.0000e+00 -3.1422e+00 1.4239e+00 -3.0844e-01 1.6377e+01 -1.0000e-06 -1.0000e-06 1.9264e+00 -3.3319e+00 6.1023e+00 6.4567e+00 -1.0000e-06 -0.0000e+00 5.3066e+00 -1.6438e+00 -5.5989e+00 1.2994e+01 -2.4272e-01 4.9804e+00 -8.9880e+01 -3.4481e-01 -7.0830e+01 5.3481e+00 -7.0000e-06 -1.0000e-06 -7.1363e+01 2.9206e+01 -8.0833e+00 2.4329e+01 1.9000e-05 5.0000e-06 4.4606e+00 1.1952e+01 -2.0641e+01 2.2292e+01 -1.0000e-06 5.0000e-06 5.0004e+00 5.4691e+00 -5.3358e+00 1.2995e+01 -2.4272e-01 -4.9804e+00 9.1664e+01 -3.9915e+00 -6.7342e+01 -5.3481e+00 -1.0000e-06 -4.0000e-06 -7.3761e+01 -5.1567e+01 -1.1443e+02 -2.4329e+01 3.2200e-04 -9.0000e-06 8.2185e+00 8.8417e+00 -4.3223e+01 -2.2291e+01 -1.0800e-04 -4.0000e-06 3.3411e+01 5.2914e+00 3.1368e-01 -2.1925e+00 -6.4694e+00 -0.0000e+00 -1.7715e+02 -9.0748e+00 -4.6326e+00 3.9081e+01 -7.0000e-06 -1.2000e-05 -4.4297e-02 1.7097e-01 1.4525e+01 4.0985e+01 -6.0000e-06 -1.3000e-05 -3.6004e-01 4.6370e+00 -6.0812e+01 1.1754e+01 -0.0000e+00 3.0000e-06 -3.0000e-06 -3.7000e-05 -1.6579e+01 -2.1925e+00 6.4694e+00 -1.0000e-06 -1.7982e+02 1.2087e+01 1.7809e+02 -3.9081e+01 -2.2820e-03 -4.0193e-02 -1.5949e-02 9.4161e-02 1.1574e+01 -4.0985e+01 8.0000e-06 6.0000e-06 2.7121e+00 5.8443e+00 -6.0986e+01 -1.1754e+01 -6.0000e-06 -6.0000e-06 -6.8980e-03 -7.8789e-02 -1.9780e+01
0.0000e+00 0.0000e+00 0.0000e+00 0.0000e+00 0.0000e+00 -0.0000e+00 -1.1838e+00 9.3282e+01 -1.8132e+00 8.9038e+01 -1.7697e+00 -7.7573e-01 1.5736e+01 5.0000e-06 -1.0000e-06 1.0813e+02 8.7566e+01 -1.0829e+02 8.9846e+00 -4.0621e-01 -0.0000e+00 -3.1380e+00 1.5290e+00 -2.6813e-01 1.6377e+01 -1.0000e-06 -1.0000e-06 1.9489e+00 -3.4749e+00 6.4496e+00 6.4567e+00 -1.0000e-06 -0.0000e+00 5.4787e+00 -1.6279e+00 -5.5255e+00 1.2994e+01 -2.4272e-01 4.9804e+00 -8.9835e+01 -4.7785e-01 -7.0982e+01 5.3481e+00 -7.0000e-06 -1.0000e-06 -7.1708e+01 2.9005e+01 -7.7371e+00 2.4329e+01 1.9000e-05 5.0000e-06 4.5226e+00 1.2579e+01 -1.9961e+01 2.2292e+01 -1.0000e-06 5.0000e-06 4.8590e+00 5.4616e+00 -5.0597e+00 1.2995e+01 -2.4272e-01 -4.9804e+00 9.1828e+01 -4.3041e+00 -6.6967e+01 -5.3481e+00 -1.0000e-06 -4.0000e-06 -6.6241e+01 -5.3389e+01 -1.1336e+02 -2.4329e+01 3.2200e-04 -9.0000e-06 8.9790e+00 8.7803e+00 -4.5990e+01 -2.2291e+01 -1.0800e-04 -4.0000e-06 3.3724e+01 5.3332e+00 -8.7833e-01 -2.1925e+00 -6.4694e+00 -0.0000e+00 -1.7700e+02 -9.3575e+00 -4.5383e+00 3.9081e+01 -7.0000e-06 -1.2000e-05 -4.5442e-02 1.7583e-01 1.4491e+01 4.0985e+01 -6.0000e-06 -1.3000e-05 -4.8965e-01 4.3497e+00 -6.0858e+01 1.1754e+01 -0.0000e+00 3.0000e-06 -4.0000e-06 -6.0000e-05 -1.6580e+01 -2.1925e+00 6.4694e+00 -1.0000e-06 -1.7966e+02 1.1817e+01 1.7810e+02 -3.9081e+01 -2.2820e-03 -4.0193e-02 -1.4319e-02 8.6808e-02 1.1496e+01 -4.0985e+01 8.0000e-06 6.0000e-06 2.9319e+00 6.0765e+00 -6.0980e+01 -1.1754e+01 -6.0000e-06 -6.0000e-06 -6.3420e-03 -7.3909e-02 -1.9581e+01
0.0000e+00 0.0000e+00 0.0000e+00 0.0000e+00 0.0000e+00 -0.0000e+00 -1.2805e+00 9.3269e+01 -1.7633e+00 8.8970e+01 -2.3050e+00 -7.1999e-01 1.5736e+01 5.0000e-06 -1.0000e-06 1.0856e+02 8.7537e+01 -1.0869e+02 8.9846e+00 -4.0621e-01 -0.0000e+00 -3.0957e+00 1.5790e+00 -2.0947e-01 1.6377e+01 -1.0000e-06 -1.0000e-06 2.0117e+00 -3.6227e+00 6.7368e+00 6.4567e+00 -1.0000e-06 -0.0000e+00 5.6190e+00 -1.6213e+00 -5.5108e+00 1.2994e+01 -2.4272e-01 4.9804e+00 -8.9825e+01 -5.1045e-01 -7.1077e+01 5.3481e+00 -7.0000e-06 -1.0000e-06 -7.2059e+01 2.8850e+01 -7.3677e+00 2.4329e+01 1.9000e-05 5.0000e-06 4.5306e+00 1.3005e+01 -1.9399e+01 2.2292e+01 -1.0000e-06 5.0000e-06 4.8675e+00 5.4601e+00 -5.0023e+00 1.2995e+01 -2.4272e-01 -4.9804e+00 9.1952e+01 -4.5535e+00 -6.6769e+01 -5.3481e+00 -1.0000e-06 -4.0000e-06 -5.7891e+01 -5.5538e+01 -1.1057e+02 -2.4329e+01 3.2200e-04 -9.0000e-06 1.0367e+01 8.6135e+00 -5.0693e+01 -2.2291e+01 -1.0800e-04 -4.0000e-06 3.3004e+01 5.3739e+00 -2.1150e+00 -2.1925e+00 -6.4694e+00 -0.0000e+00 -1.7684e+02 -9.6481e+00 -4.4288e+00 3.9081e+01 -7.0000e-06 -1.2000e-05 -4.7443e-02 1.8203e-01 1.4608e+01 4.0985e+01 -6.0000e-06 -1.3000e-05 -5.9811e-01 4.1102e+00 -6.0986e+01 1.1754e+01 -0.0000e+00 3.0000e-06 -4.0000e-06 -5.6000e-05 -1.6580e+01 -2.1925e+00 6.4694e+00 -1.0000e-06 -1.7956e+02 1.1540e+01 1.7814e+02 -3.9081e+01 -2.2820e-03 -4.0193e-02 -1.4615e-02 8.7834e-02 1.1551e+01 -4.0985e+01 8.0000e-06 6.0000e-06 3.0012e+00 6.3233e+00 -6.1031e+01 -1.1754e+01 -6.0000e-06 -6.0000e-06 -6.5760e-03 -7.5983e-02 -1.9666e+01
0.0000e+00 0.0000e+00 0.0000e+00 0.0000e+00 0.0000e+00 -0.0000e+00 -1.3487e+00 9.3269e+01 -1.7201e+00 8.8901e+01 -2.8239e+00 -7.2913e-01 1.5736e+01 5.0000e-06 -1.0000e-06 1.0879e+02 8.7537e+01 -1.0887e+02 8.9846e+00 -4.0621e-01 -0.0000e+00 -3.1013e+00 1.5935e+00 -1.1210e-01 1.6377e+01 -1.0000e-06 -1.0000e-06 1.9950e+00 -3.7295e+00 6.9190e+00 6.4567e+00 -1.0000e-06 -0.0000e+00 5.8196e+00 -1.6119e+00 -5.6872e+00 1.2994e+01 -2.4272e-01 4.9804e+00 -8.9811e+01 -5.5539e-01 -7.1170e+01 5.3481e+00 -7.0000e-06 -1.0000e-06 -7.2579e+01 2.8599e+01 -6.9355e+00 2.4329e+01 1.9000e-05 5.0000e-06 4.5573e+00 1.3311e+01 -1.9095e+01 2.2292e+01 -1.0000e-06 5.0000e-06 4.7803e+00 5.4564e+00 -4.8684e+00 1.2995e+01 -2.4272e-01 -4.9804e+00 9.2092e+01 -4.8623e+00 -6.6684e+01 -5.3481e+00 -1.0000e-06 -4.0000e-06 -5.0259e+01 -5.7344e+01 -1.0745e+02 -2.4329e+01 3.2200e-04 -9.0000e-06 1.2170e+01 8.1716e+00 -5.6611e+01 -2.2291e+01 -1.0800e-04 -4.0000e-06 3.1432e+01 5.4366e+00 -4.1924e+00 -2.1925e+00 -6.4694e+00 -0.0000e+00 -1.7673e+02 -9.8886e+00 -4.3145e+00 3.9081e+01 -7.0000e-06 -1.2000e-05 -4.8432e-02 1.8605e-01 1.4591e+01 4.0985e+01 -6.0000e-06 -1.3000e-05 -6.8819e-01 3.8512e+00 -6.1056e+01 1.1754e+01 -0.0000e+00 3.0000e-06 -4.0000e-06 -5.4000e-05 -1.6580e+01 -2.1925e+00 6.4694e+00 -1.0000e-06 -1.7946e+02 1.1258e+01 1.7818e+02 -3.9081e+01 -2.2820e-03 -4.0193e-02 -1.3502e-02 8.3079e-02 1.1457e+01 -4.0985e+01 8.0000e-06 6.0000e-06 3.0738e+00 6.5397e+00 -6.0997e+01 -1.1754e+01 -6.0000e-06 -6.0000e-06 -6.2860e-03 -7.3411e-02 -1.9561e+01
0.0000e+00 0.0000e+00 0.0000e+00 0.0000e+00 0.0000e+00 -0.0000e+00 -1.3925e+00 9.3267e+01 -1.6934e+00 8.8866e+01 -3.2708e+00 -7.5294e-01 1.5736e+01 5.0000e-06 -1.0000e-06 1.0852e+02 8.7540e+01 -1.0856e+02 8.9846e+00 -4.0621e-01 -0.0000e+00 -3.1006e+00 1.5657e+00 -3.5235e-02 1.6377e+01 -1.0000e-06 -1.0000e-06 1.9887e+00 -3.8333e+00 7.0502e+00 6.4567e+00 -1.0000e-06 -0.0000e+00 5.8998e+00 -1.4961e+00 -5.9449e+00 1.2994e+01 -2.4272e-01 4.9804e+00 -8.9775e+01 -6.6214e-01 -7.1228e+01 5.3481e+00 -7.0000e-06 -1.0000e-06 -7.3203e+01 2.8403e+01 -6.5349e+00 2.4329e+01 1.9000e-05 5.0000e-06 4.5286e+00 1.3290e+01 -1.9012e+01 2.2292e+01 -1.0000e-06 5.0000e-06 4.8985e+00 5.4627e+00 -5.0994e+00 1.2995e+01 -2.4272e-01 -4.9804e+00 9.2220e+01 -5.0933e+00 -6.6414e+01 -5.3481e+00 -1.0000e-06 -4.0000e-06 -4.5669e+01 -5.7913e+01 -1.0639e+02 -2.4329e+01 3.2200e-04 -9.0000e-06 1.5082e+01 8.1355e+00 -6.2291e+01 -2.2291e+01 -1.0800e-04 -4.0000e-06 3.0869e+01 5.5125e+00 -7.0409e+00 -2.1925e+00 -6.4694e+00 -0.0000e+00 -1.7668e+02 -1.0079e+01 -4.2540e+00 3.9081e+01 -7.0000e-06 -1.2000e-05 -4.7774e-02 1.8365e-01 1.4581e+01 4.0985e+01 -6.0000e-06 -1.3000e-05 -7.5105e-01 3.6017e+00 -6.1102e+01 1.1754e+01 -0.0000e+00 3.0000e-06 -4.0000e-06 -6.3000e-05 -1.6580e+01 -2.1925e+00 6.4694e+00 -1.0000e-06 -1.7940e+02 1.0966e+01 1.7814e+02 -3.9081e+01 -2.2820e-03 -4.0193e-02 -1.3170e-02 8.1364e-02 1.1468e+01 -4.0985e+01 8.0000e-06 6.0000e-06 3.1771e+00 6.6936e+00 -6.1005e+01 -1.1754e+01 -6.0000e-06 -6.0000e-06 -6.4880e-03 -7.5209e-02 -1.9634e+01
0.0000e+00 0.0000e+00 0.0000e+00 0.0000e+00 0.0000e+00 -0.0000e+00 -1.4116e+00 9.3275e+01 -1.6839e+00 8.8806e+01 -3.6154e+00 -8.2648e-01 1.5736e+01 5.0000e-06 -1.0000e-06 1.0859e+02 8.7547e+01 -1.0859e+02 8.9846e+00 -4.0621e-01 -0.0000e+00 -3.1168e+00 1.5631e+00 5.2707e-02 1.6377e+01 -1.0000e-06 -1.0000e-06 1.9671e+00 -3.9060e+00 7.1764e+00 6.4567e+00 -1.0000e-06 -0.0000e+00 5.8533e+00 -1.4233e+00 -6.2568e+00 1.2994e+01 -2.4272e-01 4.9804e+00 -8.9746e+01 -7.5353e-01 -7.1377e+01 5.3481e+00 -7.0000e-06 -1.0000e-06 -7.3757e+01 2.8466e+01 -6.2358e+00 2.4329e+01 1.9000e-05 5.0000e-06 4.5362e+00 1.3093e+01 -1.9302e+01 2.2292e+01 -1.0000e-06 5.0000e-06 4.8363e+00 5.4621e+00 -5.0753e+00 1.2995e+01 -2.4272e-01 -4.9804e+00 9.2314e+01 -5.2415e+00 -6.6139e+01 -5.3481e+00 -1.0000e-06 -4.0000e-06 -4.4502e+01 -5.7663e+01 -1.0767e+02 -2.4329e+01 3.2200e-04 -9.0000e-06 1.7841e+01 8.3182e+00 -6.5796e+01 -2.2291e+01 -1.0800e-04 -4.0000e-06 3.2339e+01 5.5824e+00 -1.0314e+01 -2.1925e+00 -6.4694e+00 -0.0000e+00 -1.7662e+02 -1.0261e+01 -4.2345e+00 3.9081e+01 -7.0000e-06 -1.2000e-05 -4.8552e-02 1.8751e-01 1.4516e+01 4.0985e+01 -6.0000e-06 -1.3000e-05 -7.9474e-01 3.4443e+00 -6.1107e+01 1.1754e+01 -0.0000e+00 3.0000e-06 -4.0000e-06 -6.0000e-05 -1.6580e+01 -2.1925e+00 6.4694e+00 -1.0000e-06 -1.7929e+02 1.0726e+01 1.7811e+02 -3.9081e+01 -2.2820e-03 -4.0193e-02 -1.1468e-02 7.3783e-02 1.1346e+01 -4.0985e+01 8.0000e-06 6.0000e-06 3.3454e+00 6.7636e+00 -6.0953e+01 -1.1754e+01 -6.0000e-06 -6.0000e-06 -6.3860e-03 -7.4304e-02 -1.9598e+01
0.0000e+00 0.0000e+00 0.0000e+00 0.0000e+00 0.0000e+00 -0.0000e+00 -1.4057e+00 9.3265e+01 -1.6685e+00 8.8773e+01 -3.8995e+00 -8.0442e-01 1.5736e+01 5.0000e-06 -1.0000e-06 1.0894e+02 8.7512e+01 -1.0892e+02 8.9846e+00 -4.0621e-01 -0.0000e+00 -3.0603e+00 1.6122e+00 8.0287e-02 1.6377e+01 -1.0000e-06 -1.0000e-06 1.9384e+00 -3.9204e+00 7.2878e+00 6.4567e+00 -1.0000e-06 -0.0000e+00 5.7953e+00 -1.3884e+00 -6.4089e+00 1.2994e+01 -2.4272e-01 4.9804e+00 -8.9712e+01 -8.6059e-01 -7.1492e+01 5.3481e+00 -7.0000e-06 -1.0000e-06 -7.4194e+01 2.8928e+01 -6.1701e+00 2.4329e+01 1.9000e-05 5.0000e-06 4.4911e+00 1.2644e+01 -1.9739e+01 2.2292e+01 -1.0000e-06 5.0000e-06 4.7647e+00 5.4658e+00 -5.2152e+00 1.2995e+01 -2.4272e-01 -4.9804e+00 9.2370e+01 -5.3556e+00 -6.6085e+01 -5.3481e+00 -1.0000e-06 -4.0000e-06 -4.6392e+01 -5.6953e+01 -1.1061e+02 -2.4329e+01 3.2200e-04 -9.0000e-06 1.6855e+01 7.9370e+00 -6.5497e+01 -2.2291e+01 -1.0800e-04 -4.0000e-06 3.3685e+01 5.6268e+00 -1.3084e+01 -2.1925e+00 -6.4694e+00 -0.0000e+00 -1.7659e+02 -1.0439e+01 -4.2209e+00 3.9081e+01 -7.0000e-06 -1.2000e-05 -4.8653e-02 1.8624e-01 1.4640e+01 4.0985e+01 -6.0000e-06 -1.3000e-05 -7.9814e-01 3.3286e+00 -6.1206e+01 1.1754e+01 -0.0000e+00 3.0000e-06 -3.0000e-06 -4.8000e-05 -1.6579e+01 -2.1925e+00 6.4694e+00 -1.0000e-06 -1.7929e+02 1.0595e+01 1.7808e+02 -3.9081e+01 -2.2820e-03 -4.0193e-02 -1.2250e-02 7.7062e-02 1.1434e+01 -4.0985e+01 8.0000e-06 6.0000e-06 3.2974e+00 6.9324e+00 -6.0983e+01 -1.1754e+01 -6.0000e-06 -6.0000e-06 -6.5380e-03 -7.5647e-02 -1.9652e+01
0.0000e+00 0.0000e+00 0.0000e+00 0.0000e+00 0.0000e+00 -0.0000e+00 -1.3702e+00 9.3274e+01 -1.6558e+00 8.8764e+01 -4.0380e+00 -8.4578e-01 1.5736e+01 5.0000e-06 -1.0000e-06 1.1078e+02 8.7477e+01 -1.1080e+02 8.9846e+00 -4.0621e-01 -0.0000e+00 -3.0490e+00 1.7913e+00 1.2575e-02 1.6377e+01 -1.0000e-06 -1.0000e-06 1.8452e+00 -3.9916e+00 7.3941e+00 6.4567e+00 -1.0000e-06 -0.0000e+00 5.7987e+00 -1.4830e+00 -6.3217e+00 1.2994e+01 -2.4272e-01 4.9804e+00 -8.9687e+01 -9.4077e-01 -7.1589e+01 5.3481e+00 -7.0000e-06 -1.0000e-06 -7.4360e+01 2.9686e+01 -6.5354e+00 2.4329e+01 1.9000e-05 5.0000e-06 4.5431e+00 1.2440e+01 -2.0246e+01 2.2292e+01 -1.0000e-06 5.0000e-06 4.6740e+00 5.4699e+00 -5.3673e+00 1.2995e+01 -2.4272e-01 -4.9804e+00 9.2462e+01 -5.5675e+00 -6.6103e+01 -5.3481e+00 -1.0000e-06 -4.0000e-06 -5.0650e+01 -5.6178e+01 -1.1407e+02 -2.4329e+01 3.2200e-04 -9.0000e-06 1.4412e+01 7.9915e+00 -6.1585e+01 -2.2291e+01 -1.0800e-04 -4.0000e-06 3.3906e+01 5.6335e+00 -1.3597e+01 -2.1925e+00 -6.4694e+00 -0.0000e+00 -1.7662e+02 -1.0461e+01 -4.1826e+00 3.9081e+01 -7.0000e-06 -1.2000e-05 -4.7868e-02 1.8455e-01 1.4540e+01 4.0985e+01 -6.0000e-06 -1.3000e-05 -7.9073e-01 3.2105e+00 -6.1185e+01 1.1754e+01 -0.0000e+00 3.0000e-06 -4.0000e-06 -6.1000e-05 -1.6580e+01 -2.1925e+00 6.4694e+00 -1.0000e-06 -1.7930e+02 1.0576e+01 1.7809e+02 -3.9081e+01 -2.2820e-03 -4.0193e-02 -1.1421e-02 7.3654e-02 1.1330e+01 -4.0985e+01 8.0000e-06 6.0000e-06 3.3451e+00 7.0347e+00 -6.0935e+01 -1.1754e+01 -6.0000e-06 -6.0000e-06 -6.2150e-03 -7.2776e-02 -1.9535e+01
0.0000e+00 0.0000e+00 0.0000e+00 0.0000e+00 0.0000e+00 -0.0000e+00 -1.3129e+00 9.3287e+01 -1.6315e+00 8.8743e+01 -3.9322e+00 -9.0613e-01 1.5736e+01 5.0000e-06 -1.0000e-06 1.1295e+02 8.7445e+01 -1.1306e+02 8.9846e+00 -4.0621e-01 -0.0000e+00 -3.0596e+00 2.0017e+00 -1.6643e-01 1.6377e+01 -1.0000e-06 -1.0000e-06 1.8044e+00 -4.0791e+00 7.4882e+00 6.4567e+00 -1.0000e-06 -0.0000e+00 5.6685e+00 -1.6931e+00 -5.9726e+00 1.2994e+01 -2.4272e-01 4.9804e+00 -8.9682e+01 -9.5517e-01 -7.1599e+01 5.3481e+00 -7.0000e-06 -1.0000e-06 -7.4210e+01 3.0478e+01 -7.1879e+00 2.4329e+01 1.9000e-05 5.0000e-06 4.5752e+00 1.2082e+01 -2.0922e+01 2.2292e+01 -1.0000e-06 5.0000e-06 4.5448e+00 5.4763e+00 -5.6064e+00 1.2995e+01 -2.4272e-01 -4.9804e+00 9.2574e+01 -5.8421e+00 -6.6174e+01 -5.3481e+00 -1.0000e-06 -4.0000e-06 -5.6163e+01 -5.5864e+01 -1.1720e+02 -2.4329e+01 3.2200e-04 -9.0000e-06 1.1771e+01 8.4559e+00 -5.4785e+01 -2.2291e+01 -1.0800e-04 -4.0000e-06 3.3221e+01 5.6201e+00 -1.2609e+01 -2.1925e+00 -6.4694e+00 -0.0000e+00 -1.7665e+02 -1.0265e+01 -4.1988e+00 3.9081e+01 -7.0000e-06 -1.2000e-05 -4.7606e-02 1.8496e-01 1.4433e+01 4.0985e+01 -6.0000e-06 -1.3000e-05 -7.6999e-01 3.1368e+00 -6.1136e+01 1.1754e+01 -0.0000e+00 3.0000e-06 -3.0000e-06 -4.8000e-05 -1.6579e+01 -2.1925e+00 6.4694e+00 -1.0000e-06 -1.7928e+02 1.0690e+01 1.7813e+02 -3.9081e+01 -2.2820e-03 -4.0193e-02 -8.7440e-03 6.1139e-02 1.1178e+01 -4.0985e+01 8.0000e-06 6.0000e-06 3.5698e+00 7.0201e+00 -6.0916e+01 -1.1754e+01 -6.0000e-06 -6.0000e-06 -6.4400e-03 -7.4780e-02 -1.9617e+01
0.0000e+00 0.0000e+00 0.0000e+00 0.0000e+00 0.0000e+00 -0.0000e+00 -1.2525e+00 9.3300e+01 -1.6268e+00 8.8712e+01 -3.6016e+00 -1.0829e+00 1.5736e+01 5.0000e-06 -1.0000e-06 1.1496e+02 8.7473e+01 -1.1518e+02 8.9846e+00 -4.0621e-01 -0.0000e+00 -3.1810e+00 2.1523e+00 -3.7894e-01 1.6377e+01 -1.0000e-06 -1.0000e-06 1.8172e+00 -4.0733e+00 7.3709e+00 6.4567e+00 -1.0000e-06 -0.0000e+00 5.5436e+00 -1.8987e+00 -5.5469e+00 1.2994e+01 -2.4272e-01 4.9804e+00 -8.9713e+01 -8.6000e-01 -7.1558e+01 5.3481e+00 -7.0000e-06 -1.0000e-06 -7.3875e+01 3.1120e+01 -7.8114e+00 2.4329e+01 1.9000e-05 5.0000e-06 4.5708e+00 1.1466e+01 -2.1909e+01 2.2292e+01 -1.0000e-06 5.0000e-06 4.4790e+00 5.4790e+00 -5.7100e+00 1.2995e+01 -2.4272e-01 -4.9804e+00 9.2742e+01 -6.2560e+00 -6.6272e+01 -5.3481e+00 -1.0000e-06 -4.0000e-06 -6.2486e+01 -5.5915e+01 -1.2016e+02 -2.4329e+01 3.2200e-04 -9.0000e-06 8.9437e+00 8.7056e+00 -4.6112e+01 -2.2291e+01 -1.0800e-04 -4.0000e-06 3.1346e+01 5.5941e+00 -1.0962e+01 -2.1925e+00 -6.4694e+00 -0.0000e+00 -1.7669e+02 -1.0095e+01 -4.4049e+00 3.9081e+01 -7.0000e-06 -1.2000e-05 -4.7068e-02 1.8351e-01 1.4385e+01 4.0985e+01 -6.0000e-06 -1.3000e-05 -7.1235e-01 3.2473e+00 -6.1083e+01 1.1754e+01 -0.0000e+00 3.0000e-06 -4.0000e-06 -6.3000e-05 -1.6580e+01 -2.1925e+00 6.4694e+00 -1.0000e-06 -1.7922e+02 1.0854e+01 1.7807e+02 -3.9081e+01 -2.2820e-03 -4.0193e-02 -6.1120e-03 4.8718e-02 1.0976e+01 -4.0985e+01 8.0000e-06 6.0000e-06 3.6983e+00 6.8385e+00 -6.0851e+01 -1.1754e+01 -6.0000e-06 -6.0000e-06 -6.5050e-03 -7.5358e-02 -1.9640e+01
0.0000e+00 0.0000e+00 0.0000e+00 0.0000e+00 0.0000e+00 -0.0000e+00 -1.1745e+00 9.3314e+01 -1.5764e+00 8.8742e+01 -3.1753e+00 -1.1906e+00 1.5736e+01 5.0000e-06 -1.0000e-06 1.1572e+02 8.7499e+01 -1.1607e+02 8.9846e+00 -4.0621e-01 -0.0000e+00 -3.2541e+00 2.2033e+00 -6.4134e-01 1.6377e+01 -1.0000e-06 -1.0000e-06 1.8000e+00 -4.0235e+00 7.2146e+00 6.4567e+00 -1.0000e-06 -0.0000e+00 5.4455e+00 -1.9970e+00 -5.5034e+00 1.2994e+01 -2.4272e-01 4.9804e+00 -8.9758e+01 -7.1987e-01 -7.1452e+01 5.3481e+00 -7.0000e-06 -1.0000e-06 -7.3378e+01 3.1617e+01 -8.4167e+00 2.4329e+01 1.9000e-05 5.0000e-06 4.5922e+00 1.0889e+01 -2.3035e+01 2.2292e+01 -1.0000e-06 5.0000e-06 4.7456e+00 5.4876e+00 -6.0411e+00 1.2995e+01 -2.4272e-01 -4.9804e+00 9.2909e+01 -6.7125e+00 -6.6501e+01 -5.3481e+00 -1.0000e-06 -4.0000e-06 -6.9113e+01 -5.6179e+01 -1.2289e+02 -2.4329e+01 3.2200e-04 -9.0000e-06 6.4462e+00 8.5579e+00 -3.7205e+01 -2.2291e+01 -1.0800e-04 -4.0000e-06 2.9064e+01 5.5301e+00 -7.7593e+00 -2.1925e+00 -6.4694e+00 -0.0000e+00 -1.7678e+02 -9.9056e+00 -4.4469e+00 3.9081e+01 -7.0000e-06 -1.2000e-05 -4.5734e-02 1.8066e-01 1.4206e+01 4.0985e+01 -6.0000e-06 -1.3000e-05 -6.2705e-01 3.4854e+00 -6.1004e+01 1.1754e+01 -0.0000e+00 3.0000e-06 -4.0000e-06 -5.9000e-05 -1.6580e+01 -2.1925e+00 6.4694e+00 -1.0000e-06 -1.7924e+02 1.1063e+01 1.7810e+02 -3.9081e+01 -2.2820e-03 -4.0193e-02 -3.5690e-03 3.6172e-02 1.0809e+01 -4.0985e+01 8.0000e-06 6.0000e-06 3.8910e+00 6.5826e+00 -6.0852e+01 -1.1754e+01 -6.0000e-06 -6.0000e-06 -6.6360e-03 -7.6507e-02 -1.9687e+01
0.0000e+00 0.0000e+00 0.0000e+00 0.0000e+00 0.0000e+00 -0.0000e+00 -1.1007e+00 9.3322e+01 -1.5140e+00 8.8759e+01 -2.7480e+00 -1.2845e+00 1.5736e+01 5.0000e-06 -1.0000e-06 1.1586e+02 8.7525e+01 -1.1633e+02 8.9846e+00 -4.0621e-01 -0.0000e+00 -3.3044e+00 2.2029e+00 -8.7359e-01 1.6377e+01 -1.0000e-06 -1.0000e-06 1.8072e+00 -3.8826e+00 6.9343e+00 6.4567e+00 -1.0000e-06 -0.0000e+00 5.4090e+00 -1.9874e+00 -5.6083e+00 1.2994e+01 -2.4272e-01 4.9804e+00 -8.9785e+01 -6.3797e-01 -7.1400e+01 5.3481e+00 -7.0000e-06 -1.0000e-06 -7.2950e+01 3.1908e+01 -8.9213e+00 2.4329e+01 1.9000e-05 5.0000e-06 4.5299e+00 1.0208e+01 -2.4087e+01 2.2292e+01 -1.0000e-06 5.0000e-06 4.5596e+00 5.4908e+00 -6.1688e+00 1.2995e+01 -2.4272e-01 -4.9804e+00 9.2985e+01 -6.9973e+00 -6.6829e+01 -5.3481e+00 -1.0000e-06 -4.0000e-06 -7.5808e+01 -5.6509e+01 -1.2553e+02 -2.4329e+01 3.2200e-04 -9.0000e-06 4.4507e+00 8.0292e+00 -2.9127e+01 -2.2291e+01 -1.0800e-04 -4.0000e-06 2.7497e+01 5.4454e+00 -4.4647e+00 -2.1925e+00 -6.4694e+00 -0.0000e+00 -1.7685e+02 -9.7021e+00 -4.5075e+00 3.9081e+01 -7.0000e-06 -1.2000e-05 -4.5119e-02 1.7951e-01 1.4108e+01 4.0985e+01 -6.0000e-06 -1.3000e-05 -5.4927e-01 3.7281e+00 -6.0971e+01 1.1754e+01 -0.0000e+00 3.0000e-06 -4.0000e-06 -6.0000e-05 -1.6580e+01 -2.1925e+00 6.4694e+00 -1.0000e-06 -1.7925e+02 1.1284e+01 1.7815e+02 -3.9081e+01 -2.2820e-03 -4.0193e-02 -1.4720e-03 2.5540e-02 1.0665e+01 -4.0985e+01 8.0000e-06 6.0000e-06 3.9729e+00 6.3370e+00 -6.0849e+01 -1.1754e+01 -6.0000e-06 -6.0000e-06 -6.6130e-03 -7.6307e-02 -1.9679e+01
0.0000e+00 0.0000e+00 0.0000e+00 0.0000e+00 0.0000e+00 -0.0000e+00 -1.0376e+00 9.3319e+01 -1.4435e+00 8.8780e+01 -2.3271e+00 -1.2620e+00 1.5736e+01 5.0000e-06 -1.0000e-06 1.1588e+02 8.7524e+01 -1.1647e+02 8.9846e+00 -4.0621e-01 -0.0000e+00 -3.2996e+00 2.2178e+00 -1.1242e+00 1.6377e+01 -1.0000e-06 -1.0000e-06 1.8652e+00 -3.7195e+00 6.6995e+00 6.4567e+00 -1.0000e-06 -0.0000e+00 5.4077e+00 -1.9714e+00 -5.7683e+00 1.2994e+01 -2.4272e-01 4.9804e+00 -8.9778e+01 -6.5836e-01 -7.1355e+01 5.3481e+00 -7.0000e-06 -1.0000e-06 -7.2503e+01 3.2273e+01 -9.5265e+00 2.4329e+01 1.9000e-05 5.0000e-06 4.5161e+00 9.8640e+00 -2.4752e+01 2.2292e+01 -1.0000e-06 5.0000e-06 4.5858e+00 5.4942e+00 -6.3012e+00 1.2995e+01 -2.4272e-01 -4.9804e+00 9.2958e+01 -6.9931e+00 -6.7002e+01 -5.3481e+00 -1.0000e-06 -4.0000e-06 -8.2876e+01 -5.6116e+01 -1.2838e+02 -2.4329e+01 3.2200e-04 -9.0000e-06 3.2037e+00 7.7519e+00 -2.2539e+01 -2.2291e+01 -1.0800e-04 -4.0000e-06 2.7738e+01 5.3466e+00 -1.2973e+00 -2.1925e+00 -6.4694e+00 -0.0000e+00 -1.7689e+02 -9.5598e+00 -4.4957e+00 3.9081e+01 -7.0000e-06 -1.2000e-05 -4.5156e-02 1.7956e-01 1.4116e+01 4.0985e+01 -6.0000e-06 -1.3000e-05 -4.7207e-01 3.9897e+00 -6.0994e+01 1.1754e+01 -0.0000e+00 3.0000e-06 -5.0000e-06 -7.3000e-05 -1.6580e+01 -2.1925e+00 6.4694e+00 -1.0000e-06 -1.7931e+02 1.1573e+01 1.7824e+02 -3.9081e+01 -2.2820e-03 -4.0193e-02 -4.8300e-04 2.0278e-02 1.0669e+01 -4.0985e+01 8.0000e-06 6.0000e-06 4.0928e+00 6.1770e+00 -6.0939e+01 -1.1754e+01 -6.0000e-06 -6.0000e-06 -6.7730e-03 -7.7701e-02 -1.9736e+01
0.0000e+00 0.0000e+00 0.0000e+00 0.0000e+00 0.0000e+00 -0.0000e+00 -9.9509e-01 9.3314e+01 -1.3700e+00 8.8832e+01 -1.9623e+00 -1.2488e+00 1.5736e+01 5.0000e-06 -1.0000e-06 1.1502e+02 8.7551e+01 -1.1573e+02 8.9846e+00 -4.0621e-01 -0.0000e+00 -3.3154e+00 2.1390e+00 -1.3700e+00 1.6377e+01 -1.0000e-06 -1.0000e-06 1.9551e+00 -3.5428e+00 6.4667e+00 6.4567e+00 -1.0000e-06 -0.0000e+00 5.5047e+00 -1.8231e+00 -5.9006e+00 1.2994e+01 -2.4272e-01 4.9804e+00 -8.9770e+01 -6.7590e-01 -7.1238e+01 5.3481e+00 -7.0000e-06 -1.0000e-06 -7.1989e+01 3.2615e+01 -1.0115e+01 2.4329e+01 1.9000e-05 5.0000e-06 4.6085e+00 9.9225e+00 -2.5069e+01 2.2292e+01 -1.0000e-06 5.0000e-06 4.6557e+00 5.4970e+00 -6.4138e+00 1.2995e+01 -2.4272e-01 -4.9804e+00 9.2894e+01 -6.8331e+00 -6.6978e+01 -5.3481e+00 -1.0000e-06 -4.0000e-06 -9.0192e+01 -5.4263e+01 -1.3116e+02 -2.4329e+01 3.2200e-04 -9.0000e-06 2.3945e+00 7.1412e+00 -1.8599e+01 -2.2291e+01 -1.0800e-04 -4.0000e-06 3.0265e+01 5.2040e+00 2.5609e+00 -2.1925e+00 -6.4694e+00 -0.0000e+00 -1.7696e+02 -9.3172e+00 -4.4724e+00 3.9081e+01 -7.0000e-06 -1.2000e-05 -4.4966e-02 1.7900e-01 1.4101e+01 4.0985e+01 -6.0000e-06 -1.3000e-05 -4.2699e-01 4.1129e+00 -6.1014e+01 1.1754e+01 -0.0000e+00 3.0000e-06 -6.0000e-06 -7.9000e-05 -1.6581e+01 -2.1925e+00 6.4694e+00 -1.0000e-06 -1.7940e+02 1.1891e+01 1.7832e+02 -3.9081e+01 -2.2820e-03 -4.0193e-02 -8.8900e-04 2.2386e-02 1.0693e+01 -4.0985e+01 8.0000e-06 6.0000e-06 4.0188e+00 6.1286e+00 -6.1015e+01 -1.1754e+01 -6.0000e-06 -6.0000e-06 -6.5230e-03 -7.5518e-02 -1.9647e+01
0.0000e+00 0.0000e+00 0.0000e+00 0.0000e+00 0.0000e+00 -0.0000e+00 -9.6490e-01 9.3304e+01 -1.2782e+00 8.8885e+01 -1.6577e+00 -1.1730e+00 1.5736e+01 5.0000e-06 -1.0000e-06 1.1381e+02 8.7587e+01 -1.1463e+02 8.9846e+00 -4.0621e-01 -0.0000e+00 -3.3369e+00 2.0267e+00 -1.5861e+00 1.6377e+01 -1.0000e-06 -1.0000e-06 2.1401e+00 -3.4030e+00 6.2817e+00 6.4567e+00 -1.0000e-06 -0.0000e+00 5.7221e+00 -1.7228e+00 -5.9235e+00 1.2994e+01 -2.4272e-01 4.9804e+00 -8.9748e+01 -7.4460e-01 -7.1264e+01 5.3481e+00 -7.0000e-06 -1.0000e-06 -7.1653e+01 3.2711e+01 -1.0463e+01 2.4329e+01 1.9000e-05 5.0000e-06 4.5727e+00 9.8766e+00 -2.4998e+01 2.2292e+01 -1.0000e-06 5.0000e-06 4.6815e+00 5.4954e+00 -6.3491e+00 1.2995e+01 -2.4272e-01 -4.9804e+00 9.2787e+01 -6.5207e+00 -6.6794e+01 -5.3481e+00 -1.0000e-06 -4.0000e-06 -9.6079e+01 -5.1771e+01 -1.3268e+02 -2.4329e+01 3.2200e-04 -9.0000e-06 2.1419e+00 6.7577e+00 -1.7640e+01 -2.2291e+01 -1.0800e-04 -4.0000e-06 3.3806e+01 5.0037e+00 7.1893e+00 -2.1925e+00 -6.4694e+00 -0.0000e+00 -1.7701e+02 -9.1267e+00 -4.3819e+00 3.9081e+01 -7.0000e-06 -1.2000e-05 -4.4180e-02 1.7573e-01 1.4112e+01 4.0985e+01 -6.0000e-06 -1.3000e-05 -3.8934e-01 4.2187e+00 -6.1057e+01 1.1754e+01 -0.0000e+00 3.0000e-06 -5.0000e-06 -6.5000e-05 -1.6580e+01 -2.1925e+00 6.4694e+00 -1.0000e-06 -1.7950e+02 1.2075e+01 1.7846e+02 -3.9081e+01 -2.2820e-03 -4.0193e-02 -1.0670e-03 2.3232e-02 1.0735e+01 -4.0985e+01 8.0000e-06 6.0000e-06 3.9225e+00 5.9908e+00 -6.1107e+01 -1.1754e+01 -6.0000e-06 -6.0000e-06 -6.5200e-03 -7.5492e-02 -1.9646e+01
0.0000e+00 0.0000e+00 0.0000e+00 0.0000e+00 0.0000e+00 -0.0000e+00 -9.5533e-01 9.3285e+01 -1.1934e+00 8.8895e+01 -1.4107e+00 -1.1435e+00 1.5736e+01 5.0000e-06 -1.0000e-06 1.1200e+02 8.7648e+01 -1.1286e+02 8.9846e+00 -4.0621e-01 -0.0000e+00 -3.3906e+00 1.8453e+00 -1.6760e+00 1.6377e+01 -1.0000e-06 -1.0000e-06 2.2365e+00 -3.3047e+00 6.1103e+00 6.4567e+00 -1.0000e-06 -0.0000e+00 6.0979e+00 -1.6383e+00 -5.9672e+00 1.2994e+01 -2.4272e-01 4.9804e+00 -8.9719e+01 -8.3231e-01 -7.1330e+01 5.3481e+00 -7.0000e-06 -1.0000e-06 -7.1486e+01 3.2548e+01 -1.0653e+01 2.4329e+01 1.9000e-05 5.0000e-06 4.5294e+00 9.9905e+00 -2.4543e+01 2.2292e+01 -1.0000e-06 5.0000e-06 4.6749e+00 5.4921e+00 -6.2172e+00 1.2995e+01 -2.4272e-01 -4.9804e+00 9.2599e+01 -6.0538e+00 -6.6715e+01 -5.3481e+00 -1.0000e-06 -4.0000e-06 -9.7935e+01 -5.0819e+01 -1.3220e+02 -2.4329e+01 3.2200e-04 -9.0000e-06 1.6495e+00 5.2742e+00 -1.7405e+01 -2.2291e+01 -1.0800e-04 -4.0000e-06 3.7161e+01 4.8823e+00 9.7181e+00 -2.1925e+00 -6.4694e+00 -0.0000e+00 -1.7701e+02 -8.9724e+00 -4.4039e+00 3.9081e+01 -7.0000e-06 -1.2000e-05 -4.5468e-02 1.7867e-01 1.4277e+01 4.0985e+01 -6.0000e-06 -1.3000e-05 -3.6745e-01 4.3277e+00 -6.1184e+01 1.1754e+01 -0.0000e+00 3.0000e-06 -5.0000e-06 -6.7000e-05 -1.6580e+01 -2.1925e+00 6.4694e+00 -1.0000e-06 -1.7953e+02 1.2127e+01 1.7851e+02 -3.9081e+01 -2.2820e-03 -4.0193e-02 -2.2250e-03 2.8979e-02 1.0866e+01 -4.0985e+01 8.0000e-06 6.0000e-06 3.8183e+00 5.8110e+00 -6.1229e+01 -1.1754e+01 -6.0000e-06 -6.0000e-06 -6.8840e-03 -7.8661e-02 -1.9775e+01
0.0000e+00 0.0000e+00 0.0000e+00 0.0000e+00 0.0000e+00 -0.0000e+00 -9.5182e-01 9.3260e+01 -1.1134e+00 8.8903e+01 -1.3176e+00 -1.0392e+00 1.5736e+01 5.0000e-06 -1.0000e-06 1.0966e+02 8.7686e+01 -1.1049e+02 8.9846e+00 -4.0621e-01 -0.0000e+00 -3.3949e+00 1.6377e+00 -1.6272e+00 1.6377e+01 -1.0000e-06 -1.0000e-06 2.3409e+00 -3.2326e+00 6.0009e+00 6.4567e+00 -1.0000e-06 -0.0000e+00 6.3693e+00 -1.5187e+00 -6.1935e+00 1.2994e+01 -2.4272e-01 4.9804e+00 -8.9695e+01 -9.0407e-01 -7.1368e+01 5.3481e+00 -7.0000e-06 -1.0000e-06 -7.1402e+01 3.2317e+01 -1.0731e+01 2.4329e+01 1.9000e-05 5.0000e-06 4.5450e+00 1.0383e+01 -2.3802e+01 2.2292e+01 -1.0000e-06 5.0000e-06 4.6091e+00 5.4891e+00 -6.1019e+00 1.2995e+01 -2.4272e-01 -4.9804e+00 9.2496e+01 -5.7943e+00 -6.6651e+01 -5.3481e+00 -1.0000e-06 -4.0000e-06 -9.7152e+01 -5.0571e+01 -1.3064e+02 -2.4329e+01 3.2200e-04 -9.0000e-06 1.6044e+00 4.8604e+00 -1.8305e+01 -2.2291e+01 -1.0800e-04 -4.0000e-06 3.7818e+01 4.8433e+00 1.0492e+01 -2.1925e+00 -6.4694e+00 -0.0000e+00 -1.7700e+02 -8.9140e+00 -4.3545e+00 3.9081e+01 -7.0000e-06 -1.2000e-05 -4.6231e-02 1.7885e-01 1.4493e+01 4.0985e+01 -6.0000e-06 -1.3000e-05 -3.4899e-01 4.3637e+00 -6.1348e+01 1.1754e+01 -0.0000e+00 3.0000e-06 -6.0000e-06 -7.8000e-05 -1.6581e+01 -2.1925e+00 6.4694e+00 -1.0000e-06 -1.7961e+02 1.2178e+01 1.7859e+02 -3.9081e+01 -2.2820e-03 -4.0193e-02 -4.7660e-03 4.1487e-02 1.1052e+01 -4.0985e+01 8.0000e-06 6.0000e-06 3.6066e+00 5.7934e+00 -6.1358e+01 -1.1754e+01 -6.0000e-06 -6.0000e-06 -6.7450e-03 -7.7456e-02 -1.9726e+01
0.0000e+00 0.0000e+00 0.0000e+00 0.0000e+00 0.0000e+00 -0.0000e+00 -9.3780e-01 9.3249e+01 -1.0453e+00 8.8940e+01 -1.3829e+00 -9.3584e-01 1.5736e+01 5.0000e-06 -1.0000e-06 1.0858e+02 8.7696e+01 -1.0937e+02 8.9846e+00 -4.0621e-01 -0.0000e+00 -3.3868e+00 1.5444e+00 -1.5358e+00 1.6377e+01 -1.0000e-06 -1.0000e-06 2.4048e+00 -3.2237e+00 5.9717e+00 6.4567e+00 -1.0000e-06 -0.0000e+00 6.5876e+00 -1.4811e+00 -6.3428e+00 1.2994e+01 -2.4272e-01 4.9804e+00 -8.9667e+01 -9.9072e-01 -7.1436e+01 5.3481e+00 -7.0000e-06 -1.0000e-06 -7.1284e+01 3.2201e+01 -1.0785e+01 2.4329e+01 1.9000e-05 5.0000e-06 4.5485e+00 1.0827e+01 -2.2953e+01 2.2292e+01 -1.0000e-06 5.0000e-06 4.7777e+00 5.4845e+00 -5.9201e+00 1.2995e+01 -2.4272e-01 -4.9804e+00 9.2467e+01 -5.7142e+00 -6.6598e+01 -5.3481e+00 -1.0000e-06 -4.0000e-06 -9.3953e+01 -5.1184e+01 -1.2832e+02 -2.4329e+01 3.2200e-04 -9.0000e-06 1.5783e+00 4.3162e+00 -2.0123e+01 -2.2291e+01 -1.0800e-04 -4.0000e-06 3.6334e+01 4.8460e+00 1.0437e+01 -2.1925e+00 -6.4694e+00 -0.0000e+00 -1.7702e+02 -8.9166e+00 -4.1996e+00 3.9081e+01 -7.0000e-06 -1.2000e-05 -4.7074e-02 1.8188e-01 1.4511e+01 4.0985e+01 -6.0000e-06 -1.3000e-05 -3.5305e-01 4.3157e+00 -6.1415e+01 1.1754e+01 -0.0000e+00 3.0000e-06 -4.0000e-06 -5.8000e-05 -1.6580e+01 -2.1925e+00 6.4694e+00 -1.0000e-06 -1.7970e+02 1.2116e+01 1.7868e+02 -3.9081e+01 -2.2820e-03 -4.0193e-02 -5.5820e-03 4.5174e-02 1.1169e+01 -4.0985e+01 8.0000e-06 6.0000e-06 3.5218e+00 5.7826e+00 -6.1447e+01 -1.1754e+01 -6.0000e-06 -6.0000e-06 -6.5810e-03 -7.6026e-02 -1.9668e+01
0.0000e+00 0.0000e+00 0.0000e+00 0.0000e+00 0.0000e+00 -0.0000e+00 -9.3978e-01 9.3239e+01 -9.9487e-01 8.8969e+01 -1.5829e+00 -8.2564e-01 1.5736e+01 5.0000e-06 -1.0000e-06 1.0858e+02 8.7686e+01 -1.0932e+02 8.9846e+00 -4.0621e-01 -0.0000e+00 -3.3695e+00 1.5458e+00 -1.4313e+00 1.6377e+01 -1.0000e-06 -1.0000e-06 2.4661e+00 -3.2994e+00 6.0774e+00 6.4567e+00 -1.0000e-06 -0.0000e+00 6.6781e+00 -1.5696e+00 -6.3784e+00 1.2994e+01 -2.4272e-01 4.9804e+00 -8.9657e+01 -1.0205e+00 -7.1424e+01 5.3481e+00 -7.0000e-06 -1.0000e-06 -7.1173e+01 3.1699e+01 -1.0767e+01 2.4329e+01 1.9000e-05 5.0000e-06 4.6438e+00 1.1520e+01 -2.2133e+01 2.2292e+01 -1.0000e-06 5.0000e-06 4.8180e+00 5.4827e+00 -5.8516e+00 1.2995e+01 -2.4272e-01 -4.9804e+00 9.2475e+01 -5.7441e+00 -6.6644e+01 -5.3481e+00 -1.0000e-06 -4.0000e-06 -8.9280e+01 -5.2138e+01 -1.2573e+02 -2.4329e+01 3.2200e-04 -9.0000e-06 1.5402e+00 3.6427e+00 -2.2954e+01 -2.2291e+01 -1.0800e-04 -4.0000e-06 3.4492e+01 4.8833e+00 9.7057e+00 -2.1925e+00 -6.4694e+00 -0.0000e+00 -1.7704e+02 -8.9330e+00 -4.0319e+00 3.9081e+01 -7.0000e-06 -1.2000e-05 -4.6954e-02 1.8124e-01 1.4524e+01 4.0985e+01 -6.0000e-06 -1.3000e-05 -3.7170e-01 4.1633e+00 -6.1477e+01 1.1754e+01 -0.0000e+00 3.0000e-06 -7.0000e-06 -9.2000e-05 -1.6581e+01 -2.1925e+00 6.4694e+00 -1.0000e-06 -1.7977e+02 1.1998e+01 1.7875e+02 -3.9081e+01 -2.2820e-03 -4.0193e-02 -6.5440e-03 4.9431e-02 1.1304e+01 -4.0985e+01 8.0000e-06 6.0000e-06 3.5038e+00 5.8698e+00 -6.1538e+01 -1.1754e+01 -6.0000e-06 -6.0000e-06 -6.6740e-03 -7.6837e-02 -1.9701e+01
0.0000e+00 0.0000e+00 0.0000e+00 0.0000e+00 0.0000e+00 -0.0000e+00 -9.7440e-01 9.3237e+01 -9.7981e-01 8.8962e+01 -1.7357e+00 -7.7792e-01 1.5736e+01 5.0000e-06 -1.0000e-06 1.0906e+02 8.7683e+01 -1.0975e+02 8.9846e+00 -4.0621e-01 -0.0000e+00 -3.3767e+00 1.5794e+00 -1.3248e+00 1.6377e+01 -1.0000e-06 -1.0000e-06 2.4588e+00 -3.5369e+00 6.3044e+00 6.4567e+00 -1.0000e-06 -0.0000e+00 6.7639e+00 -1.8485e+00 -6.2817e+00 1.2994e+01 -2.4272e-01 4.9804e+00 -8.9672e+01 -9.7361e-01 -7.1398e+01 5.3481e+00 -7.0000e-06 -1.0000e-06 -7.1020e+01 3.1041e+01 -1.0655e+01 2.4329e+01 1.9000e-05 5.0000e-06 4.6240e+00 1.1816e+01 -2.1554e+01 2.2292e+01 -1.0000e-06 5.0000e-06 4.9076e+00 5.4772e+00 -5.6425e+00 1.2995e+01 -2.4272e-01 -4.9804e+00 9.2486e+01 -5.7835e+00 -6.6691e+01 -5.3481e+00 -1.0000e-06 -4.0000e-06 -8.3870e+01 -5.3108e+01 -1.2309e+02 -2.4329e+01 3.2200e-04 -9.0000e-06 1.8710e+00 3.6660e+00 -2.7069e+01 -2.2291e+01 -1.0800e-04 -4.0000e-06 3.3303e+01 4.9376e+00 8.6136e+00 -2.1925e+00 -6.4694e+00 -0.0000e+00 -1.7700e+02 -9.0250e+00 -3.9345e+00 3.9081e+01 -7.0000e-06 -1.2000e-05 -4.7642e-02 1.8410e-01 1.4509e+01 4.0985e+01 -6.0000e-06 -1.3000e-05 -4.0669e-01 4.1143e+00 -6.1499e+01 1.1754e+01 -0.0000e+00 3.0000e-06 -6.0000e-06 -8.6000e-05 -1.6581e+01 -2.1925e+00 6.4694e+00 -1.0000e-06 -1.7975e+02 1.1894e+01 1.7878e+02 -3.9081e+01 -2.2820e-03 -4.0193e-02 -5.8560e-03 4.5824e-02 1.1344e+01 -4.0985e+01 8.0000e-06 6.0000e-06 3.5890e+00 5.8830e+00 -6.1570e+01 -1.1754e+01 -6.0000e-06 -6.0000e-06 -6.4920e-03 -7.5241e-02 -1.9636e+01
0.0000e+00 0.0000e+00 0.0000e+00 0.0000e+00 0.0000e+00 -0.0000e+00 -1.0364e+00 9.3226e+01 -9.6035e-01 8.8964e+01 -1.8939e+00 -7.3679e-01 1.5736e+01 5.0000e-06 -1.0000e-06 1.0993e+02 8.7669e+01 -1.1057e+02 8.9846e+00 -4.0621e-01 -0.0000e+00 -3.3747e+00 1.6507e+00 -1.2362e+00 1.6377e+01 -1.0000e-06 -1.0000e-06 2.4494e+00 -3.7342e+00 6.4555e+00 6.4567e+00 -1.0000e-06 -0.0000e+00 6.8078e+00 -2.1867e+00 -5.9540e+00 1.2994e+01 -2.4272e-01 4.9804e+00 -8.9714e+01 -8.4685e-01 -7.1328e+01 5.3481e+00 -7.0000e-06 -1.0000e-06 -7.0896e+01 3.0233e+01 -1.0406e+01 2.4329e+01 1.9000e-05 5.0000e-06 4.6076e+00 1.1987e+01 -2.1208e+01 2.2292e+01 -1.0000e-06 5.0000e-06 5.0904e+00 5.4729e+00 -5.4793e+00 1.2995e+01 -2.4272e-01 -4.9804e+00 9.2469e+01 -5.7508e+00 -6.6716e+01 -5.3481e+00 -1.0000e-06 -4.0000e-06 -7.8507e+01 -5.3836e+01 -1.2084e+02 -2.4329e+01 3.2200e-04 -9.0000e-06 2.7589e+00 4.3598e+00 -3.2367e+01 -2.2291e+01 -1.0800e-04 -4.0000e-06 3.2204e+01 5.0166e+00 6.9580e+00 -2.1925e+00 -6.4694e+00 -0.0000e+00 -1.7694e+02 -9.1980e+00 -3.8969e+00 3.9081e+01 -7.0000e-06 -1.2000e-05 -4.8918e-02 1.8797e-01 1.4587e+01 4.0985e+01 -6.0000e-06 -1.3000e-05 -4.4677e-01 4.1354e+00 -6.1558e+01 1.1754e+01 -0.0000e+00 3.0000e-06 -7.0000e-06 -1.0100e-04 -1.6581e+01 -2.1925e+00 6.4694e+00 -1.0000e-06 -1.7974e+02 1.1793e+01 1.7877e+02 -3.9081e+01 -2.2820e-03 -4.0193e-02 -7.2260e-03 5.2072e-02 1.1467e+01 -4.0985e+01 8.0000e-06 6.0000e-06 3.5515e+00 5.9726e+00 -6.1637e+01 -1.1754e+01 -6.0000e-06 -6.0000e-06 -6.4820e-03 -7.5152e-02 -1.9632e+01
0.0000e+00 0.0000e+00 0.0000e+00 0.0000e+00 0.0000e+00 -0.0000e+00 -1.1297e+00 9.3216e+01 -9.5918e-01 8.8945e+01 -1.9797e+00 -6.6992e-01 1.5736e+01 5.0000e-06 -1.0000e-06 1.1028e+02 8.7640e+01 -1.1088e+02 8.9846e+00 -4.0621e-01 -0.0000e+00 -3.3305e+00 1.6928e+00 -1.1450e+00 1.6377e+01 -1.0000e-06 -1.0000e-06 2.3921e+00 -4.0328e+00 6.6345e+00 6.4567e+00 -1.0000e-06 -0.0000e+00 6.8091e+00 -2.4657e+00 -5.7784e+00 1.2994e+01 -2.4272e-01 4.9804e+00 -8.9736e+01 -7.7891e-01 -7.1303e+01 5.3481e+00 -7.0000e-06 -1.0000e-06 -7.0856e+01 2.9587e+01 -1.0085e+01 2.4329e+01 1.9000e-05 5.0000e-06 4.5307e+00 1.1919e+01 -2.0991e+01 2.2292e+01 -1.0000e-06 5.0000e-06 5.2735e+00 5.4680e+00 -5.2956e+00 1.2995e+01 -2.4272e-01 -4.9804e+00 9.2416e+01 -5.6299e+00 -6.6726e+01 -5.3481e+00 -1.0000e-06 -4.0000e-06 -7.2882e+01 -5.4539e+01 -1.1867e+02 -2.4329e+01 3.2200e-04 -9.0000e-06 4.3663e+00 5.5141e+00 -3.8465e+01 -2.2291e+01 -1.0800e-04 -4.0000e-06 3.1932e+01 5.1106e+00 4.8672e+00 -2.1925e+00 -6.4694e+00 -0.0000e+00 -1.7685e+02 -9.1993e+00 -3.8667e+00 3.9081e+01 -7.0000e-06 -1.2000e-05 -4.8980e-02 1.8687e-01 1.4687e+01 4.0985e+01 -6.0000e-06 -1.3000e-05 -5.2348e-01 4.0354e+00 -6.1605e+01 1.1754e+01 -0.0000e+00 3.0000e-06 -6.0000e-06 -8.6000e-05 -1.6581e+01 -2.1925e+00 6.4694e+00 -1.0000e-06 -1.7968e+02 1.1769e+01 1.7879e+02 -3.9081e+01 -2.2820e-03 -4.0193e-02 -8.2860e-03 5.6835e-02 1.1557e+01 -4.0985e+01 8.0000e-06 6.0000e-06 3.5768e+00 6.0362e+00 -6.1690e+01 -1.1754e+01 -6.0000e-06 -6.0000e-06 -6.4490e-03 -7.4861e-02 -1.9620e+01
0.0000e+00 0.0000e+00 0.0000e+00 0.0000e+00 0.0000e+00 -0.0000e+00 -1.2414e+00 9.3213e+01 -9.8840e-01 8.8907e+01 -2.0123e+00 -6.5437e-01 1.5736e+01 5.0000e-06 -1.0000e-06 1.1067e+02 8.7611e+01 -1.1121e+02 8.9846e+00 -4.0621e-01 -0.0000e+00 -3.2869e+00 1.7384e+00 -1.0368e+00 1.6377e+01 -1.0000e-06 -1.0000e-06 2.3035e+00 -4.2430e+00 6.7493e+00 6.4567e+00 -1.0000e-06 -0.0000e+00 6.6841e+00 -2.7233e+00 -5.6862e+00 1.2994e+01 -2.4272e-01 4.9804e+00 -8.9728e+01 -8.0537e-01 -7.1329e+01 5.3481e+00 -7.0000e-06 -1.0000e-06 -7.0977e+01 2.9137e+01 -9.7172e+00 2.4329e+01 1.9000e-05 5.0000e-06 4.5378e+00 1.2020e+01 -2.0861e+01 2.2292e+01 -1.0000e-06 5.0000e-06 5.3121e+00 5.4681e+00 -5.2995e+00 1.2995e+01 -2.4272e-01 -4.9804e+00 9.2377e+01 -5.5150e+00 -6.6643e+01 -5.3481e+00 -1.0000e-06 -4.0000e-06 -6.7153e+01 -5.5298e+01 -1.1638e+02 -2.4329e+01 3.2200e-04 -9.0000e-06 5.9735e+00 5.9055e+00 -4.5481e+01 -2.2291e+01 -1.0800e-04 -4.0000e-06 3.2056e+01 5.1972e+00 2.7902e+00 -2.1925e+00 -6.4694e+00 -0.0000e+00 -1.7673e+02 -9.2840e+00 -3.8918e+00 3.9081e+01 -7.0000e-06 -1.2000e-05 -5.0259e-02 1.9096e-01 1.4745e+01 4.0985e+01 -6.0000e-06 -1.3000e-05 -5.9856e-01 4.0702e+00 -6.1604e+01 1.1754e+01 -0.0000e+00 3.0000e-06 -5.0000e-06 -7.2000e-05 -1.6580e+01 -2.1925e+00 6.4694e+00 -1.0000e-06 -1.7955e+02 1.1747e+01 1.7879e+02 -3.9081e+01 -2.2820e-03 -4.0193e-02 -7.3830e-03 5.2410e-02 1.1558e+01 -4.0985e+01 8.0000e-06 6.0000e-06 3.6796e+00 6.0258e+00 -6.1692e+01 -1.1754e+01 -6.0000e-06 -6.0000e-06 -6.4300e-03 -7.4692e-02 -1.9613e+01
0.0000e+00 0.0000e+00 0.0000e+00 0.0000e+00 0.0000e+00 -0.0000e+00 -1.3653e+00 9.3215e+01 -1.0416e+00 8.8898e+01 -2.0233e+00 -6.7049e-01 1.5736e+01 5.0000e-06 -1.0000e-06 1.1039e+02 8.7586e+01 -1.1090e+02 8.9846e+00 -4.0621e-01 -0.0000e+00 -3.2333e+00 1.7301e+00 -9.6823e-01 1.6377e+01 -1.0000e-06 -1.0000e-06 2.2033e+00 -4.4020e+00 6.8515e+00 6.4567e+00 -1.0000e-06 -0.0000e+00 6.5445e+00 -2.8302e+00 -5.6898e+00 1.2994e+01 -2.4272e-01 4.9804e+00 -8.9729e+01 -8.0278e-01 -7.1364e+01 5.3481e+00 -7.0000e-06 -1.0000e-06 -7.0970e+01 2.9114e+01 -9.4038e+00 2.4329e+01 1.9000e-05 5.0000e-06 4.5397e+00 1.2092e+01 -2.0757e+01 2.2292e+01 -1.0000e-06 5.0000e-06 5.2654e+00 5.4681e+00 -5.3010e+00 1.2995e+01 -2.4272e-01 -4.9804e+00 9.2331e+01 -5.4345e+00 -6.6738e+01 -5.3481e+00 -1.0000e-06 -4.0000e-06 -6.1377e+01 -5.6325e+01 -1.1383e+02 -2.4329e+01 3.2200e-04 -9.0000e-06 7.5534e+00 5.6977e+00 -5.3178e+01 -2.2291e+01 -1.0800e-04 -4.0000e-06 3.1507e+01 5.2823e+00 5.5234e-01 -2.1925e+00 -6.4694e+00 -0.0000e+00 -1.7663e+02 -9.3331e+00 -3.9454e+00 3.9081e+01 -7.0000e-06 -1.2000e-05 -5.1323e-02 1.9508e-01 1.4739e+01 4.0985e+01 -6.0000e-06 -1.3000e-05 -6.8828e-01 4.0920e+00 -6.1545e+01 1.1754e+01 -0.0000e+00 3.0000e-06 -4.0000e-06 -6.2000e-05 -1.6580e+01 -2.1925e+00 6.4694e+00 -1.0000e-06 -1.7944e+02 1.1677e+01 1.7873e+02 -3.9081e+01 -2.2820e-03 -4.0193e-02 -7.8840e-03 5.4794e-02 1.1573e+01 -4.0985e+01 8.0000e-06 6.0000e-06 3.7705e+00 5.9913e+00 -6.1679e+01 -1.1754e+01 -6.0000e-06 -6.0000e-06 -6.2130e-03 -7.2758e-02 -1.9534e+01
0.0000e+00 0.0000e+00 0.0000e+00 0.0000e+00 0.0000e+00 -0.0000e+00 -1.4711e+00 9.3218e+01 -1.0839e+00 8.8875e+01 -2.1105e+00 -6.7487e-01 1.5736e+01 5.0000e-06 -1.0000e-06 1.1047e+02 8.7563e+01 -1.1094e+02 8.9846e+00 -4.0621e-01 -0.0000e+00 -3.1929e+00 1.7486e+00 -8.8718e-01 1.6377e+01 -1.0000e-06 -1.0000e-06 2.1187e+00 -4.4818e+00 6.8675e+00 6.4567e+00 -1.0000e-06 -0.0000e+00 6.5124e+00 -2.8975e+00 -5.7362e+00 1.2994e+01 -2.4272e-01 4.9804e+00 -8.9731e+01 -7.9680e-01 -7.1345e+01 5.3481e+00 -7.0000e-06 -1.0000e-06 -7.1050e+01 2.9212e+01 -9.1122e+00 2.4329e+01 1.9000e-05 5.0000e-06 4.5732e+00 1.2311e+01 -2.0563e+01 2.2292e+01 -1.0000e-06 5.0000e-06 5.1514e+00 5.4705e+00 -5.3905e+00 1.2995e+01 -2.4272e-01 -4.9804e+00 9.2273e+01 -5.3303e+00 -6.6860e+01 -5.3481e+00 -1.0000e-06 -4.0000e-06 -5.5668e+01 -5.7318e+01 -1.1145e+02 -2.4329e+01 3.2200e-04 -9.0000e-06 9.5053e+00 5.5019e+00 -6.0196e+01 -2.2291e+01 -1.0800e-04 -4.0000e-06 3.0986e+01 5.3931e+00 -2.7163e+00 -2.1925e+00 -6.4694e+00 -0.0000e+00 -1.7655e+02 -9.3412e+00 -3.9564e+00 3.9081e+01 -7.0000e-06 -1.2000e-05 -5.0792e-02 1.9320e-01 1.4730e+01 4.0985e+01 -6.0000e-06 -1.3000e-05 -7.6459e-01 4.0217e+00 -6.1514e+01 1.1754e+01 -0.0000e+00 3.0000e-06 -5.0000e-06 -6.6000e-05 -1.6580e+01 -2.1925e+00 6.4694e+00 -1.0000e-06 -1.7934e+02 1.1586e+01 1.7869e+02 -3.9081e+01 -2.2820e-03 -4.0193e-02 -7.4990e-03 5.2950e-02 1.1565e+01 -4.0985e+01 8.0000e-06 6.0000e-06 3.8859e+00 5.9716e+00 -6.1663e+01 -1.1754e+01 -6.0000e-06 -6.0000e-06 -6.2770e-03 -7.3334e-02 -1.9558e+01
0.0000e+00 0.0000e+00 0.0000e+00 0.0000e+00 0.0000e+00 -0.0000e+00 -1.5505e+00 9.3216e+01 -1.1143e+00 8.8828e+01 -2.3224e+00 -6.7324e-01 1.5736e+01 5.0000e-06 -1.0000e-06 1.1161e+02 8.7538e+01 -1.1204e+02 8.9846e+00 -4.0621e-01 -0.0000e+00 -3.1820e+00 1.8535e+00 -7.9650e-01 1.6377e+01 -1.0000e-06 -1.0000e-06 2.1029e+00 -4.5221e+00 6.9646e+00 6.4567e+00 -1.0000e-06 -0.0000e+00 6.5722e+00 -2.8760e+00 -5.9885e+00 1.2994e+01 -2.4272e-01 4.9804e+00 -8.9723e+01 -8.2003e-01 -7.1331e+01 5.3481e+00 -7.0000e-06 -1.0000e-06 -7.1367e+01 2.9186e+01 -8.7334e+00 2.4329e+01 1.9000e-05 5.0000e-06 4.5806e+00 1.2470e+01 -2.0356e+01 2.2292e+01 -1.0000e-06 5.0000e-06 5.1354e+00 5.4662e+00 -5.2293e+00 1.2995e+01 -2.4272e-01 -4.9804e+00 9.2254e+01 -5.2579e+00 -6.6757e+01 -5.3481e+00 -1.0000e-06 -4.0000e-06 -5.1417e+01 -5.7450e+01 -1.1023e+02 -2.4329e+01 3.2200e-04 -9.0000e-06 1.3510e+01 6.1434e+00 -6.5985e+01 -2.2291e+01 -1.0800e-04 -4.0000e-06 3.1114e+01 5.4895e+00 -6.1149e+00 -2.1925e+00 -6.4694e+00 -0.0000e+00 -1.7645e+02 -9.4305e+00 -3.9731e+00 3.9081e+01 -7.0000e-06 -1.2000e-05 -5.1639e-02 1.9569e-01 1.4783e+01 4.0985e+01 -6.0000e-06 -1.3000e-05 -8.3979e-01 3.8853e+00 -6.1526e+01 1.1754e+01 -0.0000e+00 3.0000e-06 -5.0000e-06 -7.6000e-05 -1.6581e+01 -2.1925e+00 6.4694e+00 -1.0000e-06 -1.7924e+02 1.1485e+01 1.7867e+02 -3.9081e+01 -2.2820e-03 -4.0193e-02 -7.4870e-03 5.2926e-02 1.1557e+01 -4.0985e+01 8.0000e-06 6.0000e-06 3.9372e+00 6.0941e+00 -6.1639e+01 -1.1754e+01 -6.0000e-06 -6.0000e-06 -6.3440e-03 -7.3927e-02 -1.9582e+01
0.0000e+00 0.0000e+00 0.0000e+00 0.0000e+00 0.0000e+00 -0.0000e+00 -1.6028e+00 9.3207e+01 -1.1219e+00 8.8834e+01 -2.5424e+00 -6.0870e-01 1.5736e+01 5.0000e-06 -1.0000e-06 1.1280e+02 8.7498e+01 -1.1323e+02 8.9846e+00 -4.0621e-01 -0.0000e+00 -3.1467e+00 1.9793e+00 -8.0270e-01 1.6377e+01 -1.0000e-06 -1.0000e-06 2.1772e+00 -4.5040e+00 7.1532e+00 6.4567e+00 -1.0000e-06 -0.0000e+00 6.6174e+00 -2.8558e+00 -6.0617e+00 1.2994e+01 -2.4272e-01 4.9804e+00 -8.9698e+01 -8.9302e-01 -7.1313e+01 5.3481e+00 -7.0000e-06 -1.0000e-06 -7.1884e+01 2.8951e+01 -8.3538e+00 2.4329e+01 1.9000e-05 5.0000e-06 4.5544e+00 1.2552e+01 -2.0129e+01 2.2292e+01 -1.0000e-06 5.0000e-06 5.2037e+00 5.4619e+00 -5.0703e+00 1.2995e+01 -2.4272e-01 -4.9804e+00 9.2241e+01 -5.2039e+00 -6.6661e+01 -5.3481e+00 -1.0000e-06 -4.0000e-06 -4.8678e+01 -5.7164e+01 -1.0955e+02 -2.4329e+01 3.2200e-04 -9.0000e-06 1.5529e+01 5.9500e+00 -6.9543e+01 -2.2291e+01 -1.0800e-04 -4.0000e-06 3.2096e+01 5.5817e+00 -1.0270e+01 -2.1925e+00 -6.4694e+00 -0.0000e+00 -1.7641e+02 -9.5178e+00 -3.8998e+00 3.9081e+01 -7.0000e-06 -1.2000e-05 -5.2566e-02 1.9852e-01 1.4831e+01 4.0985e+01 -6.0000e-06 -1.3000e-05 -8.9919e-01 3.7641e+00 -6.1564e+01 1.1754e+01 -0.0000e+00 3.0000e-06 -5.0000e-06 -6.9000e-05 -1.6580e+01 -2.1925e+00 6.4694e+00 -1.0000e-06 -1.7926e+02 1.1471e+01 1.7869e+02 -3.9081e+01 -2.2820e-03 -4.0193e-02 -9.7720e-03 6.3725e-02 1.1623e+01 -4.0985e+01 8.0000e-06 6.0000e-06 3.7357e+00 6.3171e+00 -6.1638e+01 -1.1754e+01 -6.0000e-06 -6.0000e-06 -6.2220e-03 -7.2837e-02 -1.9538e+01
0.0000e+00 0.0000e+00 0.0000e+00 0.0000e+00 0.0000e+00 -0.0000e+00 -1.6398e+00 9.3207e+01 -1.1329e+00 8.8816e+01 -2.6766e+00 -5.6535e-01 1.5736e+01 5.0000e-06 -1.0000e-06 1.1410e+02 8.7459e+01 -1.1455e+02 8.9846e+00 -4.0621e-01 -0.0000e+00 -3.1195e+00 2.1168e+00 -8.2895e-01 1.6377e+01 -1.0000e-06 -1.0000e-06 2.2129e+00 -4.5432e+00 7.2853e+00 6.4567e+00 -1.0000e-06 -0.0000e+00 6.6829e+00 -2.9744e+00 -5.8988e+00 1.2994e+01 -2.4272e-01 4.9804e+00 -8.9694e+01 -9.0506e-01 -7.1311e+01 5.3481e+00 -7.0000e-06 -1.0000e-06 -7.2453e+01 2.8694e+01 -8.0506e+00 2.4329e+01 1.9000e-05 5.0000e-06 4.5337e+00 1.2692e+01 -1.9844e+01 2.2292e+01 -1.0000e-06 5.0000e-06 5.2797e+00 5.4658e+00 -5.2132e+00 1.2995e+01 -2.4272e-01 -4.9804e+00 9.2239e+01 -5.1920e+00 -6.6629e+01 -5.3481e+00 -1.0000e-06 -4.0000e-06 -4.7509e+01 -5.6831e+01 -1.0914e+02 -2.4329e+01 3.2200e-04 -9.0000e-06 1.5079e+01 5.6095e+00 -7.0061e+01 -2.2291e+01 -1.0800e-04 -4.0000e-06 3.3894e+01 5.6285e+00 -1.3194e+01 -2.1925e+00 -6.4694e+00 -0.0000e+00 -1.7637e+02 -9.5777e+00 -3.8531e+00 3.9081e+01 -7.0000e-06 -1.2000e-05 -5.2679e-02 1.9871e-01 1.4848e+01 4.0985e+01 -6.0000e-06 -1.3000e-05 -9.2758e-01 3.6996e+00 -6.1574e+01 1.1754e+01 -0.0000e+00 3.0000e-06 -4.0000e-06 -5.4000e-05 -1.6580e+01 -2.1925e+00 6.4694e+00 -1.0000e-06 -1.7924e+02 1.1435e+01 1.7872e+02 -3.9081e+01 -2.2820e-03 -4.0193e-02 -9.7990e-03 6.3847e-02 1.1626e+01 -4.0985e+01 8.0000e-06 6.0000e-06 3.7628e+00 6.4397e+00 -6.1635e+01 -1.1754e+01 -6.0000e-06 -6.0000e-06 -6.3730e-03 -7.4191e-02 -1.9593e+01
0.0000e+00 0.0000e+00 0.0000e+00 0.0000e+00 0.0000e+00 -0.0000e+00 -1.6472e+00 9.3200e+01 -1.1354e+00 8.8783e+01 -2.7487e+00 -5.2789e-01 1.5736e+01 5.0000e-06 -1.0000e-06 1.1491e+02 8.7419e+01 -1.1539e+02 8.9846e+00 -4.0621e-01 -0.0000e+00 -3.0759e+00 2.2186e+00 -9.0103e-01 1.6377e+01 -1.0000e-06 -1.0000e-06 2.1940e+00 -4.6059e+00 7.4015e+00 6.4567e+00 -1.0000e-06 -0.0000e+00 6.7248e+00 -3.0992e+00 -5.7065e+00 1.2994e+01 -2.4272e-01 4.9804e+00 -8.9695e+01 -8.9684e-01 -7.1247e+01 5.3481e+00 -7.0000e-06 -1.0000e-06 -7.2881e+01 2.8878e+01 -7.9142e+00 2.4329e+01 1.9000e-05 5.0000e-06 4.4764e+00 1.2617e+01 -1.9717e+01 2.2292e+01 -1.0000e-06 5.0000e-06 5.2986e+00 5.4671e+00 -5.2604e+00 1.2995e+01 -2.4272e-01 -4.9804e+00 9.2221e+01 -5.1654e+00 -6.6693e+01 -5.3481e+00 -1.0000e-06 -4.0000e-06 -4.8423e+01 -5.6497e+01 -1.0944e+02 -2.4329e+01 3.2200e-04 -9.0000e-06 1.4294e+01 6.1160e+00 -6.7307e+01 -2.2291e+01 -1.0800e-04 -4.0000e-06 3.5097e+01 5.6325e+00 -1.3528e+01 -2.1925e+00 -6.4694e+00 -0.0000e+00 -1.7632e+02 -9.5338e+00 -3.8480e+00 3.9081e+01 -7.0000e-06 -1.2000e-05 -5.3532e-02 2.0060e-01 1.4941e+01 4.0985e+01 -6.0000e-06 -1.3000e-05 -9.4974e-01 3.5987e+00 -6.1630e+01 1.1754e+01 -0.0000e+00 3.0000e-06 -5.0000e-06 -7.1000e-05 -1.6580e+01 -2.1925e+00 6.4694e+00 -1.0000e-06 -1.7921e+02 1.1425e+01 1.7873e+02 -3.9081e+01 -2.2820e-03 -4.0193e-02 -1.0358e-02 6.6323e-02 1.1666e+01 -4.0985e+01 8.0000e-06 6.0000e-06 3.7409e+00 6.4716e+00 -6.1643e+01 -1.1754e+01 -6.0000e-06 -6.0000e-06 -6.1480e-03 -7.2171e-02 -1.9511e+01
0.0000e+00 0.0000e+00 0.0000e+00 0.0000e+00 0.0000e+00 -0.0000e+00 -1.6291e+00 9.3204e+01 -1.1401e+00 8.8791e+01 -2.6943e+00 -5.1221e-01 1.5736e+01 5.0000e-06 -1.0000e-06 1.1567e+02 8.7391e+01 -1.1622e+02 8.9846e+00 -4.0621e-01 -0.0000e+00 -3.0520e+00 2.3112e+00 -1.0364e+00 1.6377e+01 -1.0000e-06 -1.0000e-06 2.2072e+00 -4.5826e+00 7.3473e+00 6.4567e+00 -1.0000e-06 -0.0000e+00 6.6020e+00 -3.2422e+00 -5.3923e+00 1.2994e+01 -2.4272e-01 4.9804e+00 -8.9704e+01 -8.6995e-01 -7.1216e+01 5.3481e+00 -7.0000e-06 -1.0000e-06 -7.3232e+01 2.9266e+01 -7.7646e+00 2.4329e+01 1.9000e-05 5.0000e-06 4.4939e+00 1.2541e+01 -1.9898e+01 2.2292e+01 -1.0000e-06 5.0000e-06 5.0143e+00 5.4672e+00 -5.2656e+00 1.2995e+01 -2.4272e-01 -4.9804e+00 9.2182e+01 -5.0799e+00 -6.6715e+01 -5.3481e+00 -1.0000e-06 -4.0000e-06 -5.1478e+01 -5.6186e+01 -1.1075e+02 -2.4329e+01 3.2200e-04 -9.0000e-06 1.2434e+01 6.8784e+00 -6.1487e+01 -2.2291e+01 -1.0800e-04 -4.0000e-06 3.4109e+01 5.6242e+00 -1.2893e+01 -2.1925e+00 -6.4694e+00 -0.0000e+00 -1.7635e+02 -9.4787e+00 -3.8392e+00 3.9081e+01 -7.0000e-06 -1.2000e-05 -5.2411e-02 1.9676e-01 1.4916e+01 4.0985e+01 -6.0000e-06 -1.3000e-05 -9.3339e-01 3.5871e+00 -6.1603e+01 1.1754e+01 -0.0000e+00 3.0000e-06 -3.0000e-06 -4.5000e-05 -1.6579e+01 -2.1925e+00 6.4694e+00 -1.0000e-06 -1.7922e+02 1.1449e+01 1.7874e+02 -3.9081e+01 -2.2820e-03 -4.0193e-02 -9.2690e-03 6.0998e-02 1.1675e+01 -4.0985e+01 8.0000e-06 6.0000e-06 3.8750e+00 6.4557e+00 -6.1668e+01 -1.1754e+01 -6.0000e-06 -6.0000e-06 -6.3150e-03 -7.3671e-02 -1.9572e+01
0.0000e+00 0.0000e+00 0.0000e+00 0.0000e+00 0.0000e+00 -0.0000e+00 -1.6039e+00 9.3209e+01 -1.1459e+00 8.8799e+01 -2.5300e+00 -5.4214e-01 1.5736e+01 5.0000e-06 -1.0000e-06 1.1628e+02 8.7387e+01 -1.1693e+02 8.9846e+00 -4.0621e-01 -0.0000e+00 -3.0673e+00 2.3742e+00 -1.2256e+00 1.6377e+01 -1.0000e-06 -1.0000e-06 2.1780e+00 -4.5540e+00 7.2495e+00 6.4567e+00 -1.0000e-06 -0.0000e+00 6.4451e+00 -3.3270e+00 -5.2512e+00 1.2994e+01 -2.4272e-01 4.9804e+00 -8.9710e+01 -8.4914e-01 -7.1141e+01 5.3481e+00 -7.0000e-06 -1.0000e-06 -7.3390e+01 2.9895e+01 -7.7120e+00 2.4329e+01 1.9000e-05 5.0000e-06 4.5579e+00 1.2450e+01 -2.0294e+01 2.2292e+01 -1.0000e-06 5.0000e-06 4.7561e+00 5.4717e+00 -5.4352e+00 1.2995e+01 -2.4272e-01 -4.9804e+00 9.2195e+01 -5.1230e+00 -6.6767e+01 -5.3481e+00 -1.0000e-06 -4.0000e-06 -5.5429e+01 -5.6241e+01 -1.1206e+02 -2.4329e+01 3.2200e-04 -9.0000e-06 1.0014e+01 7.4402e+00 -5.3742e+01 -2.2291e+01 -1.0800e-04 -4.0000e-06 3.2222e+01 5.6031e+00 -1.1502e+01 -2.1925e+00 -6.4694e+00 -0.0000e+00 -1.7637e+02 -9.3989e+00 -3.8727e+00 3.9081e+01 -7.0000e-06 -1.2000e-05 -5.3406e-02 2.0109e-01 1.4873e+01 4.0985e+01 -6.0000e-06 -1.3000e-05 -9.0718e-01 3.6907e+00 -6.1570e+01 1.1754e+01 -0.0000e+00 3.0000e-06 -4.0000e-06 -6.0000e-05 -1.6580e+01 -2.1925e+00 6.4694e+00 -1.0000e-06 -1.7923e+02 1.1551e+01 1.7874e+02 -3.9081e+01 -2.2820e-03 -4.0193e-02 -8.1070e-03 5.5556e-02 1.1639e+01 -4.0985e+01 8.0000e-06 6.0000e-06 3.9444e+00 6.3710e+00 -6.1666e+01 -1.1754e+01 -6.0000e-06 -6.0000e-06 -6.4900e-03 -7.5219e-02 -1.9635e+01
0.0000e+00 0.0000e+00 0.0000e+00 0.0000e+00 0.0000e+00 -0.0000e+00 -1.5690e+00 9.3220e+01 -1.1613e+00 8.8814e+01 -2.2955e+00 -6.7309e-01 1.5736e+01 5.0000e-06 -1.0000e-06 1.1668e+02 8.7422e+01 -1.1743e+02 8.9846e+00 -4.0621e-01 -0.0000e+00 -3.1439e+00 2.3856e+00 -1.4461e+00 1.6377e+01 -1.0000e-06 -1.0000e-06 2.0640e+00 -4.4255e+00 7.0388e+00 6.4567e+00 -1.0000e-06 -0.0000e+00 6.3659e+00 -3.2852e+00 -5.2404e+00 1.2994e+01 -2.4272e-01 4.9804e+00 -8.9722e+01 -8.1016e-01 -7.1054e+01 5.3481e+00 -7.0000e-06 -1.0000e-06 -7.3468e+01 3.0414e+01 -7.6280e+00 2.4329e+01 1.9000e-05 5.0000e-06 4.5398e+00 1.2021e+01 -2.0869e+01 2.2292e+01 -1.0000e-06 5.0000e-06 4.6327e+00 5.4740e+00 -5.5205e+00 1.2995e+01 -2.4272e-01 -4.9804e+00 9.2229e+01 -5.2410e+00 -6.6923e+01 -5.3481e+00 -1.0000e-06 -4.0000e-06 -5.9520e+01 -5.6783e+01 -1.1313e+02 -2.4329e+01 3.2200e-04 -9.0000e-06 7.4765e+00 7.5006e+00 -4.5148e+01 -2.2291e+01 -1.0800e-04 -4.0000e-06 3.0215e+01 5.5596e+00 -9.1440e+00 -2.1925e+00 -6.4694e+00 -0.0000e+00 -1.7644e+02 -9.2857e+00 -4.0086e+00 3.9081e+01 -7.0000e-06 -1.2000e-05 -5.1453e-02 1.9497e-01 1.4783e+01 4.0985e+01 -6.0000e-06 -1.3000e-05 -8.6299e-01 3.7923e+00 -6.1494e+01 1.1754e+01 -0.0000e+00 3.0000e-06 -4.0000e-06 -5.8000e-05 -1.6580e+01 -2.1925e+00 6.4694e+00 -1.0000e-06 -1.7922e+02 1.1720e+01 1.7865e+02 -3.9081e+01 -2.2820e-03 -4.0193e-02 -7.2560e-03 5.1910e-02 1.1533e+01 -4.0985e+01 8.0000e-06 6.0000e-06 3.9885e+00 6.3102e+00 -6.1617e+01 -1.1754e+01 -6.0000e-06 -6.0000e-06 -6.3590e-03 -7.4062e-02 -1.9588e+01
0.0000e+00 0.0000e+00 0.0000e+00 0.0000e+00 0.0000e+00 -0.0000e+00 -1.5365e+00 9.3238e+01 -1.1719e+00 8.8826e+01 -2.0603e+00 -7.8543e-01 1.5736e+01 5.0000e-06 -1.0000e-06 1.1665e+02 8.7445e+01 -1.1751e+02 8.9846e+00 -4.0621e-01 -0.0000e+00 -3.1812e+00 2.3733e+00 -1.6528e+00 1.6377e+01 -1.0000e-06 -1.0000e-06 1.9682e+00 -4.2443e+00 6.7567e+00 6.4567e+00 -1.0000e-06 -0.0000e+00 6.0836e+00 -3.1939e+00 -5.3567e+00 1.2994e+01 -2.4272e-01 4.9804e+00 -8.9751e+01 -7.2164e-01 -7.0932e+01 5.3481e+00 -7.0000e-06 -1.0000e-06 -7.3387e+01 3.0831e+01 -7.6244e+00 2.4329e+01 1.9000e-05 5.0000e-06 4.4898e+00 1.1503e+01 -2.1492e+01 2.2292e+01 -1.0000e-06 5.0000e-06 4.5522e+00 5.4775e+00 -5.6540e+00 1.2995e+01 -2.4272e-01 -4.9804e+00 9.2284e+01 -5.3993e+00 -6.7032e+01 -5.3481e+00 -1.0000e-06 -4.0000e-06 -6.4474e+01 -5.7276e+01 -1.1480e+02 -2.4329e+01 3.2200e-04 -9.0000e-06 5.5699e+00 7.5590e+00 -3.6549e+01 -2.2291e+01 -1.0800e-04 -4.0000e-06 2.7999e+01 5.5027e+00 -6.6116e+00 -2.1925e+00 -6.4694e+00 -0.0000e+00 -1.7648e+02 -9.1651e+00 -4.0836e+00 3.9081e+01 -7.0000e-06 -1.2000e-05 -5.0280e-02 1.9279e-01 1.4617e+01 4.0985e+01 -6.0000e-06 -1.3000e-05 -8.3074e-01 3.9205e+00 -6.1383e+01 1.1754e+01 -0.0000e+00 3.0000e-06 -4.0000e-06 -6.3000e-05 -1.6580e+01 -2.1925e+00 6.4694e+00 -1.0000e-06 -1.7920e+02 1.1894e+01 1.7863e+02 -3.9081e+01 -2.2820e-03 -4.0193e-02 -5.1500e-03 4.2276e-02 1.1350e+01 -4.0985e+01 8.0000e-06 6.0000e-06 4.1103e+00 6.2186e+00 -6.1545e+01 -1.1754e+01 -6.0000e-06 -6.0000e-06 -6.2810e-03 -7.3363e-02 -1.9559e+01
0.0000e+00 0.0000e+00 0.0000e+00 0.0000e+00 0.0000e+00 -0.0000e+00 -1.5165e+00 9.3245e+01 -1.2019e+00 8.8828e+01 -1.8255e+00 -8.7064e-01 1.5736e+01 5.0000e-06 -1.0000e-06 1.1644e+02 8.7450e+01 -1.1740e+02 8.9846e+00 -4.0621e-01 -0.0000e+00 -3.1802e+00 2.3616e+00 -1.8643e+00 1.6377e+01 -1.0000e-06 -1.0000e-06 1.8629e+00 -4.0957e+00 6.4896e+00 6.4567e+00 -1.0000e-06 -0.0000e+00 5.8606e+00 -3.0434e+00 -5.5220e+00 1.2994e+01 -2.4272e-01 4.9804e+00 -8.9767e+01 -6.7102e-01 -7.0886e+01 5.3481e+00 -7.0000e-06 -1.0000e-06 -7.3275e+01 3.1015e+01 -7.6710e+00 2.4329e+01 1.9000e-05 5.0000e-06 4.4998e+00 1.1222e+01 -2.2017e+01 2.2292e+01 -1.0000e-06 5.0000e-06 4.5843e+00 5.4794e+00 -5.7241e+00 1.2995e+01 -2.4272e-01 -4.9804e+00 9.2282e+01 -5.4291e+00 -6.7162e+01 -5.3481e+00 -1.0000e-06 -4.0000e-06 -7.0336e+01 -5.7542e+01 -1.1722e+02 -2.4329e+01 3.2200e-04 -9.0000e-06 4.2945e+00 7.8987e+00 -2.8662e+01 -2.2291e+01 -1.0800e-04 -4.0000e-06 2.6057e+01 5.4228e+00 -3.6778e+00 -2.1925e+00 -6.4694e+00 -0.0000e+00 -1.7652e+02 -9.0784e+00 -4.2122e+00 3.9081e+01 -7.0000e-06 -1.2000e-05 -4.9521e-02 1.9028e-01 1.4588e+01 4.0985e+01 -6.0000e-06 -1.3000e-05 -7.9405e-01 4.0370e+00 -6.1327e+01 1.1754e+01 -0.0000e+00 3.0000e-06 -4.0000e-06 -6.4000e-05 -1.6580e+01 -2.1925e+00 6.4694e+00 -1.0000e-06 -1.7918e+02 1.2061e+01 1.7857e+02 -3.9081e+01 -2.2820e-03 -4.0193e-02 -4.3600e-03 3.8612e-02 1.1273e+01 -4.0985e+01 8.0000e-06 6.0000e-06 4.1351e+00 6.1543e+00 -6.1501e+01 -1.1754e+01 -6.0000e-06 -6.0000e-06 -6.4370e-03 -7.4751e-02 -1.9616e+01
0.0000e+00 0.0000e+00 0.0000e+00 0.0000e+00 0.0000e+00 -0.0000e+00 -1.4916e+00 9.3249e+01 -1.2267e+00 8.8830e+01 -1.6862e+00 -9.0907e-01 1.5736e+01 5.0000e-06 -1.0000e-06 1.1583e+02 8.7440e+01 -1.1688e+02 8.9846e+00 -4.0621e-01 -0.0000e+00 -3.1369e+00 2.3294e+00 -2.0317e+00 1.6377e+01 -1.0000e-06 -1.0000e-06 1.7941e+00 -3.8654e+00 6.2367e+00 6.4567e+00 -1.0000e-06 -0.0000e+00 5.6876e+00 -2.8392e+00 -5.7067e+00 1.2994e+01 -2.4272e-01 4.9804e+00 -8.9776e+01 -6.4461e-01 -7.0827e+01 5.3481e+00 -7.0000e-06 -1.0000e-06 -7.3103e+01 3.1156e+01 -7.8517e+00 2.4329e+01 1.9000e-05 5.0000e-06 4.5003e+00 1.1094e+01 -2.2247e+01 2.2292e+01 -1.0000e-06 5.0000e-06 4.5613e+00 5.4792e+00 -5.7195e+00 1.2995e+01 -2.4272e-01 -4.9804e+00 9.2241e+01 -5.3693e+00 -6.7309e+01 -5.3481e+00 -1.0000e-06 -4.0000e-06 -7.7053e+01 -5.7108e+01 -1.2049e+02 -2.4329e+01 3.2200e-04 -9.0000e-06 3.3842e+00 8.4944e+00 -2.1819e+01 -2.2291e+01 -1.0800e-04 -4.0000e-06 2.5932e+01 5.2999e+00 5.1858e-02 -2.1925e+00 -6.4694e+00 -0.0000e+00 -1.7654e+02 -9.0281e+00 -4.2835e+00 3.9081e+01 -7.0000e-06 -1.2000e-05 -4.9495e-02 1.9034e-01 1.4576e+01 4.0985e+01 -6.0000e-06 -1.3000e-05 -7.6485e-01 4.1486e+00 -6.1292e+01 1.1754e+01 -0.0000e+00 3.0000e-06 -5.0000e-06 -6.7000e-05 -1.6580e+01 -2.1925e+00 6.4694e+00 -1.0000e-06 -1.7919e+02 1.2213e+01 1.7854e+02 -3.9081e+01 -2.2820e-03 -4.0193e-02 -4.6390e-03 4.0117e-02 1.1245e+01 -4.0985e+01 8.0000e-06 6.0000e-06 4.1394e+00 6.1605e+00 -6.1476e+01 -1.1754e+01 -6.0000e-06 -6.0000e-06 -6.5690e-03 -7.5921e-02 -1.9663e+01
0.0000e+00 0.0000e+00 0.0000e+00 0.0000e+00 0.0000e+00 -0.0000e+00 -1.4781e+00 9.3260e+01 -1.2610e+00 8.8857e+01 -1.6247e+00 -8.9822e-01 1.5736e+01 5.0000e-06 -1.0000e-06 1.1553e+02 8.7418e+01 -1.1667e+02 8.9846e+00 -4.0621e-01 -0.0000e+00 -3.0827e+00 2.3331e+00 -2.2210e+00 1.6377e+01 -1.0000e-06 -1.0000e-06 1.8180e+00 -3.6474e+00 6.0619e+00 6.4567e+00 -1.0000e-06 -0.0000e+00 5.5981e+00 -2.6330e+00 -5.7676e+00 1.2994e+01 -2.4272e-01 4.9804e+00 -8.9761e+01 -6.8724e-01 -7.0802e+01 5.3481e+00 -7.0000e-06 -1.0000e-06 -7.2857e+01 3.1225e+01 -8.1711e+00 2.4329e+01 1.9000e-05 5.0000e-06 4.5643e+00 1.1287e+01 -2.2189e+01 2.2292e+01 -1.0000e-06 5.0000e-06 4.5527e+00 5.4790e+00 -5.7104e+00 1.2995e+01 -2.4272e-01 -4.9804e+00 9.2200e+01 -5.2495e+00 -6.7228e+01 -5.3481e+00 -1.0000e-06 -4.0000e-06 -8.4033e+01 -5.5604e+01 -1.2359e+02 -2.4329e+01 3.2200e-04 -9.0000e-06 2.3834e+00 7.6024e+00 -1.7467e+01 -2.2291e+01 -1.0800e-04 -4.0000e-06 2.8191e+01 5.1265e+00 4.4645e+00 -2.1925e+00 -6.4694e+00 -0.0000e+00 -1.7657e+02 -8.9279e+00 -4.2438e+00 3.9081e+01 -7.0000e-06 -1.2000e-05 -4.9071e-02 1.9030e-01 1.4459e+01 4.0985e+01 -6.0000e-06 -1.3000e-05 -7.6047e-01 4.1251e+00 -6.1211e+01 1.1754e+01 -0.0000e+00 3.0000e-06 -4.0000e-06 -6.1000e-05 -1.6580e+01 -2.1925e+00 6.4694e+00 -1.0000e-06 -1.7922e+02 1.2353e+01 1.7858e+02 -3.9081e+01 -2.2820e-03 -4.0193e-02 -4.2420e-03 3.8448e-02 1.1152e+01 -4.0985e+01 8.0000e-06 6.0000e-06 4.0803e+00 6.2153e+00 -6.1409e+01 -1.1754e+01 -6.0000e-06 -6.0000e-06 -6.4160e-03 -7.4566e-02 -1.9608e+01
0.0000e+00 0.0000e+00 0.0000e+00 0.0000e+00 0.0000e+00 -0.0000e+00 -1.4773e+00 9.3259e+01 -1.2862e+00 8.8870e+01 -1.5788e+00 -9.1087e-01 1.5736e+01 5.0000e-06 -1.0000e-06 1.1478e+02 8.7421e+01 -1.1600e+02 8.9846e+00 -4.0621e-01 -0.0000e+00 -3.0595e+00 2.2756e+00 -2.3727e+00 1.6377e+01 -1.0000e-06 -1.0000e-06 1.8568e+00 -3.4969e+00 5.9098e+00 6.4567e+00 -1.0000e-06 -0.0000e+00 5.6465e+00 -2.4402e+00 -5.7204e+00 1.2994e+01 -2.4272e-01 4.9804e+00 -8.9743e+01 -7.3739e-01 -7.0792e+01 5.3481e+00 -7.0000e-06 -1.0000e-06 -7.2539e+01 3.1180e+01 -8.5140e+00 2.4329e+01 1.9000e-05 5.0000e-06 4.5491e+00 1.1393e+01 -2.1939e+01 2.2292e+01 -1.0000e-06 5.0000e-06 4.6137e+00 5.4784e+00 -5.6864e+00 1.2995e+01 -2.4272e-01 -4.9804e+00 9.2115e+01 -5.0326e+00 -6.7166e+01 -5.3481e+00 -1.0000e-06 -4.0000e-06 -9.0361e+01 -5.3752e+01 -1.2592e+02 -2.4329e+01 3.2200e-04 -9.0000e-06 1.8493e+00 6.3001e+00 -1.6404e+01 -2.2291e+01 -1.0800e-04 -4.0000e-06 3.0466e+01 4.9218e+00 8.9083e+00 -2.1925e+00 -6.4694e+00 -0.0000e+00 -1.7660e+02 -8.8653e+00 -4.3106e+00 3.9081e+01 -7.0000e-06 -1.2000e-05 -4.8512e-02 1.8774e-01 1.4489e+01 4.0985e+01 -6.0000e-06 -1.3000e-05 -7.5740e-01 4.1038e+00 -6.1191e+01 1.1754e+01 -0.0000e+00 3.0000e-06 -6.0000e-06 -8.4000e-05 -1.6581e+01 -2.1925e+00 6.4694e+00 -1.0000e-06 -1.7924e+02 1.2432e+01 1.7852e+02 -3.9081e+01 -2.2820e-03 -4.0193e-02 -5.1310e-03 4.2777e-02 1.1197e+01 -4.0985e+01 8.0000e-06 6.0000e-06 4.0306e+00 6.2421e+00 -6.1405e+01 -1.1754e+01 -6.0000e-06 -6.0000e-06 -6.6440e-03 -7.6574e-02 -1.9690e+01
0.0000e+00 0.0000e+00 0.0000e+00 0.0000e+00 0.0000e+00 -0.0000e+00 -1.4734e+00 9.3253e+01 -1.3050e+00 8.8882e+01 -1.5832e+00 -8.6199e-01 1.5736e+01 5.0000e-06 -1.0000e-06 1.1362e+02 8.7426e+01 -1.1485e+02 8.9846e+00 -4.0621e-01 -0.0000e+00 -3.0255e+00 2.1777e+00 -2.3936e+00 1.6377e+01 -1.0000e-06 -1.0000e-06 1.9364e+00 -3.2875e+00 5.7039e+00 6.4567e+00 -1.0000e-06 -0.0000e+00 5.7504e+00 -2.2743e+00 -5.7743e+00 1.2994e+01 -2.4272e-01 4.9804e+00 -8.9736e+01 -7.5848e-01 -7.0782e+01 5.3481e+00 -7.0000e-06 -1.0000e-06 -7.2304e+01 3.0916e+01 -8.6976e+00 2.4329e+01 1.9000e-05 5.0000e-06 4.5494e+00 1.1513e+01 -2.1735e+01 2.2292e+01 -1.0000e-06 5.0000e-06 4.6293e+00 5.4759e+00 -5.5936e+00 1.2995e+01 -2.4272e-01 -4.9804e+00 9.1998e+01 -4.7667e+00 -6.7227e+01 -5.3481e+00 -1.0000e-06 -4.0000e-06 -9.3238e+01 -5.2942e+01 -1.2641e+02 -2.4329e+01 3.2200e-04 -9.0000e-06 1.3970e+00 4.7205e+00 -1.6519e+01 -2.2291e+01 -1.0800e-04 -4.0000e-06 3.3079e+01 4.8148e+00 1.1029e+01 -2.1925e+00 -6.4694e+00 -0.0000e+00 -1.7660e+02 -8.8708e+00 -4.3057e+00 3.9081e+01 -7.0000e-06 -1.2000e-05 -4.9376e-02 1.9018e-01 1.4554e+01 4.0985e+01 -6.0000e-06 -1.3000e-05 -7.5773e-01 4.0934e+00 -6.1212e+01 1.1754e+01 -0.0000e+00 3.0000e-06 -5.0000e-06 -7.2000e-05 -1.6580e+01 -2.1925e+00 6.4694e+00 -1.0000e-06 -1.7928e+02 1.2394e+01 1.7853e+02 -3.9081e+01 -2.2820e-03 -4.0193e-02 -6.5160e-03 4.9473e-02 1.1263e+01 -4.0985e+01 8.0000e-06 6.0000e-06 3.8777e+00 6.2101e+00 -6.1409e+01 -1.1754e+01 -6.0000e-06 -6.0000e-06 -6.6190e-03 -7.6355e-02 -1.9681e+01
0.0000e+00 0.0000e+00 0.0000e+00 0.0000e+00 0.0000e+00 -0.0000e+00 -1.4816e+00 9.3240e+01 -1.3098e+00 8.8913e+01 -1.5965e+00 -7.8079e-01 1.5736e+01 5.0000e-06 -1.0000e-06 1.1216e+02 8.7423e+01 -1.1335e+02 8.9846e+00 -4.0621e-01 -0.0000e+00 -2.9716e+00 2.0547e+00 -2.3302e+00 1.6377e+01 -1.0000e-06 -1.0000e-06 1.9606e+00 -3.1605e+00 5.5716e+00 6.4567e+00 -1.0000e-06 -0.0000e+00 5.9253e+00 -2.1207e+00 -5.9462e+00 1.2994e+01 -2.4272e-01 4.9804e+00 -8.9729e+01 -7.7940e-01 -7.0814e+01 5.3481e+00 -7.0000e-06 -1.0000e-06 -7.2019e+01 3.0697e+01 -8.8961e+00 2.4329e+01 1.9000e-05 5.0000e-06 4.5094e+00 1.1593e+01 -2.1428e+01 2.2292e+01 -1.0000e-06 5.0000e-06 4.6861e+00 5.4735e+00 -5.5018e+00 1.2995e+01 -2.4272e-01 -4.9804e+00 9.1930e+01 -4.5952e+00 -6.7193e+01 -5.3481e+00 -1.0000e-06 -4.0000e-06 -9.3055e+01 -5.2888e+01 -1.2544e+02 -2.4329e+01 3.2200e-04 -9.0000e-06 1.2716e+00 4.0440e+00 -1.7485e+01 -2.2291e+01 -1.0800e-04 -4.0000e-06 3.4490e+01 4.8202e+00 1.0934e+01 -2.1925e+00 -6.4694e+00 -0.0000e+00 -1.7661e+02 -8.8299e+00 -4.2639e+00 3.9081e+01 -7.0000e-06 -1.2000e-05 -5.0905e-02 1.9478e-01 1.4646e+01 4.0985e+01 -6.0000e-06 -1.3000e-05 -7.6811e-01 4.0852e+00 -6.1264e+01 1.1754e+01 -0.0000e+00 3.0000e-06 -7.0000e-06 -9.8000e-05 -1.6581e+01 -2.1925e+00 6.4694e+00 -1.0000e-06 -1.7935e+02 1.2384e+01 1.7853e+02 -3.9081e+01 -2.2820e-03 -4.0193e-02 -9.5630e-03 6.3780e-02 1.1434e+01 -4.0985e+01 8.0000e-06 6.0000e-06 3.6811e+00 6.2450e+00 -6.1463e+01 -1.1754e+01 -6.0000e-06 -6.0000e-06 -6.6710e-03 -7.6815e-02 -1.9700e+01
0.0000e+00 0.0000e+00 0.0000e+00 0.0000e+00 0.0000e+00 -0.0000e+00 -1.4932e+00 9.3243e+01 -1.3224e+00 8.8915e+01 -1.6570e+00 -8.0091e-01 1.5736e+01 5.0000e-06 -1.0000e-06 1.1127e+02 8.7446e+01 -1.1240e+02 8.9846e+00 -4.0621e-01 -0.0000e+00 -2.9868e+00 1.9580e+00 -2.2118e+00 1.6377e+01 -1.0000e-06 -1.0000e-06 2.0117e+00 -3.1456e+00 5.5533e+00 6.4567e+00 -1.0000e-06 -0.0000e+00 6.0374e+00 -2.0196e+00 -6.0013e+00 1.2994e+01 -2.4272e-01 4.9804e+00 -8.9709e+01 -8.3944e-01 -7.0866e+01 5.3481e+00 -7.0000e-06 -1.0000e-06 -7.1731e+01 3.0465e+01 -9.0805e+00 2.4329e+01 1.9000e-05 5.0000e-06 4.5635e+00 1.1903e+01 -2.1154e+01 2.2292e+01 -1.0000e-06 5.0000e-06 4.8451e+00 5.4737e+00 -5.5093e+00 1.2995e+01 -2.4272e-01 -4.9804e+00 9.1933e+01 -4.5841e+00 -6.7112e+01 -5.3481e+00 -1.0000e-06 -4.0000e-06 -9.0718e+01 -5.3343e+01 -1.2366e+02 -2.4329e+01 3.2200e-04 -9.0000e-06 1.3709e+00 3.9094e+00 -1.9357e+01 -2.2291e+01 -1.0800e-04 -4.0000e-06 3.4346e+01 4.8367e+00 1.0617e+01 -2.1925e+00 -6.4694e+00 -0.0000e+00 -1.7662e+02 -8.8687e+00 -4.2701e+00 3.9081e+01 -7.0000e-06 -1.2000e-05 -4.9344e-02 1.8925e-01 1.4613e+01 4.0985e+01 -6.0000e-06 -1.3000e-05 -7.7126e-01 4.0646e+00 -6.1242e+01 1.1754e+01 -0.0000e+00 3.0000e-06 -3.0000e-06 -5.1000e-05 -1.6579e+01 -2.1925e+00 6.4694e+00 -1.0000e-06 -1.7934e+02 1.2302e+01 1.7850e+02 -3.9081e+01 -2.2820e-03 -4.0193e-02 -9.7720e-03 6.4882e-02 1.1422e+01 -4.0985e+01 8.0000e-06 6.0000e-06 3.7034e+00 6.2359e+00 -6.1444e+01 -1.1754e+01 -6.0000e-06 -6.0000e-06 -6.3750e-03 -7.4208e-02 -1.9594e+01
0.0000e+00 0.0000e+00 0.0000e+00 0.0000e+00 0.0000e+00 -0.0000e+00 -1.5237e+00 9.3242e+01 -1.3347e+00 8.8947e+01 -1.7473e+00 -8.2403e-01 1.5736e+01 5.0000e-06 -1.0000e-06 1.1070e+02 8.7473e+01 -1.1179e+02 8.9846e+00 -4.0621e-01 -0.0000e+00 -3.0207e+00 1.8878e+00 -2.1157e+00 1.6377e+01 -1.0000e-06 -1.0000e-06 2.0965e+00 -3.2234e+00 5.6627e+00 6.4567e+00 -1.0000e-06 -0.0000e+00 6.1010e+00 -2.0150e+00 -5.8651e+00 1.2994e+01 -2.4272e-01 4.9804e+00 -8.9710e+01 -8.3715e-01 -7.0903e+01 5.3481e+00 -7.0000e-06 -1.0000e-06 -7.1342e+01 3.0171e+01 -9.2432e+00 2.4329e+01 1.9000e-05 5.0000e-06 4.5264e+00 1.1925e+01 -2.0963e+01 2.2292e+01 -1.0000e-06 5.0000e-06 4.9941e+00 5.4705e+00 -5.3880e+00 1.2995e+01 -2.4272e-01 -4.9804e+00 9.1962e+01 -4.6495e+00 -6.7094e+01 -5.3481e+00 -1.0000e-06 -4.0000e-06 -8.7566e+01 -5.3756e+01 -1.2197e+02 -2.4329e+01 3.2200e-04 -9.0000e-06 1.3065e+00 3.1915e+00 -2.2300e+01 -2.2291e+01 -1.0800e-04 -4.0000e-06 3.3403e+01 4.8677e+00 1.0012e+01 -2.1925e+00 -6.4694e+00 -0.0000e+00 -1.7663e+02 -8.9686e+00 -4.2740e+00 3.9081e+01 -7.0000e-06 -1.2000e-05 -4.9548e-02 1.9047e-01 1.4581e+01 4.0985e+01 -6.0000e-06 -1.3000e-05 -7.9639e-01 4.0576e+00 -6.1221e+01 1.1754e+01 -0.0000e+00 3.0000e-06 -5.0000e-06 -6.5000e-05 -1.6580e+01 -2.1925e+00 6.4694e+00 -1.0000e-06 -1.7935e+02 1.2232e+01 1.7844e+02 -3.9081e+01 -2.2820e-03 -4.0193e-02 -1.0962e-02 7.0619e-02 1.1446e+01 -4.0985e+01 8.0000e-06 6.0000e-06 3.5302e+00 6.2460e+00 -6.1416e+01 -1.1754e+01 -6.0000e-06 -6.0000e-06 -6.7990e-03 -7.7928e-02 -1.9745e+01
0.0000e+00 0.0000e+00 0.0000e+00 0.0000e+00 0.0000e+00 -0.0000e+00 -1.5861e+00 9.3241e+01 -1.3458e+00 8.8960e+01 -1.8453e+00 -7.9588e-01 1.5736e+01 5.0000e-06 -1.0000e-06 1.1042e+02 8.7466e+01 -1.1145e+02 8.9846e+00 -4.0621e-01 -0.0000e+00 -2.9997e+00 1.8644e+00 -2.0177e+00 1.6377e+01 -1.0000e-06 -1.0000e-06 2.1019e+00 -3.3963e+00 5.8829e+00 6.4567e+00 -1.0000e-06 -0.0000e+00 6.1864e+00 -2.1898e+00 -5.6636e+00 1.2994e+01 -2.4272e-01 4.9804e+00 -8.9738e+01 -7.5904e-01 -7.0933e+01 5.3481e+00 -7.0000e-06 -1.0000e-06 -7.0850e+01 2.9822e+01 -9.4953e+00 2.4329e+01 1.9000e-05 5.0000e-06 4.5679e+00 1.2141e+01 -2.0800e+01 2.2292e+01 -1.0000e-06 5.0000e-06 5.0597e+00 5.4696e+00 -5.3553e+00 1.2995e+01 -2.4272e-01 -4.9804e+00 9.1999e+01 -4.7415e+00 -6.7109e+01 -5.3481e+00 -1.0000e-06 -4.0000e-06 -8.3713e+01 -5.4246e+01 -1.2036e+02 -2.4329e+01 3.2200e-04 -9.0000e-06 1.3271e+00 2.7083e+00 -2.6127e+01 -2.2291e+01 -1.0800e-04 -4.0000e-06 3.2636e+01 4.9220e+00 8.9347e+00 -2.1925e+00 -6.4694e+00 -0.0000e+00 -1.7660e+02 -9.0557e+00 -4.2267e+00 3.9081e+01 -7.0000e-06 -1.2000e-05 -4.9599e-02 1.9110e-01 1.4550e+01 4.0985e+01 -6.0000e-06 -1.3000e-05 -8.4137e-01 4.0373e+00 -6.1197e+01 1.1754e+01 -0.0000e+00 3.0000e-06 -6.0000e-06 -9.0000e-05 -1.6581e+01 -2.1925e+00 6.4694e+00 -1.0000e-06 -1.7934e+02 1.2114e+01 1.7842e+02 -3.9081e+01 -2.2820e-03 -4.0193e-02 -1.1567e-02 7.3198e-02 1.1508e+01 -4.0985e+01 8.0000e-06 6.0000e-06 3.6159e+00 6.2667e+00 -6.1445e+01 -1.1754e+01 -6.0000e-06 -6.0000e-06 -6.6390e-03 -7.6529e-02 -1.9688e+01
0.0000e+00 0.0000e+00 0.0000e+00 0.0000e+00 0.0000e+00 -0.0000e+00 -1.6832e+00 9.3239e+01 -1.3673e+00 8.8946e+01 -1.9487e+00 -7.8044e-01 1.5736e+01 5.0000e-06 -1.0000e-06 1.1043e+02 8.7452e+01 -1.1141e+02 8.9846e+00 -4.0621e-01 -0.0000e+00 -2.9751e+00 1.8698e+00 -1.9144e+00 1.6377e+01 -1.0000e-06 -1.0000e-06 2.1637e+00 -3.6470e+00 6.1253e+00 6.4567e+00 -1.0000e-06 -0.0000e+00 6.1384e+00 -2.4979e+00 -5.4557e+00 1.2994e+01 -2.4272e-01 4.9804e+00 -8.9765e+01 -6.8031e-01 -7.0925e+01 5.3481e+00 -7.0000e-06 -1.0000e-06 -7.0473e+01 2.9323e+01 -9.7180e+00 2.4329e+01 1.9000e-05 5.0000e-06 4.5995e+00 1.2303e+01 -2.0683e+01 2.2292e+01 -1.0000e-06 5.0000e-06 5.1963e+00 5.4688e+00 -5.3257e+00 1.2995e+01 -2.4272e-01 -4.9804e+00 9.2008e+01 -4.7513e+00 -6.7053e+01 -5.3481e+00 -1.0000e-06 -4.0000e-06 -7.9335e+01 -5.4633e+01 -1.1894e+02 -2.4329e+01 3.2200e-04 -9.0000e-06 2.1362e+00 3.6135e+00 -3.0620e+01 -2.2291e+01 -1.0800e-04 -4.0000e-06 3.2015e+01 4.9776e+00 7.7888e+00 -2.1925e+00 -6.4694e+00 -0.0000e+00 -1.7651e+02 -9.0888e+00 -4.2037e+00 3.9081e+01 -7.0000e-06 -1.2000e-05 -5.0285e-02 1.9365e-01 1.4556e+01 4.0985e+01 -6.0000e-06 -1.3000e-05 -9.1828e-01 3.9988e+00 -6.1194e+01 1.1754e+01 -0.0000e+00 3.0000e-06 -6.0000e-06 -8.4000e-05 -1.6581e+01 -2.1925e+00 6.4694e+00 -1.0000e-06 -1.7925e+02 1.2096e+01 1.7841e+02 -3.9081e+01 -2.2820e-03 -4.0193e-02 -1.1603e-02 7.3115e-02 1.1548e+01 -4.0985e+01 8.0000e-06 6.0000e-06 3.7272e+00 6.3170e+00 -6.1473e+01 -1.1754e+01 -6.0000e-06 -6.0000e-06 -6.6320e-03 -7.6470e-02 -1.9686e+01
0.0000e+00 0.0000e+00 0.0000e+00 0.0000e+00 0.0000e+00 -0.0000e+00 -1.8058e+00 9.3230e+01 -1.3806e+00 8.8942e+01 -1.9964e+00 -7.7975e-01 1.5736e+01 5.0000e-06 -1.0000e-06 1.1059e+02 8.7436e+01 -1.1153e+02 8.9846e+00 -4.0621e-01 -0.0000e+00 -2.9499e+00 1.8908e+00 -1.8428e+00 1.6377e+01 -1.0000e-06 -1.0000e-06 2.1779e+00 -3.9491e+00 6.3220e+00 6.4567e+00 -1.0000e-06 -0.0000e+00 6.1734e+00 -2.8246e+00 -5.1653e+00 1.2994e+01 -2.4272e-01 4.9804e+00 -8.9777e+01 -6.4617e-01 -7.0964e+01 5.3481e+00 -7.0000e-06 -1.0000e-06 -7.0198e+01 2.8964e+01 -9.9156e+00 2.4329e+01 1.9000e-05 5.0000e-06 4.5596e+00 1.2220e+01 -2.0644e+01 2.2292e+01 -1.0000e-06 5.0000e-06 5.3181e+00 5.4648e+00 -5.1762e+00 1.2995e+01 -2.4272e-01 -4.9804e+00 9.2003e+01 -4.7222e+00 -6.6987e+01 -5.3481e+00 -1.0000e-06 -4.0000e-06 -7.4724e+01 -5.5091e+01 -1.1754e+02 -2.4329e+01 3.2200e-04 -9.0000e-06 2.9624e+00 4.0929e+00 -3.5950e+01 -2.2291e+01 -1.0800e-04 -4.0000e-06 3.1432e+01 5.0683e+00 5.8268e+00 -2.1925e+00 -6.4694e+00 -0.0000e+00 -1.7642e+02 -9.1587e+00 -4.2335e+00 3.9081e+01 -7.0000e-06 -1.2000e-05 -5.1390e-02 1.9708e-01 1.4615e+01 4.0985e+01 -6.0000e-06 -1.3000e-05 -9.9826e-01 4.0424e+00 -6.1205e+01 1.1754e+01 -0.0000e+00 3.0000e-06 -5.0000e-06 -6.5000e-05 -1.6580e+01 -2.1925e+00 6.4694e+00 -1.0000e-06 -1.7918e+02 1.2066e+01 1.7837e+02 -3.9081e+01 -2.2820e-03 -4.0193e-02 -1.2537e-02 7.7405e-02 1.1589e+01 -4.0985e+01 8.0000e-06 6.0000e-06 3.6093e+00 6.3640e+00 -6.1469e+01 -1.1754e+01 -6.0000e-06 -6.0000e-06 -6.5390e-03 -7.5657e-02 -1.9653e+01
0.0000e+00 0.0000e+00 0.0000e+00 0.0000e+00 0.0000e+00 -0.0000e+00 -1.9378e+00 9.3228e+01 -1.3929e+00 8.8903e+01 -2.0474e+00 -7.6956e-01 1.5736e+01 5.0000e-06 -1.0000e-06 1.1055e+02 8.7427e+01 -1.1145e+02 8.9846e+00 -4.0621e-01 -0.0000e+00 -2.9321e+00 1.8902e+00 -1.7549e+00 1.6377e+01 -1.0000e-06 -1.0000e-06 2.1731e+00 -4.2073e+00 6.4448e+00 6.4567e+00 -1.0000e-06 -0.0000e+00 6.2291e+00 -3.1237e+00 -4.9362e+00 1.2994e+01 -2.4272e-01 4.9804e+00 -8.9776e+01 -6.4775e-01 -7.0959e+01 5.3481e+00 -7.0000e-06 -1.0000e-06 -7.0071e+01 2.8663e+01 -1.0005e+01 2.4329e+01 1.9000e-05 5.0000e-06 4.5707e+00 1.2239e+01 -2.0662e+01 2.2292e+01 -1.0000e-06 5.0000e-06 5.3656e+00 5.4675e+00 -5.2779e+00 1.2995e+01 -2.4272e-01 -4.9804e+00 9.1985e+01 -4.6821e+00 -6.6991e+01 -5.3481e+00 -1.0000e-06 -4.0000e-06 -6.9768e+01 -5.5617e+01 -1.1599e+02 -2.4329e+01 3.2200e-04 -9.0000e-06 3.8649e+00 4.3226e+00 -4.1870e+01 -2.2291e+01 -1.0800e-04 -4.0000e-06 3.0931e+01 5.1644e+00 3.5912e+00 -2.1925e+00 -6.4694e+00 -0.0000e+00 -1.7628e+02 -9.2264e+00 -4.2313e+00 3.9081e+01 -7.0000e-06 -1.2000e-05 -5.1998e-02 1.9907e-01 1.4639e+01 4.0985e+01 -6.0000e-06 -1.3000e-05 -1.0922e+00 4.0566e+00 -6.1200e+01 1.1754e+01 -0.0000e+00 3.0000e-06 -5.0000e-06 -6.7000e-05 -1.6580e+01 -2.1925e+00 6.4694e+00 -1.0000e-06 -1.7904e+02 1.2053e+01 1.7837e+02 -3.9081e+01 -2.2820e-03 -4.0193e-02 -1.1900e-02 7.4205e-02 1.1603e+01 -4.0985e+01 8.0000e-06 6.0000e-06 3.8495e+00 6.3830e+00 -6.1509e+01 -1.1754e+01 -6.0000e-06 -6.0000e-06 -6.5780e-03 -7.5998e-02 -1.9667e+01
0.0000e+00 0.0000e+00 0.0000e+00 0.0000e+00 0.0000e+00 -0.0000e+00 -2.0718e+00 9.3225e+01 -1.4008e+00 8.8879e+01 -2.0952e+00 -7.7168e-01 1.5736e+01 5.0000e-06 -1.0000e-06 1.1084e+02 8.7409e+01 -1.1170e+02 8.9846e+00 -4.0621e-01 -0.0000e+00 -2.9090e+00 1.9228e+00 -1.6806e+00 1.6377e+01 -1.0000e-06 -1.0000e-06 2.1684e+00 -4.4029e+00 6.5341e+00 6.4567e+00 -1.0000e-06 -0.0000e+00 6.2527e+00 -3.3394e+00 -4.8977e+00 1.2994e+01 -2.4272e-01 4.9804e+00 -8.9778e+01 -6.4529e-01 -7.1040e+01 5.3481e+00 -7.0000e-06 -1.0000e-06 -7.0000e+01 2.8641e+01 -1.0024e+01 2.4329e+01 1.9000e-05 5.0000e-06 4.5315e+00 1.2075e+01 -2.0749e+01 2.2292e+01 -1.0000e-06 5.0000e-06 5.3923e+00 5.4656e+00 -5.2062e+00 1.2995e+01 -2.4272e-01 -4.9804e+00 9.1969e+01 -4.6358e+00 -6.6957e+01 -5.3481e+00 -1.0000e-06 -4.0000e-06 -6.4387e+01 -5.6352e+01 -1.1415e+02 -2.4329e+01 3.2200e-04 -9.0000e-06 5.3642e+00 4.7769e+00 -4.8424e+01 -2.2291e+01 -1.0800e-04 -4.0000e-06 3.0796e+01 5.2348e+00 1.8325e+00 -2.1925e+00 -6.4694e+00 -0.0000e+00 -1.7617e+02 -9.2333e+00 -4.2352e+00 3.9081e+01 -7.0000e-06 -1.2000e-05 -5.2562e-02 2.0116e-01 1.4643e+01 4.0985e+01 -6.0000e-06 -1.3000e-05 -1.1934e+00 3.9958e+00 -6.1184e+01 1.1754e+01 -0.0000e+00 3.0000e-06 -5.0000e-06 -6.8000e-05 -1.6580e+01 -2.1925e+00 6.4694e+00 -1.0000e-06 -1.7893e+02 1.2068e+01 1.7839e+02 -3.9081e+01 -2.2820e-03 -4.0193e-02 -1.1319e-02 7.1617e-02 1.1565e+01 -4.0985e+01 8.0000e-06 6.0000e-06 3.9370e+00 6.4648e+00 -6.1510e+01 -1.1754e+01 -6.0000e-06 -6.0000e-06 -6.5050e-03 -7.5352e-02 -1.9640e+01
0.0000e+00 0.0000e+00 0.0000e+00 0.0000e+00 0.0000e+00 -0.0000e+00 -2.1908e+00 9.3222e+01 -1.4020e+00 8.8835e+01 -2.2353e+00 -8.1602e-01 1.5736e+01 5.0000e-06 -1.0000e-06 1.1150e+02 8.7398e+01 -1.1232e+02 8.9846e+00 -4.0621e-01 -0.0000e+00 -2.9111e+00 1.9825e+00 -1.5799e+00 1.6377e+01 -1.0000e-06 -1.0000e-06 2.1597e+00 -4.4817e+00 6.5547e+00 6.4567e+00 -1.0000e-06 -0.0000e+00 6.2748e+00 -3.3907e+00 -4.9965e+00 1.2994e+01 -2.4272e-01 4.9804e+00 -8.9786e+01 -6.2524e-01 -7.1075e+01 5.3481e+00 -7.0000e-06 -1.0000e-06 -7.0003e+01 2.8786e+01 -1.0008e+01 2.4329e+01 1.9000e-05 5.0000e-06 4.5718e+00 1.2146e+01 -2.0810e+01 2.2292e+01 -1.0000e-06 5.0000e-06 5.4490e+00 5.4686e+00 -5.3186e+00 1.2995e+01 -2.4272e-01 -4.9804e+00 9.1961e+01 -4.6172e+00 -6.6959e+01 -5.3481e+00 -1.0000e-06 -4.0000e-06 -5.9139e+01 -5.7134e+01 -1.1242e+02 -2.4329e+01 3.2200e-04 -9.0000e-06 7.8627e+00 5.4405e+00 -5.5519e+01 -2.2291e+01 -1.0800e-04 -4.0000e-06 3.0401e+01 5.2798e+00 6.2353e-01 -2.1925e+00 -6.4694e+00 -0.0000e+00 -1.7605e+02 -9.2879e+00 -4.2718e+00 3.9081e+01 -7.0000e-06 -1.2000e-05 -5.2982e-02 2.0243e-01 1.4667e+01 4.0985e+01 -6.0000e-06 -1.3000e-05 -1.2915e+00 3.9290e+00 -6.1193e+01 1.1754e+01 -0.0000e+00 3.0000e-06 -5.0000e-06 -6.8000e-05 -1.6580e+01 -2.1925e+00 6.4694e+00 -1.0000e-06 -1.7878e+02 1.1981e+01 1.7835e+02 -3.9081e+01 -2.2820e-03 -4.0193e-02 -1.0652e-02 6.8543e-02 1.1535e+01 -4.0985e+01 8.0000e-06 6.0000e-06 4.0538e+00 6.4779e+00 -6.1509e+01 -1.1754e+01 -6.0000e-06 -6.0000e-06 -6.5200e-03 -7.5492e-02 -1.9646e+01
0.0000e+00 0.0000e+00 0.0000e+00 0.0000e+00 0.0000e+00 -0.0000e+00 -2.2748e+00 9.3221e+01 -1.3990e+00 8.8849e+01 -2.4260e+00 -8.1200e-01 1.5736e+01 5.0000e-06 -1.0000e-06 1.1218e+02 8.7379e+01 -1.1295e+02 8.9846e+00 -4.0621e-01 -0.0000e+00 -2.8995e+00 2.0491e+00 -1.4872e+00 1.6377e+01 -1.0000e-06 -1.0000e-06 2.1426e+00 -4.5271e+00 6.5778e+00 6.4567e+00 -1.0000e-06 -0.0000e+00 6.2825e+00 -3.4113e+00 -5.2731e+00 1.2994e+01 -2.4272e-01 4.9804e+00 -8.9797e+01 -5.9288e-01 -7.1082e+01 5.3481e+00 -7.0000e-06 -1.0000e-06 -7.0201e+01 2.8974e+01 -9.8951e+00 2.4329e+01 1.9000e-05 5.0000e-06 4.5254e+00 1.2028e+01 -2.0797e+01 2.2292e+01 -1.0000e-06 5.0000e-06 5.3996e+00 5.4679e+00 -5.2929e+00 1.2995e+01 -2.4272e-01 -4.9804e+00 9.1950e+01 -4.6067e+00 -6.7023e+01 -5.3481e+00 -1.0000e-06 -4.0000e-06 -5.4920e+01 -5.7691e+01 -1.1167e+02 -2.4329e+01 3.2200e-04 -9.0000e-06 1.0016e+01 5.3723e+00 -6.2064e+01 -2.2291e+01 -1.0800e-04 -4.0000e-06 2.8826e+01 5.3747e+00 -2.1489e+00 -2.1925e+00 -6.4694e+00 -0.0000e+00 -1.7601e+02 -9.3075e+00 -4.1980e+00 3.9081e+01 -7.0000e-06 -1.2000e-05 -5.3989e-02 2.0717e-01 1.4607e+01 4.0985e+01 -6.0000e-06 -1.3000e-05 -1.3811e+00 3.7201e+00 -6.1184e+01 1.1754e+01 -0.0000e+00 3.0000e-06 -3.0000e-06 -5.1000e-05 -1.6579e+01 -2.1925e+00 6.4694e+00 -1.0000e-06 -1.7877e+02 1.1988e+01 1.7833e+02 -3.9081e+01 -2.2820e-03 -4.0193e-02 -1.1414e-02 7.1994e-02 1.1578e+01 -4.0985e+01 8.0000e-06 6.0000e-06 4.0949e+00 6.6879e+00 -6.1539e+01 -1.1754e+01 -6.0000e-06 -6.0000e-06 -6.1540e-03 -7.2229e-02 -1.9513e+01
0.0000e+00 0.0000e+00 0.0000e+00 0.0000e+00 0.0000e+00 -0.0000e+00 -2.3380e+00 9.3210e+01 -1.3653e+00 8.8816e+01 -2.6311e+00 -7.8594e-01 1.5736e+01 5.0000e-06 -1.0000e-06 1.1266e+02 8.7354e+01 -1.1336e+02 8.9846e+00 -4.0621e-01 -0.0000e+00 -2.8701e+00 2.1031e+00 -1.3468e+00 1.6377e+01 -1.0000e-06 -1.0000e-06 2.1780e+00 -4.4629e+00 6.6088e+00 6.4567e+00 -1.0000e-06 -0.0000e+00 6.2983e+00 -3.2528e+00 -5.6169e+00 1.2994e+01 -2.4272e-01 4.9804e+00 -8.9795e+01 -5.9989e-01 -7.1097e+01 5.3481e+00 -7.0000e-06 -1.0000e-06 -7.0684e+01 2.8966e+01 -9.6475e+00 2.4329e+01 1.9000e-05 5.0000e-06 4.5815e+00 1.2205e+01 -2.0759e+01 2.2292e+01 -1.0000e-06 5.0000e-06 5.3578e+00 5.4709e+00 -5.4042e+00 1.2995e+01 -2.4272e-01 -4.9804e+00 9.1986e+01 -4.6635e+00 -6.6903e+01 -5.3481e+00 -1.0000e-06 -4.0000e-06 -5.2456e+01 -5.7460e+01 -1.1236e+02 -2.4329e+01 3.2200e-04 -9.0000e-06 1.2825e+01 5.4280e+00 -6.7432e+01 -2.2291e+01 -1.0800e-04 -4.0000e-06 2.8058e+01 5.4684e+00 -5.3175e+00 -2.1925e+00 -6.4694e+00 -0.0000e+00 -1.7593e+02 -9.3979e+00 -4.1656e+00 3.9081e+01 -7.0000e-06 -1.2000e-05 -5.4771e-02 2.0878e-01 1.4700e+01 4.0985e+01 -6.0000e-06 -1.3000e-05 -1.4375e+00 3.6391e+00 -6.1263e+01 1.1754e+01 -0.0000e+00 3.0000e-06 -4.0000e-06 -6.3000e-05 -1.6580e+01 -2.1925e+00 6.4694e+00 -1.0000e-06 -1.7871e+02 1.1903e+01 1.7834e+02 -3.9081e+01 -2.2820e-03 -4.0193e-02 -1.1655e-02 7.2795e-02 1.1636e+01 -4.0985e+01 8.0000e-06 6.0000e-06 4.1307e+00 6.8001e+00 -6.1593e+01 -1.1754e+01 -6.0000e-06 -6.0000e-06 -6.2770e-03 -7.3329e-02 -1.9558e+01
0.0000e+00 0.0000e+00 0.0000e+00 0.0000e+00 0.0000e+00 -0.0000e+00 -2.3637e+00 9.3209e+01 -1.3299e+00 8.8792e+01 -2.7915e+00 -7.7780e-01 1.5736e+01 5.0000e-06 -1.0000e-06 1.1334e+02 8.7352e+01 -1.1397e+02 8.9846e+00 -4.0621e-01 -0.0000e+00 -2.8916e+00 2.1564e+00 -1.2208e+00 1.6377e+01 -1.0000e-06 -1.0000e-06 2.2827e+00 -4.4280e+00 6.7215e+00 6.4567e+00 -1.0000e-06 -0.0000e+00 6.3597e+00 -3.1230e+00 -5.9134e+00 1.2994e+01 -2.4272e-01 4.9804e+00 -8.9793e+01 -6.0989e-01 -7.1228e+01 5.3481e+00 -7.0000e-06 -1.0000e-06 -7.1316e+01 2.9129e+01 -9.2603e+00 2.4329e+01 1.9000e-05 5.0000e-06 4.5148e+00 1.2034e+01 -2.0742e+01 2.2292e+01 -1.0000e-06 5.0000e-06 5.2874e+00 5.4672e+00 -5.2649e+00 1.2995e+01 -2.4272e-01 -4.9804e+00 9.2042e+01 -4.7604e+00 -6.6753e+01 -5.3481e+00 -1.0000e-06 -4.0000e-06 -5.1389e+01 -5.6776e+01 -1.1372e+02 -2.4329e+01 3.2200e-04 -9.0000e-06 1.4213e+01 4.9649e+00 -7.1137e+01 -2.2291e+01 -1.0800e-04 -4.0000e-06 2.7840e+01 5.5332e+00 -7.9412e+00 -2.1925e+00 -6.4694e+00 -0.0000e+00 -1.7588e+02 -9.4680e+00 -4.0922e+00 3.9081e+01 -7.0000e-06 -1.2000e-05 -5.5673e-02 2.1259e-01 1.4675e+01 4.0985e+01 -6.0000e-06 -1.3000e-05 -1.4770e+00 3.5388e+00 -6.1289e+01 1.1754e+01 -0.0000e+00 3.0000e-06 -6.0000e-06 -8.9000e-05 -1.6581e+01 -2.1925e+00 6.4694e+00 -1.0000e-06 -1.7866e+02 1.1786e+01 1.7838e+02 -3.9081e+01 -2.2820e-03 -4.0193e-02 -1.0526e-02 6.7407e-02 1.1621e+01 -4.0985e+01 8.0000e-06 6.0000e-06 4.2886e+00 6.8084e+00 -6.1623e+01 -1.1754e+01 -6.0000e-06 -6.0000e-06 -6.4640e-03 -7.4989e-02 -1.9625e+01
0.0000e+00 0.0000e+00 0.0000e+00 0.0000e+00 0.0000e+00 -0.0000e+00 -2.3641e+00 9.3197e+01 -1.2674e+00 8.8791e+01 -2.9194e+00 -7.2500e-01 1.5736e+01 5.0000e-06 -1.0000e-06 1.1345e+02 8.7344e+01 -1.1405e+02 8.9846e+00 -4.0621e-01 -0.0000e+00 -2.8815e+00 2.1690e+00 -1.1333e+00 1.6377e+01 -1.0000e-06 -1.0000e-06 2.3302e+00 -4.4027e+00 6.8121e+00 6.4567e+00 -1.0000e-06 -0.0000e+00 6.4828e+00 -3.0517e+00 -5.9062e+00 1.2994e+01 -2.4272e-01 4.9804e+00 -8.9777e+01 -6.5764e-01 -7.1235e+01 5.3481e+00 -7.0000e-06 -1.0000e-06 -7.1996e+01 2.9568e+01 -9.0274e+00 2.4329e+01 1.9000e-05 5.0000e-06 4.4635e+00 1.2008e+01 -2.0566e+01 2.2292e+01 -1.0000e-06 5.0000e-06 5.2143e+00 5.4686e+00 -5.3185e+00 1.2995e+01 -2.4272e-01 -4.9804e+00 9.2067e+01 -4.8139e+00 -6.6725e+01 -5.3481e+00 -1.0000e-06 -4.0000e-06 -5.1538e+01 -5.6036e+01 -1.1544e+02 -2.4329e+01 3.2200e-04 -9.0000e-06 1.2632e+01 4.1265e+00 -7.2201e+01 -2.2291e+01 -1.0800e-04 -4.0000e-06 2.8183e+01 5.5731e+00 -9.8412e+00 -2.1925e+00 -6.4694e+00 -0.0000e+00 -1.7587e+02 -9.5897e+00 -4.0097e+00 3.9081e+01 -7.0000e-06 -1.2000e-05 -5.5388e-02 2.1030e-01 1.4755e+01 4.0985e+01 -6.0000e-06 -1.3000e-05 -1.4685e+00 3.5567e+00 -6.1389e+01 1.1754e+01 -0.0000e+00 3.0000e-06 -5.0000e-06 -7.0000e-05 -1.6580e+01 -2.1925e+00 6.4694e+00 -1.0000e-06 -1.7869e+02 1.1680e+01 1.7842e+02 -3.9081e+01 -2.2820e-03 -4.0193e-02 -1.1091e-02 6.9515e-02 1.1725e+01 -4.0985e+01 8.0000e-06 6.0000e-06 4.2625e+00 6.8297e+00 -6.1707e+01 -1.1754e+01 -6.0000e-06 -6.0000e-06 -6.2710e-03 -7.3282e-02 -1.9556e+01
0.0000e+00 0.0000e+00 0.0000e+00 0.0000e+00 0.0000e+00 -0.0000e+00 -2.3298e+00 9.3188e+01 -1.2015e+00 8.8795e+01 -2.9606e+00 -6.8126e-01 1.5736e+01 5.0000e-06 -1.0000e-06 1.1417e+02 8.7321e+01 -1.1475e+02 8.9846e+00 -4.0621e-01 -0.0000e+00 -2.8676e+00 2.2466e+00 -1.1131e+00 1.6377e+01 -1.0000e-06 -1.0000e-06 2.3826e+00 -4.4890e+00 6.9858e+00 6.4567e+00 -1.0000e-06 -0.0000e+00 6.5317e+00 -3.1427e+00 -5.7741e+00 1.2994e+01 -2.4272e-01 4.9804e+00 -8.9766e+01 -6.9300e-01 -7.1353e+01 5.3481e+00 -7.0000e-06 -1.0000e-06 -7.2588e+01 3.0175e+01 -8.8122e+00 2.4329e+01 1.9000e-05 5.0000e-06 4.5051e+00 1.2047e+01 -2.0682e+01 2.2292e+01 -1.0000e-06 5.0000e-06 5.0929e+00 5.4706e+00 -5.3920e+00 1.2995e+01 -2.4272e-01 -4.9804e+00 9.2085e+01 -4.8236e+00 -6.6593e+01 -5.3481e+00 -1.0000e-06 -4.0000e-06 -5.3236e+01 -5.5278e+01 -1.1750e+02 -2.4329e+01 3.2200e-04 -9.0000e-06 1.1082e+01 4.0172e+00 -7.0322e+01 -2.2291e+01 -1.0800e-04 -4.0000e-06 2.8452e+01 5.5879e+00 -1.0642e+01 -2.1925e+00 -6.4694e+00 -0.0000e+00 -1.7588e+02 -9.6794e+00 -3.9301e+00 3.9081e+01 -7.0000e-06 -1.2000e-05 -5.6312e-02 2.1305e-01 1.4806e+01 4.0985e+01 -6.0000e-06 -1.3000e-05 -1.4431e+00 3.5956e+00 -6.1473e+01 1.1754e+01 -0.0000e+00 3.0000e-06 -5.0000e-06 -6.7000e-05 -1.6580e+01 -2.1925e+00 6.4694e+00 -1.0000e-06 -1.7874e+02 1.1565e+01 1.7847e+02 -3.9081e+01 -2.2820e-03 -4.0193e-02 -1.1560e-02 7.1327e-02 1.1796e+01 -4.0985e+01 8.0000e-06 6.0000e-06 4.2301e+00 6.7705e+00 -6.1778e+01 -1.1754e+01 -6.0000e-06 -6.0000e-06 -5.9600e-03 -7.0471e-02 -1.9441e+01
0.0000e+00 0.0000e+00 0.0000e+00 0.0000e+00 0.0000e+00 -0.0000e+00 -2.2832e+00 9.3186e+01 -1.1349e+00 8.8783e+01 -2.9022e+00 -6.3760e-01 1.5736e+01 5.0000e-06 -1.0000e-06 1.1423e+02 8.7313e+01 -1.1482e+02 8.9846e+00 -4.0621e-01 -0.0000e+00 -2.8540e+00 2.2593e+00 -1.1294e+00 1.6377e+01 -1.0000e-06 -1.0000e-06 2.3841e+00 -4.5774e+00 7.1576e+00 6.4567e+00 -1.0000e-06 -0.0000e+00 6.5801e+00 -3.2500e+00 -5.5599e+00 1.2994e+01 -2.4272e-01 4.9804e+00 -8.9764e+01 -6.9837e-01 -7.1345e+01 5.3481e+00 -7.0000e-06 -1.0000e-06 -7.3070e+01 3.0929e+01 -8.6712e+00 2.4329e+01 1.9000e-05 5.0000e-06 4.4167e+00 1.1671e+01 -2.0898e+01 2.2292e+01 -1.0000e-06 5.0000e-06 4.8738e+00 5.4711e+00 -5.4102e+00 1.2995e+01 -2.4272e-01 -4.9804e+00 9.2123e+01 -4.9063e+00 -6.6569e+01 -5.3481e+00 -1.0000e-06 -4.0000e-06 -5.6303e+01 -5.4827e+01 -1.1948e+02 -2.4329e+01 3.2200e-04 -9.0000e-06 1.0617e+01 4.7158e+00 -6.6318e+01 -2.2291e+01 -1.0800e-04 -4.0000e-06 2.7906e+01 5.5801e+00 -1.0215e+01 -2.1925e+00 -6.4694e+00 -0.0000e+00 -1.7589e+02 -9.4908e+00 -3.8506e+00 3.9081e+01 -7.0000e-06 -1.2000e-05 -5.6332e-02 2.1307e-01 1.4809e+01 4.0985e+01 -6.0000e-06 -1.3000e-05 -1.4267e+00 3.4913e+00 -6.1525e+01 1.1754e+01 -0.0000e+00 3.0000e-06 -6.0000e-06 -8.5000e-05 -1.6581e+01 -2.1925e+00 6.4694e+00 -1.0000e-06 -1.7875e+02 1.1601e+01 1.7858e+02 -3.9081e+01 -2.2820e-03 -4.0193e-02 -9.4320e-03 6.1226e-02 1.1780e+01 -4.0985e+01 8.0000e-06 6.0000e-06 4.3795e+00 6.7098e+00 -6.1840e+01 -1.1754e+01 -6.0000e-06 -6.0000e-06 -6.3600e-03 -7.4067e-02 -1.9588e+01
0.0000e+00 0.0000e+00 0.0000e+00 0.0000e+00 0.0000e+00 -0.0000e+00 -2.2154e+00 9.3188e+01 -1.0661e+00 8.8788e+01 -2.8258e+00 -6.8039e-01 1.5736e+01 5.0000e-06 -1.0000e-06 1.1497e+02 8.7327e+01 -1.1561e+02 8.9846e+00 -4.0621e-01 -0.0000e+00 -2.9085e+00 2.3151e+00 -1.2158e+00 1.6377e+01 -1.0000e-06 -1.0000e-06 2.4156e+00 -4.6565e+00 7.2232e+00 6.4567e+00 -1.0000e-06 -0.0000e+00 6.5346e+00 -3.3549e+00 -5.2646e+00 1.2994e+01 -2.4272e-01 4.9804e+00 -8.9771e+01 -6.7746e-01 -7.1302e+01 5.3481e+00 -7.0000e-06 -1.0000e-06 -7.3439e+01 3.1544e+01 -8.5030e+00 2.4329e+01 1.9000e-05 5.0000e-06 4.4312e+00 1.1443e+01 -2.1336e+01 2.2292e+01 -1.0000e-06 5.0000e-06 4.6008e+00 5.4751e+00 -5.5628e+00 1.2995e+01 -2.4272e-01 -4.9804e+00 9.2178e+01 -5.0230e+00 -6.6522e+01 -5.3481e+00 -1.0000e-06 -4.0000e-06 -5.9547e+01 -5.5032e+01 -1.2070e+02 -2.4329e+01 3.2200e-04 -9.0000e-06 8.8438e+00 5.0467e+00 -6.0513e+01 -2.2291e+01 -1.0800e-04 -4.0000e-06 2.7718e+01 5.5745e+00 -9.9221e+00 -2.1925e+00 -6.4694e+00 -0.0000e+00 -1.7595e+02 -9.5222e+00 -3.8476e+00 3.9081e+01 -7.0000e-06 -1.2000e-05 -5.5512e-02 2.1044e-01 1.4777e+01 4.0985e+01 -6.0000e-06 -1.3000e-05 -1.3701e+00 3.5354e+00 -6.1550e+01 1.1754e+01 -0.0000e+00 3.0000e-06 -6.0000e-06 -8.5000e-05 -1.6581e+01 -2.1925e+00 6.4694e+00 -1.0000e-06 -1.7878e+02 1.1602e+01 1.7862e+02 -3.9081e+01 -2.2820e-03 -4.0193e-02 -8.0580e-03 5.4917e-02 1.1722e+01 -4.0985e+01 8.0000e-06 6.0000e-06 4.4358e+00 6.6158e+00 -6.1866e+01 -1.1754e+01 -6.0000e-06 -6.0000e-06 -6.1930e-03 -7.2582e-02 -1.9527e+01
0.0000e+00 0.0000e+00 0.0000e+00 0.0000e+00 0.0000e+00 -0.0000e+00 -2.1373e+00 9.3197e+01 -1.0064e+00 8.8799e+01 -2.6463e+00 -7.0643e-01 1.5736e+01 5.0000e-06 -1.0000e-06 1.1491e+02 8.7356e+01 -1.1561e+02 8.9846e+00 -4.0621e-01 -0.0000e+00 -2.9569e+00 2.2917e+00 -1.3347e+00 1.6377e+01 -1.0000e-06 -1.0000e-06 2.4102e+00 -4.6552e+00 7.1915e+00 6.4567e+00 -1.0000e-06 -0.0000e+00 6.4772e+00 -3.3781e+00 -5.1191e+00 1.2994e+01 -2.4272e-01 4.9804e+00 -8.9790e+01 -6.1980e-01 -7.1270e+01 5.3481e+00 -7.0000e-06 -1.0000e-06 -7.3640e+01 3.1922e+01 -8.2886e+00 2.4329e+01 1.9000e-05 5.0000e-06 4.5069e+00 1.1284e+01 -2.1940e+01 2.2292e+01 -1.0000e-06 5.0000e-06 4.4251e+00 5.4820e+00 -5.8254e+00 1.2995e+01 -2.4272e-01 -4.9804e+00 9.2230e+01 -5.1208e+00 -6.6427e+01 -5.3481e+00 -1.0000e-06 -4.0000e-06 -6.2793e+01 -5.5554e+01 -1.2144e+02 -2.4329e+01 3.2200e-04 -9.0000e-06 6.6026e+00 4.9010e+00 -5.3567e+01 -2.2291e+01 -1.0800e-04 -4.0000e-06 2.7209e+01 5.5583e+00 -9.0970e+00 -2.1925e+00 -6.4694e+00 -0.0000e+00 -1.7600e+02 -9.5044e+00 -3.7990e+00 3.9081e+01 -7.0000e-06 -1.2000e-05 -5.5092e-02 2.1055e-01 1.4663e+01 4.0985e+01 -6.0000e-06 -1.3000e-05 -1.3008e+00 3.7143e+00 -6.1526e+01 1.1754e+01 -0.0000e+00 3.0000e-06 -5.0000e-06 -7.3000e-05 -1.6580e+01 -2.1925e+00 6.4694e+00 -1.0000e-06 -1.7882e+02 1.1666e+01 1.7869e+02 -3.9081e+01 -2.2820e-03 -4.0193e-02 -5.7100e-03 4.4029e-02 1.1610e+01 -4.0985e+01 8.0000e-06 6.0000e-06 4.5678e+00 6.5014e+00 -6.1873e+01 -1.1754e+01 -6.0000e-06 -6.0000e-06 -6.1980e-03 -7.2619e-02 -1.9529e+01
0.0000e+00 0.0000e+00 0.0000e+00 0.0000e+00 0.0000e+00 -0.0000e+00 -2.0533e+00 9.3197e+01 -9.4671e-01 8.8803e+01 -2.5094e+00 -7.4842e-01 1.5736e+01 5.0000e-06 -1.0000e-06 1.1442e+02 8.7393e+01 -1.1518e+02 8.9846e+00 -4.0621e-01 -0.0000e+00 -3.0041e+00 2.2261e+00 -1.4729e+00 1.6377e+01 -1.0000e-06 -1.0000e-06 2.4247e+00 -4.5390e+00 7.0565e+00 6.4567e+00 -1.0000e-06 -0.0000e+00 6.3274e+00 -3.2607e+00 -5.1284e+00 1.2994e+01 -2.4272e-01 4.9804e+00 -8.9804e+01 -5.7595e-01 -7.1179e+01 5.3481e+00 -7.0000e-06 -1.0000e-06 -7.3702e+01 3.2269e+01 -8.1509e+00 2.4329e+01 1.9000e-05 5.0000e-06 4.5477e+00 1.1064e+01 -2.2513e+01 2.2292e+01 -1.0000e-06 5.0000e-06 4.3627e+00 5.4852e+00 -5.9478e+00 1.2995e+01 -2.4272e-01 -4.9804e+00 9.2273e+01 -5.2133e+00 -6.6406e+01 -5.3481e+00 -1.0000e-06 -4.0000e-06 -6.6137e+01 -5.6130e+01 -1.2190e+02 -2.4329e+01 3.2200e-04 -9.0000e-06 5.4307e+00 5.2231e+00 -4.6246e+01 -2.2291e+01 -1.0800e-04 -4.0000e-06 2.6512e+01 5.5234e+00 -7.5028e+00 -2.1925e+00 -6.4694e+00 -0.0000e+00 -1.7607e+02 -9.4806e+00 -3.8090e+00 3.9081e+01 -7.0000e-06 -1.2000e-05 -5.4254e-02 2.0750e-01 1.4652e+01 4.0985e+01 -6.0000e-06 -1.3000e-05 -1.2224e+00 3.8246e+00 -6.1565e+01 1.1754e+01 -0.0000e+00 3.0000e-06 -5.0000e-06 -7.5000e-05 -1.6581e+01 -2.1925e+00 6.4694e+00 -1.0000e-06 -1.7886e+02 1.1737e+01 1.7871e+02 -3.9081e+01 -2.2820e-03 -4.0193e-02 -4.8010e-03 3.9680e-02 1.1589e+01 -4.0985e+01 8.0000e-06 6.0000e-06 4.6304e+00 6.4011e+00 -6.1913e+01 -1.1754e+01 -6.0000e-06 -6.0000e-06 -6.0990e-03 -7.1731e-02 -1.9492e+01
0.0000e+00 0.0000e+00 0.0000e+00 0.0000e+00 0.0000e+00 -0.0000e+00 -1.9649e+00 9.3199e+01 -9.1035e-01 8.8823e+01 -2.4158e+00 -7.3694e-01 1.5736e+01 5.0000e-06 -1.0000e-06 1.1369e+02 8.7407e+01 -1.1453e+02 8.9846e+00 -4.0621e-01 -0.0000e+00 -3.0017e+00 2.1617e+00 -1.6202e+00 1.6377e+01 -1.0000e-06 -1.0000e-06 2.3753e+00 -4.3906e+00 6.8090e+00 6.4567e+00 -1.0000e-06 -0.0000e+00 6.2883e+00 -3.1265e+00 -5.2297e+00 1.2994e+01 -2.4272e-01 4.9804e+00 -8.9826e+01 -5.0930e-01 -7.1139e+01 5.3481e+00 -7.0000e-06 -1.0000e-06 -7.3567e+01 3.2560e+01 -8.1249e+00 2.4329e+01 1.9000e-05 5.0000e-06 4.4578e+00 1.0653e+01 -2.2867e+01 2.2292e+01 -1.0000e-06 5.0000e-06 4.2913e+00 5.4845e+00 -5.9226e+00 1.2995e+01 -2.4272e-01 -4.9804e+00 9.2279e+01 -5.2347e+00 -6.6429e+01 -5.3481e+00 -1.0000e-06 -4.0000e-06 -6.9341e+01 -5.6706e+01 -1.2203e+02 -2.4329e+01 3.2200e-04 -9.0000e-06 4.2421e+00 5.2558e+00 -3.8997e+01 -2.2291e+01 -1.0800e-04 -4.0000e-06 2.5731e+01 5.4856e+00 -5.9618e+00 -2.1925e+00 -6.4694e+00 -0.0000e+00 -1.7613e+02 -9.4603e+00 -3.7845e+00 3.9081e+01 -7.0000e-06 -1.2000e-05 -5.4610e-02 2.0917e-01 1.4632e+01 4.0985e+01 -6.0000e-06 -1.3000e-05 -1.1577e+00 3.9272e+00 -6.1571e+01 1.1754e+01 -0.0000e+00 3.0000e-06 -6.0000e-06 -7.8000e-05 -1.6581e+01 -2.1925e+00 6.4694e+00 -1.0000e-06 -1.7895e+02 1.1839e+01 1.7877e+02 -3.9081e+01 -2.2820e-03 -4.0193e-02 -3.8890e-03 3.5316e-02 1.1562e+01 -4.0985e+01 8.0000e-06 6.0000e-06 4.5854e+00 6.4214e+00 -6.1926e+01 -1.1754e+01 -6.0000e-06 -6.0000e-06 -6.2720e-03 -7.3284e-02 -1.9556e+01
0.0000e+00 0.0000e+00 0.0000e+00 0.0000e+00 0.0000e+00 -0.0000e+00 -1.8927e+00 9.3200e+01 -8.8860e-01 8.8816e+01 -2.4108e+00 -7.6540e-01 1.5736e+01 5.0000e-06 -1.0000e-06 1.1316e+02 8.7424e+01 -1.1406e+02 8.9846e+00 -4.0621e-01 -0.0000e+00 -3.0135e+00 2.1097e+00 -1.7466e+00 1.6377e+01 -1.0000e-06 -1.0000e-06 2.3784e+00 -4.1545e+00 6.5330e+00 6.4567e+00 -1.0000e-06 -0.0000e+00 6.1614e+00 -2.9760e+00 -5.4339e+00 1.2994e+01 -2.4272e-01 4.9804e+00 -8.9826e+01 -5.0666e-01 -7.1050e+01 5.3481e+00 -7.0000e-06 -1.0000e-06 -7.3390e+01 3.2602e+01 -8.3034e+00 2.4329e+01 1.9000e-05 5.0000e-06 4.5462e+00 1.0877e+01 -2.2849e+01 2.2292e+01 -1.0000e-06 5.0000e-06 4.3334e+00 5.4890e+00 -6.0954e+00 1.2995e+01 -2.4272e-01 -4.9804e+00 9.2261e+01 -5.2342e+00 -6.6597e+01 -5.3481e+00 -1.0000e-06 -4.0000e-06 -7.2261e+01 -5.7387e+01 -1.2174e+02 -2.4329e+01 3.2200e-04 -9.0000e-06 3.1540e+00 5.0401e+00 -3.2103e+01 -2.2291e+01 -1.0800e-04 -4.0000e-06 2.5288e+01 5.4363e+00 -4.1570e+00 -2.1925e+00 -6.4694e+00 -0.0000e+00 -1.7618e+02 -9.4997e+00 -3.8045e+00 3.9081e+01 -7.0000e-06 -1.2000e-05 -5.4405e-02 2.0824e-01 1.4642e+01 4.0985e+01 -6.0000e-06 -1.3000e-05 -1.0993e+00 3.9262e+00 -6.1598e+01 1.1754e+01 -0.0000e+00 3.0000e-06 -8.0000e-06 -1.0600e-04 -1.6582e+01 -2.1925e+00 6.4694e+00 -1.0000e-06 -1.7900e+02 1.1926e+01 1.7875e+02 -3.9081e+01 -2.2820e-03 -4.0193e-02 -3.9380e-03 3.5590e-02 1.1552e+01 -4.0985e+01 8.0000e-06 6.0000e-06 4.5998e+00 6.4810e+00 -6.1933e+01 -1.1754e+01 -6.0000e-06 -6.0000e-06 -6.4710e-03 -7.5059e-02 -1.9628e+01
0.0000e+00 0.0000e+00 0.0000e+00 0.0000e+00 0.0000e+00 -0.0000e+00 -1.8241e+00 9.3198e+01 -8.8730e-01 8.8853e+01 -2.4837e+00 -7.8870e-01 1.5736e+01 5.0000e-06 -1.0000e-06 1.1283e+02 8.7423e+01 -1.1382e+02 8.9846e+00 -4.0621e-01 -0.0000e+00 -2.9982e+00 2.0916e+00 -1.9229e+00 1.6377e+01 -1.0000e-06 -1.0000e-06 2.3392e+00 -3.9578e+00 6.3002e+00 6.4567e+00 -1.0000e-06 -0.0000e+00 6.1093e+00 -2.7615e+00 -5.6216e+00 1.2994e+01 -2.4272e-01 4.9804e+00 -8.9808e+01 -5.5686e-01 -7.0983e+01 5.3481e+00 -7.0000e-06 -1.0000e-06 -7.3061e+01 3.2596e+01 -8.6373e+00 2.4329e+01 1.9000e-05 5.0000e-06 4.5560e+00 1.1017e+01 -2.2635e+01 2.2292e+01 -1.0000e-06 5.0000e-06 4.3969e+00 5.4859e+00 -5.9763e+00 1.2995e+01 -2.4272e-01 -4.9804e+00 9.2183e+01 -5.1003e+00 -6.6787e+01 -5.3481e+00 -1.0000e-06 -4.0000e-06 -7.4906e+01 -5.7993e+01 -1.2135e+02 -2.4329e+01 3.2200e-04 -9.0000e-06 2.6925e+00 5.6688e+00 -2.5472e+01 -2.2291e+01 -1.0800e-04 -4.0000e-06 2.5660e+01 5.3743e+00 -2.1303e+00 -2.1925e+00 -6.4694e+00 -0.0000e+00 -1.7628e+02 -9.4728e+00 -3.8294e+00 3.9081e+01 -7.0000e-06 -1.2000e-05 -5.3661e-02 2.0532e-01 1.4646e+01 4.0985e+01 -6.0000e-06 -1.3000e-05 -1.0669e+00 3.8135e+00 -6.1608e+01 1.1754e+01 -0.0000e+00 3.0000e-06 -3.0000e-06 -4.4000e-05 -1.6579e+01 -2.1925e+00 6.4694e+00 -1.0000e-06 -1.7910e+02 1.1961e+01 1.7869e+02 -3.9081e+01 -2.2820e-03 -4.0193e-02 -5.5800e-03 4.3422e-02 1.1603e+01 -4.0985e+01 8.0000e-06 6.0000e-06 4.3647e+00 6.6156e+00 -6.1919e+01 -1.1754e+01 -6.0000e-06 -6.0000e-06 -6.3050e-03 -7.3584e-02 -1.9568e+01
0.0000e+00 0.0000e+00 0.0000e+00 0.0000e+00 0.0000e+00 -0.0000e+00 -1.7652e+00 9.3208e+01 -9.0835e-01 8.8823e+01 -2.5298e+00 -8.0188e-01 1.5736e+01 5.0000e-06 -1.0000e-06 1.1260e+02 8.7414e+01 -1.1364e+02 8.9846e+00 -4.0621e-01 -0.0000e+00 -2.9728e+00 2.0839e+00 -2.0231e+00 1.6377e+01 -1.0000e-06 -1.0000e-06 2.2945e+00 -3.7080e+00 6.0529e+00 6.4567e+00 -1.0000e-06 -0.0000e+00 6.0285e+00 -2.6136e+00 -5.7060e+00 1.2994e+01 -2.4272e-01 4.9804e+00 -8.9795e+01 -5.9363e-01 -7.0923e+01 5.3481e+00 -7.0000e-06 -1.0000e-06 -7.2731e+01 3.2266e+01 -8.9623e+00 2.4329e+01 1.9000e-05 5.0000e-06 4.5532e+00 1.1179e+01 -2.2331e+01 2.2292e+01 -1.0000e-06 5.0000e-06 4.4719e+00 5.4836e+00 -5.8856e+00 1.2995e+01 -2.4272e-01 -4.9804e+00 9.2130e+01 -4.9904e+00 -6.6850e+01 -5.3481e+00 -1.0000e-06 -4.0000e-06 -7.7931e+01 -5.8049e+01 -1.2137e+02 -2.4329e+01 3.2200e-04 -9.0000e-06 1.9020e+00 5.4568e+00 -1.9251e+01 -2.2291e+01 -1.0800e-04 -4.0000e-06 2.6820e+01 5.2900e+00 3.3398e-01 -2.1925e+00 -6.4694e+00 -0.0000e+00 -1.7629e+02 -9.5131e+00 -3.8217e+00 3.9081e+01 -7.0000e-06 -1.2000e-05 -5.3509e-02 2.0539e-01 1.4602e+01 4.0985e+01 -6.0000e-06 -1.3000e-05 -1.0228e+00 3.8422e+00 -6.1588e+01 1.1754e+01 -0.0000e+00 3.0000e-06 -5.0000e-06 -6.8000e-05 -1.6580e+01 -2.1925e+00 6.4694e+00 -1.0000e-06 -1.7910e+02 1.1991e+01 1.7871e+02 -3.9081e+01 -2.2820e-03 -4.0193e-02 -4.2790e-03 3.7396e-02 1.1511e+01 -4.0985e+01 8.0000e-06 6.0000e-06 4.4576e+00 6.6604e+00 -6.1866e+01 -1.1754e+01 -6.0000e-06 -6.0000e-06 -6.2060e-03 -7.2696e-02 -1.9532e+01
0.0000e+00 0.0000e+00 0.0000e+00 0.0000e+00 0.0000e+00 -0.0000e+00 -1.7282e+00 9.3212e+01 -9.3593e-01 8.8833e+01 -2.5411e+00 -8.0788e-01 1.5736e+01 5.0000e-06 -1.0000e-06 1.1187e+02 8.7407e+01 -1.1297e+02 8.9846e+00 -4.0621e-01 -0.0000e+00 -2.9341e+00 2.0338e+00 -2.1483e+00 1.6377e+01 -1.0000e-06 -1.0000e-06 2.2360e+00 -3.5602e+00 5.9023e+00 6.4567e+00 -1.0000e-06 -0.0000e+00 5.9700e+00 -2.4493e+00 -5.7786e+00 1.2994e+01 -2.4272e-01 4.9804e+00 -8.9784e+01 -6.2443e-01 -7.0885e+01 5.3481e+00 -7.0000e-06 -1.0000e-06 -7.2290e+01 3.1845e+01 -9.2780e+00 2.4329e+01 1.9000e-05 5.0000e-06 4.5108e+00 1.1211e+01 -2.2085e+01 2.2292e+01 -1.0000e-06 5.0000e-06 4.6045e+00 5.4780e+00 -5.6741e+00 1.2995e+01 -2.4272e-01 -4.9804e+00 9.2062e+01 -4.8187e+00 -6.6800e+01 -5.3481e+00 -1.0000e-06 -4.0000e-06 -8.2241e+01 -5.7093e+01 -1.2275e+02 -2.4329e+01 3.2200e-04 -9.0000e-06 1.1200e+00 4.5746e+00 -1.3775e+01 -2.2291e+01 -1.0800e-04 -4.0000e-06 2.8422e+01 5.1776e+00 3.2548e+00 -2.1925e+00 -6.4694e+00 -0.0000e+00 -1.7634e+02 -9.4990e+00 -3.8367e+00 3.9081e+01 -7.0000e-06 -1.2000e-05 -5.2888e-02 2.0336e-01 1.4578e+01 4.0985e+01 -6.0000e-06 -1.3000e-05 -9.9389e-01 3.8270e+00 -6.1562e+01 1.1754e+01 -0.0000e+00 3.0000e-06 -6.0000e-06 -8.7000e-05 -1.6581e+01 -2.1925e+00 6.4694e+00 -1.0000e-06 -1.7913e+02 1.1976e+01 1.7869e+02 -3.9081e+01 -2.2820e-03 -4.0193e-02 -4.4050e-03 3.8096e-02 1.1486e+01 -4.0985e+01 8.0000e-06 6.0000e-06 4.3862e+00 6.6660e+00 -6.1824e+01 -1.1754e+01 -6.0000e-06 -6.0000e-06 -6.2490e-03 -7.3078e-02 -1.9547e+01
0.0000e+00 0.0000e+00 0.0000e+00 0.0000e+00 0.0000e+00 -0.0000e+00 -1.6991e+00 9.3216e+01 -9.6149e-01 8.8854e+01 -2.4815e+00 -8.5863e-01 1.5736e+01 5.0000e-06 -1.0000e-06 1.1087e+02 8.7433e+01 -1.1203e+02 8.9846e+00 -4.0621e-01 -0.0000e+00 -2.9490e+00 1.9367e+00 -2.2664e+00 1.6377e+01 -1.0000e-06 -1.0000e-06 2.2063e+00 -3.4750e+00 5.7964e+00 6.4567e+00 -1.0000e-06 -0.0000e+00 5.9971e+00 -2.2874e+00 -5.6954e+00 1.2994e+01 -2.4272e-01 4.9804e+00 -8.9761e+01 -6.8883e-01 -7.0851e+01 5.3481e+00 -7.0000e-06 -1.0000e-06 -7.1802e+01 3.1419e+01 -9.5839e+00 2.4329e+01 1.9000e-05 5.0000e-06 4.5750e+00 1.1543e+01 -2.1795e+01 2.2292e+01 -1.0000e-06 5.0000e-06 4.8565e+00 5.4775e+00 -5.6522e+00 1.2995e+01 -2.4272e-01 -4.9804e+00 9.1962e+01 -4.5823e+00 -6.6791e+01 -5.3481e+00 -1.0000e-06 -4.0000e-06 -8.6937e+01 -5.5684e+01 -1.2462e+02 -2.4329e+01 3.2200e-04 -9.0000e-06 6.5740e-01 3.5694e+00 -1.0457e+01 -2.2291e+01 -1.0800e-04 -4.0000e-06 3.0489e+01 4.9979e+00 7.3273e+00 -2.1925e+00 -6.4694e+00 -0.0000e+00 -1.7638e+02 -9.5199e+00 -3.9103e+00 3.9081e+01 -7.0000e-06 -1.2000e-05 -5.2452e-02 2.0205e-01 1.4553e+01 4.0985e+01 -6.0000e-06 -1.3000e-05 -9.6578e-01 3.8887e+00 -6.1520e+01 1.1754e+01 -0.0000e+00 3.0000e-06 -5.0000e-06 -7.4000e-05 -1.6580e+01 -2.1925e+00 6.4694e+00 -1.0000e-06 -1.7916e+02 1.1925e+01 1.7862e+02 -3.9081e+01 -2.2820e-03 -4.0193e-02 -5.9660e-03 4.5817e-02 1.1477e+01 -4.0985e+01 8.0000e-06 6.0000e-06 4.2541e+00 6.5638e+00 -6.1769e+01 -1.1754e+01 -6.0000e-06 -6.0000e-06 -6.3040e-03 -7.3569e-02 -1.9567e+01
0.0000e+00 0.0000e+00 0.0000e+00 0.0000e+00 0.0000e+00 -0.0000e+00 -1.7021e+00 9.3214e+01 -9.9249e-01 8.8853e+01 -2.3740e+00 -8.2012e-01 1.5736e+01 5.0000e-06 -1.0000e-06 1.0973e+02 8.7436e+01 -1.1092e+02 8.9846e+00 -4.0621e-01 -0.0000e+00 -2.9192e+00 1.8412e+00 -2.3159e+00 1.6377e+01 -1.0000e-06 -1.0000e-06 2.2114e+00 -3.4704e+00 5.7435e+00 6.4567e+00 -1.0000e-06 -0.0000e+00 6.0150e+00 -2.2641e+00 -5.6181e+00 1.2994e+01 -2.4272e-01 4.9804e+00 -8.9740e+01 -7.5220e-01 -7.0924e+01 5.3481e+00 -7.0000e-06 -1.0000e-06 -7.1330e+01 3.0947e+01 -9.7911e+00 2.4329e+01 1.9000e-05 5.0000e-06 4.5942e+00 1.1730e+01 -2.1567e+01 2.2292e+01 -1.0000e-06 5.0000e-06 4.9938e+00 5.4758e+00 -5.5892e+00 1.2995e+01 -2.4272e-01 -4.9804e+00 9.1857e+01 -4.3187e+00 -6.6709e+01 -5.3481e+00 -1.0000e-06 -4.0000e-06 -9.0563e+01 -5.4170e+01 -1.2608e+02 -2.4329e+01 3.2200e-04 -9.0000e-06 4.9441e-01 2.9820e+00 -9.4374e+00 -2.2291e+01 -1.0800e-04 -4.0000e-06 3.3354e+01 4.7967e+00 1.1358e+01 -2.1925e+00 -6.4694e+00 -0.0000e+00 -1.7638e+02 -9.4520e+00 -3.9436e+00 3.9081e+01 -7.0000e-06 -1.2000e-05 -5.2390e-02 2.0089e-01 1.4616e+01 4.0985e+01 -6.0000e-06 -1.3000e-05 -9.5528e-01 3.9448e+00 -6.1518e+01 1.1754e+01 -0.0000e+00 3.0000e-06 -6.0000e-06 -8.7000e-05 -1.6581e+01 -2.1925e+00 6.4694e+00 -1.0000e-06 -1.7915e+02 1.1902e+01 1.7863e+02 -3.9081e+01 -2.2820e-03 -4.0193e-02 -6.6820e-03 4.9209e-02 1.1507e+01 -4.0985e+01 8.0000e-06 6.0000e-06 4.1833e+00 6.4359e+00 -6.1753e+01 -1.1754e+01 -6.0000e-06 -6.0000e-06 -6.5540e-03 -7.5789e-02 -1.9658e+01
0.0000e+00 0.0000e+00 0.0000e+00 0.0000e+00 0.0000e+00 -0.0000e+00 -1.7078e+00 9.3210e+01 -1.0152e+00 8.8872e+01 -2.2745e+00 -7.9865e-01 1.5736e+01 5.0000e-06 -1.0000e-06 1.0881e+02 8.7442e+01 -1.0996e+02 8.9846e+00 -4.0621e-01 -0.0000e+00 -2.9060e+00 1.7556e+00 -2.2621e+00 1.6377e+01 -1.0000e-06 -1.0000e-06 2.1965e+00 -3.4671e+00 5.7338e+00 6.4567e+00 -1.0000e-06 -0.0000e+00 6.0776e+00 -2.2530e+00 -5.7117e+00 1.2994e+01 -2.4272e-01 4.9804e+00 -8.9717e+01 -8.2325e-01 -7.1001e+01 5.3481e+00 -7.0000e-06 -1.0000e-06 -7.0929e+01 3.0605e+01 -1.0007e+01 2.4329e+01 1.9000e-05 5.0000e-06 4.6038e+00 1.1966e+01 -2.1226e+01 2.2292e+01 -1.0000e-06 5.0000e-06 5.0477e+00 5.4758e+00 -5.5890e+00 1.2995e+01 -2.4272e-01 -4.9804e+00 9.1822e+01 -4.2290e+00 -6.6671e+01 -5.3481e+00 -1.0000e-06 -4.0000e-06 -9.1142e+01 -5.3682e+01 -1.2587e+02 -2.4329e+01 3.2200e-04 -9.0000e-06 4.3136e-01 2.5025e+00 -9.8074e+00 -2.2291e+01 -1.0800e-04 -4.0000e-06 3.5227e+01 4.7331e+00 1.2559e+01 -2.1925e+00 -6.4694e+00 -0.0000e+00 -1.7639e+02 -9.4209e+00 -3.9683e+00 3.9081e+01 -7.0000e-06 -1.2000e-05 -5.2170e-02 1.9942e-01 1.4660e+01 4.0985e+01 -6.0000e-06 -1.3000e-05 -9.4662e-01 4.0042e+00 -6.1521e+01 1.1754e+01 -0.0000e+00 3.0000e-06 -6.0000e-06 -7.8000e-05 -1.6581e+01 -2.1925e+00 6.4694e+00 -1.0000e-06 -1.7918e+02 1.1901e+01 1.7861e+02 -3.9081e+01 -2.2820e-03 -4.0193e-02 -8.1440e-03 5.6084e-02 1.1569e+01 -4.0985e+01 8.0000e-06 6.0000e-06 4.0674e+00 6.3482e+00 -6.1755e+01 -1.1754e+01 -6.0000e-06 -6.0000e-06 -6.3790e-03 -7.4242e-02 -1.9595e+01
0.0000e+00 0.0000e+00 0.0000e+00 0.0000e+00 0.0000e+00 -0.0000e+00 -1.7195e+00 9.3211e+01 -1.0330e+00 8.8899e+01 -2.2088e+00 -7.2058e-01 1.5736e+01 5.0000e-06 -1.0000e-06 1.0793e+02 8.7443e+01 -1.0903e+02 8.9846e+00 -4.0621e-01 -0.0000e+00 -2.8837e+00 1.6763e+00 -2.1743e+00 1.6377e+01 -1.0000e-06 -1.0000e-06 2.1749e+00 -3.4683e+00 5.7263e+00 6.4567e+00 -1.0000e-06 -0.0000e+00 6.2324e+00 -2.2434e+00 -5.6202e+00 1.2994e+01 -2.4272e-01 4.9804e+00 -8.9692e+01 -8.9723e-01 -7.1024e+01 5.3481e+00 -7.0000e-06 -1.0000e-06 -7.0540e+01 3.0364e+01 -1.0208e+01 2.4329e+01 1.9000e-05 5.0000e-06 4.4831e+00 1.1862e+01 -2.0878e+01 2.2292e+01 -1.0000e-06 5.0000e-06 5.0316e+00 5.4713e+00 -5.4190e+00 1.2995e+01 -2.4272e-01 -4.9804e+00 9.1832e+01 -4.2639e+00 -6.6720e+01 -5.3481e+00 -1.0000e-06 -4.0000e-06 -8.8948e+01 -5.4094e+01 -1.2413e+02 -2.4329e+01 3.2200e-04 -9.0000e-06 4.8081e-01 2.3178e+00 -1.1747e+01 -2.2291e+01 -1.0800e-04 -4.0000e-06 3.5060e+01 4.7683e+00 1.1910e+01 -2.1925e+00 -6.4694e+00 -0.0000e+00 -1.7639e+02 -9.3999e+00 -3.8896e+00 3.9081e+01 -7.0000e-06 -1.2000e-05 -5.1990e-02 1.9930e-01 1.4620e+01 4.0985e+01 -6.0000e-06 -1.3000e-05 -9.5282e-01 4.0404e+00 -6.1483e+01 1.1754e+01 -0.0000e+00 3.0000e-06 -6.0000e-06 -8.2000e-05 -1.6581e+01 -2.1925e+00 6.4694e+00 -1.0000e-06 -1.7921e+02 1.1923e+01 1.7867e+02 -3.9081e+01 -2.2820e-03 -4.0193e-02 -8.1440e-03 5.5961e-02 1.1594e+01 -4.0985e+01 8.0000e-06 6.0000e-06 4.0719e+00 6.3178e+00 -6.1763e+01 -1.1754e+01 -6.0000e-06 -6.0000e-06 -6.4410e-03 -7.4786e-02 -1.9617e+01
0.0000e+00 0.0000e+00 0.0000e+00 0.0000e+00 0.0000e+00 -0.0000e+00 -1.7506e+00 9.3206e+01 -1.0691e+00 8.8912e+01 -2.2062e+00 -7.1306e-01 1.5736e+01 5.0000e-06 -1.0000e-06 1.0774e+02 8.7454e+01 -1.0879e+02 8.9846e+00 -4.0621e-01 -0.0000e+00 -2.9016e+00 1.6483e+00 -2.0547e+00 1.6377e+01 -1.0000e-06 -1.0000e-06 2.1890e+00 -3.5492e+00 5.8044e+00 6.4567e+00 -1.0000e-06 -0.0000e+00 6.2956e+00 -2.2934e+00 -5.5547e+00 1.2994e+01 -2.4272e-01 4.9804e+00 -8.9685e+01 -9.1405e-01 -7.0983e+01 5.3481e+00 -7.0000e-06 -1.0000e-06 -7.0176e+01 2.9944e+01 -1.0355e+01 2.4329e+01 1.9000e-05 5.0000e-06 4.5608e+00 1.2189e+01 -2.0697e+01 2.2292e+01 -1.0000e-06 5.0000e-06 5.1732e+00 5.4700e+00 -5.3715e+00 1.2995e+01 -2.4272e-01 -4.9804e+00 9.1881e+01 -4.3823e+00 -6.6743e+01 -5.3481e+00 -1.0000e-06 -4.0000e-06 -8.5257e+01 -5.4758e+01 -1.2205e+02 -2.4329e+01 3.2200e-04 -9.0000e-06 4.8508e-01 1.8440e+00 -1.4780e+01 -2.2291e+01 -1.0800e-04 -4.0000e-06 3.3908e+01 4.8301e+00 1.0741e+01 -2.1925e+00 -6.4694e+00 -0.0000e+00 -1.7639e+02 -9.4255e+00 -3.9356e+00 3.9081e+01 -7.0000e-06 -1.2000e-05 -5.2665e-02 2.0102e-01 1.4681e+01 4.0985e+01 -6.0000e-06 -1.3000e-05 -9.6456e-01 4.0832e+00 -6.1487e+01 1.1754e+01 -0.0000e+00 3.0000e-06 -4.0000e-06 -6.0000e-05 -1.6580e+01 -2.1925e+00 6.4694e+00 -1.0000e-06 -1.7921e+02 1.1943e+01 1.7860e+02 -3.9081e+01 -2.2820e-03 -4.0193e-02 -9.8880e-03 6.3878e-02 1.1696e+01 -4.0985e+01 8.0000e-06 6.0000e-06 3.9798e+00 6.3387e+00 -6.1775e+01 -1.1754e+01 -6.0000e-06 -6.0000e-06 -6.2910e-03 -7.3459e-02 -1.9563e+01
0.0000e+00 0.0000e+00 0.0000e+00 0.0000e+00 0.0000e+00 -0.0000e+00 -1.7946e+00 9.3208e+01 -1.1060e+00 8.8936e+01 -2.2118e+00 -6.6130e-01 1.5736e+01 5.0000e-06 -1.0000e-06 1.0829e+02 8.7440e+01 -1.0929e+02 8.9846e+00 -4.0621e-01 -0.0000e+00 -2.8896e+00 1.6993e+00 -1.9639e+00 1.6377e+01 -1.0000e-06 -1.0000e-06 2.2204e+00 -3.6843e+00 5.9790e+00 6.4567e+00 -1.0000e-06 -0.0000e+00 6.2846e+00 -2.4583e+00 -5.4478e+00 1.2994e+01 -2.4272e-01 4.9804e+00 -8.9698e+01 -8.7991e-01 -7.1028e+01 5.3481e+00 -7.0000e-06 -1.0000e-06 -6.9828e+01 2.9461e+01 -1.0402e+01 2.4329e+01 1.9000e-05 5.0000e-06 4.5850e+00 1.2277e+01 -2.0663e+01 2.2292e+01 -1.0000e-06 5.0000e-06 5.3203e+00 5.4680e+00 -5.2949e+00 1.2995e+01 -2.4272e-01 -4.9804e+00 9.1948e+01 -4.5405e+00 -6.6754e+01 -5.3481e+00 -1.0000e-06 -4.0000e-06 -8.1593e+01 -5.5275e+01 -1.2053e+02 -2.4329e+01 3.2200e-04 -9.0000e-06 4.3145e-01 1.2621e+00 -1.8935e+01 -2.2291e+01 -1.0800e-04 -4.0000e-06 3.2419e+01 4.8890e+00 9.5913e+00 -2.1925e+00 -6.4694e+00 -0.0000e+00 -1.7637e+02 -9.4458e+00 -3.9023e+00 3.9081e+01 -7.0000e-06 -1.2000e-05 -5.2507e-02 2.0085e-01 1.4650e+01 4.0985e+01 -6.0000e-06 -1.3000e-05 -9.9576e-01 4.0909e+00 -6.1432e+01 1.1754e+01 -0.0000e+00 3.0000e-06 -5.0000e-06 -7.3000e-05 -1.6580e+01 -2.1925e+00 6.4694e+00 -1.0000e-06 -1.7921e+02 1.1934e+01 1.7859e+02 -3.9081e+01 -2.2820e-03 -4.0193e-02 -1.0134e-02 6.4729e-02 1.1755e+01 -4.0985e+01 8.0000e-06 6.0000e-06 4.0548e+00 6.3483e+00 -6.1792e+01 -1.1754e+01 -6.0000e-06 -6.0000e-06 -6.3460e-03 -7.3946e-02 -1.9583e+01
0.0000e+00 0.0000e+00 0.0000e+00 0.0000e+00 0.0000e+00 -0.0000e+00 -1.8731e+00 9.3214e+01 -1.1658e+00 8.8935e+01 -2.1822e+00 -6.4636e-01 1.5736e+01 5.0000e-06 -1.0000e-06 1.0879e+02 8.7434e+01 -1.0975e+02 8.9846e+00 -4.0621e-01 -0.0000e+00 -2.8933e+00 1.7416e+00 -1.8826e+00 1.6377e+01 -1.0000e-06 -1.0000e-06 2.2482e+00 -3.9074e+00 6.1638e+00 6.4567e+00 -1.0000e-06 -0.0000e+00 6.2353e+00 -2.7628e+00 -5.2102e+00 1.2994e+01 -2.4272e-01 4.9804e+00 -8.9724e+01 -8.0243e-01 -7.0992e+01 5.3481e+00 -7.0000e-06 -1.0000e-06 -6.9532e+01 2.8953e+01 -1.0484e+01 2.4329e+01 1.9000e-05 5.0000e-06 4.5772e+00 1.2278e+01 -2.0630e+01 2.2292e+01 -1.0000e-06 5.0000e-06 5.3543e+00 5.4662e+00 -5.2286e+00 1.2995e+01 -2.4272e-01 -4.9804e+00 9.2003e+01 -4.6784e+00 -6.6793e+01 -5.3481e+00 -1.0000e-06 -4.0000e-06 -7.7663e+01 -5.5822e+01 -1.1917e+02 -2.4329e+01 3.2200e-04 -9.0000e-06 5.6002e-01 1.2623e+00 -2.3961e+01 -2.2291e+01 -1.0800e-04 -4.0000e-06 3.1213e+01 4.9691e+00 7.9637e+00 -2.1925e+00 -6.4694e+00 -0.0000e+00 -1.7631e+02 -9.3912e+00 -3.8895e+00 3.9081e+01 -7.0000e-06 -1.2000e-05 -5.3171e-02 2.0440e-01 1.4581e+01 4.0985e+01 -6.0000e-06 -1.3000e-05 -1.0574e+00 4.0897e+00 -6.1354e+01 1.1754e+01 -0.0000e+00 3.0000e-06 -7.0000e-06 -9.6000e-05 -1.6581e+01 -2.1925e+00 6.4694e+00 -1.0000e-06 -1.7914e+02 1.1891e+01 1.7859e+02 -3.9081e+01 -2.2820e-03 -4.0193e-02 -9.2100e-03 6.0485e-02 1.1718e+01 -4.0985e+01 8.0000e-06 6.0000e-06 4.1417e+00 6.2777e+00 -6.1751e+01 -1.1754e+01 -6.0000e-06 -6.0000e-06 -6.3130e-03 -7.3654e-02 -1.9571e+01
0.0000e+00 0.0000e+00 0.0000e+00 0.0000e+00 0.0000e+00 -0.0000e+00 -1.9615e+00 9.3214e+01 -1.2135e+00 8.8942e+01 -2.1661e+00 -6.4613e-01 1.5736e+01 5.0000e-06 -1.0000e-06 1.0993e+02 8.7418e+01 -1.1086e+02 8.9846e+00 -4.0621e-01 -0.0000e+00 -2.8963e+00 1.8463e+00 -1.8138e+00 1.6377e+01 -1.0000e-06 -1.0000e-06 2.2908e+00 -4.1465e+00 6.2890e+00 6.4567e+00 -1.0000e-06 -0.0000e+00 6.1918e+00 -3.1358e+00 -4.8912e+00 1.2994e+01 -2.4272e-01 4.9804e+00 -8.9760e+01 -6.9448e-01 -7.0936e+01 5.3481e+00 -7.0000e-06 -1.0000e-06 -6.9367e+01 2.8506e+01 -1.0547e+01 2.4329e+01 1.9000e-05 5.0000e-06 4.6524e+00 1.2486e+01 -2.0627e+01 2.2292e+01 -1.0000e-06 5.0000e-06 5.5291e+00 5.4665e+00 -5.2389e+00 1.2995e+01 -2.4272e-01 -4.9804e+00 9.2022e+01 -4.7314e+00 -6.6824e+01 -5.3481e+00 -1.0000e-06 -4.0000e-06 -7.4080e+01 -5.6246e+01 -1.1829e+02 -2.4329e+01 3.2200e-04 -9.0000e-06 1.3116e+00 2.2881e+00 -2.9822e+01 -2.2291e+01 -1.0800e-04 -4.0000e-06 3.0176e+01 5.0705e+00 5.7734e+00 -2.1925e+00 -6.4694e+00 -0.0000e+00 -1.7626e+02 -9.3859e+00 -3.9228e+00 3.9081e+01 -7.0000e-06 -1.2000e-05 -5.3546e-02 2.0587e-01 1.4579e+01 4.0985e+01 -6.0000e-06 -1.3000e-05 -1.1192e+00 4.0997e+00 -6.1310e+01 1.1754e+01 -0.0000e+00 3.0000e-06 -5.0000e-06 -6.8000e-05 -1.6580e+01 -2.1925e+00 6.4694e+00 -1.0000e-06 -1.7908e+02 1.1910e+01 1.7854e+02 -3.9081e+01 -2.2820e-03 -4.0193e-02 -9.2650e-03 6.0565e-02 1.1753e+01 -4.0985e+01 8.0000e-06 6.0000e-06 4.1614e+00 6.2919e+00 -6.1747e+01 -1.1754e+01 -6.0000e-06 -6.0000e-06 -6.4650e-03 -7.5003e-02 -1.9626e+01
0.0000e+00 0.0000e+00 0.0000e+00 0.0000e+00 0.0000e+00 -0.0000e+00 -2.0752e+00 9.3217e+01 -1.2747e+00 8.8915e+01 -2.0982e+00 -6.6038e-01 1.5736e+01 5.0000e-06 -1.0000e-06 1.1087e+02 8.7413e+01 -1.1176e+02 8.9846e+00 -4.0621e-01 -0.0000e+00 -2.9175e+00 1.9249e+00 -1.7186e+00 1.6377e+01 -1.0000e-06 -1.0000e-06 2.3129e+00 -4.3875e+00 6.4185e+00 6.4567e+00 -1.0000e-06 -0.0000e+00 6.1798e+00 -3.4629e+00 -4.7551e+00 1.2994e+01 -2.4272e-01 4.9804e+00 -8.9773e+01 -6.5478e-01 -7.0904e+01 5.3481e+00 -7.0000e-06 -1.0000e-06 -6.9428e+01 2.8264e+01 -1.0509e+01 2.4329e+01 1.9000e-05 5.0000e-06 4.6110e+00 1.2373e+01 -2.0625e+01 2.2292e+01 -1.0000e-06 5.0000e-06 5.5218e+00 5.4632e+00 -5.1169e+00 1.2995e+01 -2.4272e-01 -4.9804e+00 9.2007e+01 -4.6891e+00 -6.6802e+01 -5.3481e+00 -1.0000e-06 -4.0000e-06 -7.0291e+01 -5.6612e+01 -1.1743e+02 -2.4329e+01 3.2200e-04 -9.0000e-06 2.5651e+00 3.4867e+00 -3.6371e+01 -2.2291e+01 -1.0800e-04 -4.0000e-06 2.9970e+01 5.1658e+00 3.5634e+00 -2.1925e+00 -6.4694e+00 -0.0000e+00 -1.7616e+02 -9.3540e+00 -3.9961e+00 3.9081e+01 -7.0000e-06 -1.2000e-05 -5.2780e-02 2.0282e-01 1.4586e+01 4.0985e+01 -6.0000e-06 -1.3000e-05 -1.1879e+00 4.1319e+00 -6.1249e+01 1.1754e+01 -0.0000e+00 3.0000e-06 -5.0000e-06 -6.8000e-05 -1.6580e+01 -2.1925e+00 6.4694e+00 -1.0000e-06 -1.7896e+02 1.1964e+01 1.7852e+02 -3.9081e+01 -2.2820e-03 -4.0193e-02 -9.0160e-03 5.9678e-02 1.1694e+01 -4.0985e+01 8.0000e-06 6.0000e-06 4.2360e+00 6.2880e+00 -6.1699e+01 -1.1754e+01 -6.0000e-06 -6.0000e-06 -6.4640e-03 -7.4992e-02 -1.9625e+01
0.0000e+00 0.0000e+00 0.0000e+00 0.0000e+00 0.0000e+00 -0.0000e+00 -2.1820e+00 9.3213e+01 -1.3340e+00 8.8886e+01 -2.0245e+00 -7.0552e-01 1.5736e+01 5.0000e-06 -1.0000e-06 1.1141e+02 8.7419e+01 -1.1225e+02 8.9846e+00 -4.0621e-01 -0.0000e+00 -2.9467e+00 1.9615e+00 -1.6153e+00 1.6377e+01 -1.0000e-06 -1.0000e-06 2.3179e+00 -4.5667e+00 6.5038e+00 6.4567e+00 -1.0000e-06 -0.0000e+00 6.1857e+00 -3.6704e+00 -4.7361e+00 1.2994e+01 -2.4272e-01 4.9804e+00 -8.9777e+01 -6.4202e-01 -7.0878e+01 5.3481e+00 -7.0000e-06 -1.0000e-06 -6.9660e+01 2.8256e+01 -1.0343e+01 2.4329e+01 1.9000e-05 5.0000e-06 4.5813e+00 1.2263e+01 -2.0670e+01 2.2292e+01 -1.0000e-06 5.0000e-06 5.5401e+00 5.4616e+00 -5.0585e+00 1.2995e+01 -2.4272e-01 -4.9804e+00 9.1978e+01 -4.6096e+00 -6.6747e+01 -5.3481e+00 -1.0000e-06 -4.0000e-06 -6.6196e+01 -5.6993e+01 -1.1631e+02 -2.4329e+01 3.2200e-04 -9.0000e-06 4.0307e+00 4.2360e+00 -4.3650e+01 -2.2291e+01 -1.0800e-04 -4.0000e-06 3.0570e+01 5.2329e+00 1.8842e+00 -2.1925e+00 -6.4694e+00 -0.0000e+00 -1.7607e+02 -9.2788e+00 -4.1436e+00 3.9081e+01 -7.0000e-06 -1.2000e-05 -5.3507e-02 2.0427e-01 1.4678e+01 4.0985e+01 -6.0000e-06 -1.3000e-05 -1.2614e+00 4.1157e+00 -6.1231e+01 1.1754e+01 -0.0000e+00 3.0000e-06 -5.0000e-06 -6.9000e-05 -1.6580e+01 -2.1925e+00 6.4694e+00 -1.0000e-06 -1.7885e+02 1.2079e+01 1.7843e+02 -3.9081e+01 -2.2820e-03 -4.0193e-02 -1.0125e-02 6.4931e-02 1.1712e+01 -4.0985e+01 8.0000e-06 6.0000e-06 4.2252e+00 6.3411e+00 -6.1677e+01 -1.1754e+01 -6.0000e-06 -6.0000e-06 -6.3820e-03 -7.4268e-02 -1.9596e+01
0.0000e+00 0.0000e+00 0.0000e+00 0.0000e+00 0.0000e+00 -0.0000e+00 -2.2799e+00 9.3219e+01 -1.3848e+00 8.8881e+01 -2.0202e+00 -7.1198e-01 1.5736e+01 5.0000e-06 -1.0000e-06 1.1209e+02 8.7412e+01 -1.1287e+02 8.9846e+00 -4.0621e-01 -0.0000e+00 -2.9562e+00 2.0192e+00 -1.5157e+00 1.6377e+01 -1.0000e-06 -1.0000e-06 2.3017e+00 -4.6519e+00 6.5848e+00 6.4567e+00 -1.0000e-06 -0.0000e+00 6.2259e+00 -3.7708e+00 -4.8794e+00 1.2994e+01 -2.4272e-01 4.9804e+00 -8.9773e+01 -6.5706e-01 -7.0926e+01 5.3481e+00 -7.0000e-06 -1.0000e-06 -7.0039e+01 2.8445e+01 -1.0025e+01 2.4329e+01 1.9000e-05 5.0000e-06 4.5360e+00 1.2113e+01 -2.0710e+01 2.2292e+01 -1.0000e-06 5.0000e-06 5.4623e+00 5.4649e+00 -5.1811e+00 1.2995e+01 -2.4272e-01 -4.9804e+00 9.1940e+01 -4.5262e+00 -6.6774e+01 -5.3481e+00 -1.0000e-06 -4.0000e-06 -6.2175e+01 -5.7480e+01 -1.1520e+02 -2.4329e+01 3.2200e-04 -9.0000e-06 5.7577e+00 4.6077e+00 -5.1444e+01 -2.2291e+01 -1.0800e-04 -4.0000e-06 3.0599e+01 5.2950e+00 2.0664e-01 -2.1925e+00 -6.4694e+00 -0.0000e+00 -1.7601e+02 -9.2372e+00 -4.1393e+00 3.9081e+01 -7.0000e-06 -1.2000e-05 -5.3419e-02 2.0505e-01 1.4602e+01 4.0985e+01 -6.0000e-06 -1.3000e-05 -1.3329e+00 4.0890e+00 -6.1157e+01 1.1754e+01 -0.0000e+00 3.0000e-06 -4.0000e-06 -5.5000e-05 -1.6580e+01 -2.1925e+00 6.4694e+00 -1.0000e-06 -1.7876e+02 1.2097e+01 1.7842e+02 -3.9081e+01 -2.2820e-03 -4.0193e-02 -9.4210e-03 6.1777e-02 1.1667e+01 -4.0985e+01 8.0000e-06 6.0000e-06 4.3811e+00 6.3514e+00 -6.1658e+01 -1.1754e+01 -6.0000e-06 -6.0000e-06 -6.6470e-03 -7.6605e-02 -1.9691e+01
0.0000e+00 0.0000e+00 0.0000e+00 0.0000e+00 0.0000e+00 -0.0000e+00 -2.3620e+00 9.3218e+01 -1.4470e+00 8.8878e+01 -2.0706e+00 -7.1340e-01 1.5736e+01 5.0000e-06 -1.0000e-06 1.1244e+02 8.7402e+01 -1.1318e+02 8.9846e+00 -4.0621e-01 -0.0000e+00 -2.9506e+00 2.0515e+00 -1.4134e+00 1.6377e+01 -1.0000e-06 -1.0000e-06 2.3163e+00 -4.6303e+00 6.6141e+00 6.4567e+00 -1.0000e-06 -0.0000e+00 6.2869e+00 -3.7081e+00 -4.9628e+00 1.2994e+01 -2.4272e-01 4.9804e+00 -8.9765e+01 -6.8195e-01 -7.0976e+01 5.3481e+00 -7.0000e-06 -1.0000e-06 -7.0515e+01 2.8848e+01 -9.6660e+00 2.4329e+01 1.9000e-05 5.0000e-06 4.5065e+00 1.2034e+01 -2.0708e+01 2.2292e+01 -1.0000e-06 5.0000e-06 5.3977e+00 5.4657e+00 -5.2123e+00 1.2995e+01 -2.4272e-01 -4.9804e+00 9.1925e+01 -4.4940e+00 -6.6783e+01 -5.3481e+00 -1.0000e-06 -4.0000e-06 -5.9218e+01 -5.7596e+01 -1.1494e+02 -2.4329e+01 3.2200e-04 -9.0000e-06 8.2128e+00 4.9562e+00 -5.9089e+01 -2.2291e+01 -1.0800e-04 -4.0000e-06 2.9649e+01 5.3708e+00 -2.0178e+00 -2.1925e+00 -6.4694e+00 -0.0000e+00 -1.7596e+02 -9.1817e+00 -4.1952e+00 3.9081e+01 -7.0000e-06 -1.2000e-05 -5.4179e-02 2.0759e-01 1.4627e+01 4.0985e+01 -6.0000e-06 -1.3000e-05 -1.4047e+00 3.9907e+00 -6.1118e+01 1.1754e+01 -0.0000e+00 3.0000e-06 -6.0000e-06 -8.1000e-05 -1.6581e+01 -2.1925e+00 6.4694e+00 -1.0000e-06 -1.7871e+02 1.2088e+01 1.7835e+02 -3.9081e+01 -2.2820e-03 -4.0193e-02 -1.0640e-02 6.7494e-02 1.1699e+01 -4.0985e+01 8.0000e-06 6.0000e-06 4.2937e+00 6.3896e+00 -6.1611e+01 -1.1754e+01 -6.0000e-06 -6.0000e-06 -6.1610e-03 -7.2287e-02 -1.9515e+01
0.0000e+00 0.0000e+00 0.0000e+00 0.0000e+00 0.0000e+00 -0.0000e+00 -2.4118e+00 9.3217e+01 -1.4816e+00 8.8851e+01 -2.1846e+00 -6.7747e-01 1.5736e+01 5.0000e-06 -1.0000e-06 1.1290e+02 8.7389e+01 -1.1356e+02 8.9846e+00 -4.0621e-01 -0.0000e+00 -2.9441e+00 2.0924e+00 -1.2529e+00 1.6377e+01 -1.0000e-06 -1.0000e-06 2.3191e+00 -4.6671e+00 6.7312e+00 6.4567e+00 -1.0000e-06 -0.0000e+00 6.3318e+00 -3.6830e+00 -5.2039e+00 1.2994e+01 -2.4272e-01 4.9804e+00 -8.9766e+01 -6.8194e-01 -7.1060e+01 5.3481e+00 -7.0000e-06 -1.0000e-06 -7.1201e+01 2.9167e+01 -9.1442e+00 2.4329e+01 1.9000e-05 5.0000e-06 4.5090e+00 1.2038e+01 -2.0712e+01 2.2292e+01 -1.0000e-06 5.0000e-06 5.2795e+00 5.4689e+00 -5.3290e+00 1.2995e+01 -2.4272e-01 -4.9804e+00 9.1922e+01 -4.4716e+00 -6.6712e+01 -5.3481e+00 -1.0000e-06 -4.0000e-06 -5.6777e+01 -5.7253e+01 -1.1539e+02 -2.4329e+01 3.2200e-04 -9.0000e-06 1.0822e+01 5.1222e+00 -6.4963e+01 -2.2291e+01 -1.0800e-04 -4.0000e-06 3.0101e+01 5.4540e+00 -4.7773e+00 -2.1925e+00 -6.4694e+00 -0.0000e+00 -1.7589e+02 -9.3104e+00 -4.1760e+00 3.9081e+01 -7.0000e-06 -1.2000e-05 -5.3607e-02 2.0496e-01 1.4657e+01 4.0985e+01 -6.0000e-06 -1.3000e-05 -1.4363e+00 3.9813e+00 -6.1116e+01 1.1754e+01 -0.0000e+00 3.0000e-06 -5.0000e-06 -7.1000e-05 -1.6580e+01 -2.1925e+00 6.4694e+00 -1.0000e-06 -1.7865e+02 1.2043e+01 1.7837e+02 -3.9081e+01 -2.2820e-03 -4.0193e-02 -1.0145e-02 6.5143e-02 1.1691e+01 -4.0985e+01 8.0000e-06 6.0000e-06 4.3463e+00 6.4506e+00 -6.1593e+01 -1.1754e+01 -6.0000e-06 -6.0000e-06 -6.0440e-03 -7.1234e-02 -1.9472e+01
0.0000e+00 0.0000e+00 0.0000e+00 0.0000e+00 0.0000e+00 -0.0000e+00 -2.4307e+00 9.3214e+01 -1.5132e+00 8.8856e+01 -2.3393e+00 -6.5534e-01 1.5736e+01 5.0000e-06 -1.0000e-06 1.1326e+02 8.7385e+01 -1.1385e+02 8.9846e+00 -4.0621e-01 -0.0000e+00 -2.9511e+00 2.1194e+00 -1.1216e+00 1.6377e+01 -1.0000e-06 -1.0000e-06 2.3551e+00 -4.7091e+00 6.9584e+00 6.4567e+00 -1.0000e-06 -0.0000e+00 6.4662e+00 -3.5673e+00 -5.4217e+00 1.2994e+01 -2.4272e-01 4.9804e+00 -8.9745e+01 -7.4617e-01 -7.1133e+01 5.3481e+00 -7.0000e-06 -1.0000e-06 -7.2061e+01 2.9512e+01 -8.6347e+00 2.4329e+01 1.9000e-05 5.0000e-06 4.5409e+00 1.2168e+01 -2.0645e+01 2.2292e+01 -1.0000e-06 5.0000e-06 5.0492e+00 5.4672e+00 -5.2675e+00 1.2995e+01 -2.4272e-01 -4.9804e+00 9.1957e+01 -4.5261e+00 -6.6590e+01 -5.3481e+00 -1.0000e-06 -4.0000e-06 -5.5438e+01 -5.6347e+01 -1.1661e+02 -2.4329e+01 3.2200e-04 -9.0000e-06 1.1773e+01 4.8097e+00 -6.8089e+01 -2.2291e+01 -1.0800e-04 -4.0000e-06 3.0812e+01 5.5328e+00 -7.9149e+00 -2.1925e+00 -6.4694e+00 -0.0000e+00 -1.7588e+02 -9.3470e+00 -4.1629e+00 3.9081e+01 -7.0000e-06 -1.2000e-05 -5.4892e-02 2.0954e-01 1.4680e+01 4.0985e+01 -6.0000e-06 -1.3000e-05 -1.4659e+00 3.9023e+00 -6.1119e+01 1.1754e+01 -0.0000e+00 3.0000e-06 -5.0000e-06 -6.6000e-05 -1.6580e+01 -2.1925e+00 6.4694e+00 -1.0000e-06 -1.7866e+02 1.1978e+01 1.7832e+02 -3.9081e+01 -2.2820e-03 -4.0193e-02 -1.2016e-02 7.3731e-02 1.1761e+01 -4.0985e+01 8.0000e-06 6.0000e-06 4.2524e+00 6.5634e+00 -6.1585e+01 -1.1754e+01 -6.0000e-06 -6.0000e-06 -6.1060e-03 -7.1799e-02 -1.9495e+01
0.0000e+00 0.0000e+00 0.0000e+00 0.0000e+00 0.0000e+00 -0.0000e+00 -2.4264e+00 9.3216e+01 -1.5298e+00 8.8831e+01 -2.5131e+00 -6.0355e-01 1.5736e+01 5.0000e-06 -1.0000e-06 1.1444e+02 8.7358e+01 -1.1499e+02 8.9846e+00 -4.0621e-01 -0.0000e+00 -2.9452e+00 2.2373e+00 -1.0391e+00 1.6377e+01 -1.0000e-06 -1.0000e-06 2.3851e+00 -4.8013e+00 7.2107e+00 6.4567e+00 -1.0000e-06 -0.0000e+00 6.5950e+00 -3.6560e+00 -5.2875e+00 1.2994e+01 -2.4272e-01 4.9804e+00 -8.9711e+01 -8.5120e-01 -7.1243e+01 5.3481e+00 -7.0000e-06 -1.0000e-06 -7.2905e+01 3.0006e+01 -8.2490e+00 2.4329e+01 1.9000e-05 5.0000e-06 4.5500e+00 1.2272e+01 -2.0526e+01 2.2292e+01 -1.0000e-06 5.0000e-06 4.9141e+00 5.4704e+00 -5.3857e+00 1.2995e+01 -2.4272e-01 -4.9804e+00 9.2006e+01 -4.6131e+00 -6.6465e+01 -5.3481e+00 -1.0000e-06 -4.0000e-06 -5.5040e+01 -5.5422e+01 -1.1781e+02 -2.4329e+01 3.2200e-04 -9.0000e-06 1.1801e+01 4.7011e+00 -6.8584e+01 -2.2291e+01 -1.0800e-04 -4.0000e-06 3.1171e+01 5.5663e+00 -9.4986e+00 -2.1925e+00 -6.4694e+00 -0.0000e+00 -1.7586e+02 -9.4431e+00 -4.1137e+00 3.9081e+01 -7.0000e-06 -1.2000e-05 -5.4367e-02 2.0722e-01 1.4701e+01 4.0985e+01 -6.0000e-06 -1.3000e-05 -1.4721e+00 3.8005e+00 -6.1127e+01 1.1754e+01 -0.0000e+00 3.0000e-06 -4.0000e-06 -5.5000e-05 -1.6580e+01 -2.1925e+00 6.4694e+00 -1.0000e-06 -1.7865e+02 1.1838e+01 1.7837e+02 -3.9081e+01 -2.2820e-03 -4.0193e-02 -1.1139e-02 6.9647e-02 1.1741e+01 -4.0985e+01 8.0000e-06 6.0000e-06 4.2767e+00 6.5904e+00 -6.1556e+01 -1.1754e+01 -6.0000e-06 -6.0000e-06 -6.4680e-03 -7.5026e-02 -1.9627e+01
0.0000e+00 0.0000e+00 0.0000e+00 0.0000e+00 0.0000e+00 -0.0000e+00 -2.3996e+00 9.3216e+01 -1.5446e+00 8.8827e+01 -2.5806e+00 -5.5396e-01 1.5736e+01 5.0000e-06 -1.0000e-06 1.1547e+02 8.7326e+01 -1.1603e+02 8.9846e+00 -4.0621e-01 -0.0000e+00 -2.9266e+00 2.3515e+00 -1.0601e+00 1.6377e+01 -1.0000e-06 -1.0000e-06 2.3628e+00 -4.9275e+00 7.4887e+00 6.4567e+00 -1.0000e-06 -0.0000e+00 6.6991e+00 -3.7945e+00 -4.9686e+00 1.2994e+01 -2.4272e-01 4.9804e+00 -8.9683e+01 -9.3835e-01 -7.1315e+01 5.3481e+00 -7.0000e-06 -1.0000e-06 -7.3610e+01 3.0554e+01 -8.0019e+00 2.4329e+01 1.9000e-05 5.0000e-06 4.4936e+00 1.2079e+01 -2.0585e+01 2.2292e+01 -1.0000e-06 5.0000e-06 4.6849e+00 5.4691e+00 -5.3370e+00 1.2995e+01 -2.4272e-01 -4.9804e+00 9.2042e+01 -4.6889e+00 -6.6432e+01 -5.3481e+00 -1.0000e-06 -4.0000e-06 -5.5562e+01 -5.4967e+01 -1.1858e+02 -2.4329e+01 3.2200e-04 -9.0000e-06 1.1535e+01 5.0611e+00 -6.6626e+01 -2.2291e+01 -1.0800e-04 -4.0000e-06 3.0867e+01 5.5625e+00 -9.3075e+00 -2.1925e+00 -6.4694e+00 -0.0000e+00 -1.7586e+02 -9.3876e+00 -4.0671e+00 3.9081e+01 -7.0000e-06 -1.2000e-05 -5.5162e-02 2.1007e-01 1.4713e+01 4.0985e+01 -6.0000e-06 -1.3000e-05 -1.4754e+00 3.6746e+00 -6.1136e+01 1.1754e+01 -0.0000e+00 3.0000e-06 -4.0000e-06 -6.0000e-05 -1.6580e+01 -2.1925e+00 6.4694e+00 -1.0000e-06 -1.7868e+02 1.1841e+01 1.7840e+02 -3.9081e+01 -2.2820e-03 -4.0193e-02 -1.1228e-02 6.9997e-02 1.1754e+01 -4.0985e+01 8.0000e-06 6.0000e-06 4.2399e+00 6.6604e+00 -6.1545e+01 -1.1754e+01 -6.0000e-06 -6.0000e-06 -6.2430e-03 -7.3024e-02 -1.9545e+01
0.0000e+00 0.0000e+00 0.0000e+00 0.0000e+00 0.0000e+00 -0.0000e+00 -2.3608e+00 9.3220e+01 -1.5673e+00 8.8825e+01 -2.5239e+00 -5.4966e-01 1.5736e+01 5.0000e-06 -1.0000e-06 1.1607e+02 8.7314e+01 -1.1667e+02 8.9846e+00 -4.0621e-01 -0.0000e+00 -2.9287e+00 2.4161e+00 -1.1435e+00 1.6377e+01 -1.0000e-06 -1.0000e-06 2.3141e+00 -4.9969e+00 7.6198e+00 6.4567e+00 -1.0000e-06 -0.0000e+00 6.6240e+00 -3.9288e+00 -4.5309e+00 1.2994e+01 -2.4272e-01 4.9804e+00 -8.9687e+01 -9.2397e-01 -7.1271e+01 5.3481e+00 -7.0000e-06 -1.0000e-06 -7.3997e+01 3.1212e+01 -7.8926e+00 2.4329e+01 1.9000e-05 5.0000e-06 4.5309e+00 1.2001e+01 -2.0863e+01 2.2292e+01 -1.0000e-06 5.0000e-06 4.5538e+00 5.4743e+00 -5.5335e+00 1.2995e+01 -2.4272e-01 -4.9804e+00 9.2075e+01 -4.7868e+00 -6.6527e+01 -5.3481e+00 -1.0000e-06 -4.0000e-06 -5.7087e+01 -5.5089e+01 -1.1885e+02 -2.4329e+01 3.2200e-04 -9.0000e-06 1.0607e+01 5.4793e+00 -6.2985e+01 -2.2291e+01 -1.0800e-04 -4.0000e-06 3.0025e+01 5.5564e+00 -9.0087e+00 -2.1925e+00 -6.4694e+00 -0.0000e+00 -1.7590e+02 -9.3146e+00 -4.0799e+00 3.9081e+01 -7.0000e-06 -1.2000e-05 -5.3645e-02 2.0432e-01 1.4711e+01 4.0985e+01 -6.0000e-06 -1.3000e-05 -1.4386e+00 3.6587e+00 -6.1128e+01 1.1754e+01 -0.0000e+00 3.0000e-06 -3.0000e-06 -4.8000e-05 -1.6579e+01 -2.1925e+00 6.4694e+00 -1.0000e-06 -1.7869e+02 1.1864e+01 1.7839e+02 -3.9081e+01 -2.2820e-03 -4.0193e-02 -1.0748e-02 6.7667e-02 1.1757e+01 -4.0985e+01 8.0000e-06 6.0000e-06 4.3030e+00 6.6390e+00 -6.1542e+01 -1.1754e+01 -6.0000e-06 -6.0000e-06 -6.4390e-03 -7.4768e-02 -1.9616e+01
0.0000e+00 0.0000e+00 0.0000e+00 0.0000e+00 0.0000e+00 -0.0000e+00 -2.2994e+00 9.3227e+01 -1.5759e+00 8.8817e+01 -2.3650e+00 -6.1206e-01 1.5736e+01 5.0000e-06 -1.0000e-06 1.1655e+02 8.7331e+01 -1.1721e+02 8.9846e+00 -4.0621e-01 -0.0000e+00 -2.9786e+00 2.4467e+00 -1.2527e+00 1.6377e+01 -1.0000e-06 -1.0000e-06 2.2024e+00 -4.9836e+00 7.5430e+00 6.4567e+00 -1.0000e-06 -0.0000e+00 6.5373e+00 -3.9771e+00 -4.2168e+00 1.2994e+01 -2.4272e-01 4.9804e+00 -8.9700e+01 -8.8323e-01 -7.1252e+01 5.3481e+00 -7.0000e-06 -1.0000e-06 -7.4232e+01 3.1780e+01 -7.7346e+00 2.4329e+01 1.9000e-05 5.0000e-06 4.4513e+00 1.1440e+01 -2.1429e+01 2.2292e+01 -1.0000e-06 5.0000e-06 4.3803e+00 5.4776e+00 -5.6577e+00 1.2995e+01 -2.4272e-01 -4.9804e+00 9.2092e+01 -4.8300e+00 -6.6551e+01 -5.3481e+00 -1.0000e-06 -4.0000e-06 -5.8857e+01 -5.5681e+01 -1.1850e+02 -2.4329e+01 3.2200e-04 -9.0000e-06 9.1583e+00 5.8053e+00 -5.7896e+01 -2.2291e+01 -1.0800e-04 -4.0000e-06 2.9971e+01 5.5506e+00 -8.7360e+00 -2.1925e+00 -6.4694e+00 -0.0000e+00 -1.7594e+02 -9.2840e+00 -4.1648e+00 3.9081e+01 -7.0000e-06 -1.2000e-05 -5.4518e-02 2.0797e-01 1.4689e+01 4.0985e+01 -6.0000e-06 -1.3000e-05 -1.3807e+00 3.7975e+00 -6.1099e+01 1.1754e+01 -0.0000e+00 3.0000e-06 -5.0000e-06 -6.8000e-05 -1.6580e+01 -2.1925e+00 6.4694e+00 -1.0000e-06 -1.7870e+02 1.1899e+01 1.7837e+02 -3.9081e+01 -2.2820e-03 -4.0193e-02 -9.8680e-03 6.3949e-02 1.1666e+01 -4.0985e+01 8.0000e-06 6.0000e-06 4.2679e+00 6.5366e+00 -6.1485e+01 -1.1754e+01 -6.0000e-06 -6.0000e-06 -6.2020e-03 -7.2658e-02 -1.9530e+01
0.0000e+00 0.0000e+00 0.0000e+00 0.0000e+00 0.0000e+00 -0.0000e+00 -2.2207e+00 9.3241e+01 -1.5785e+00 8.8823e+01 -2.1742e+00 -6.4523e-01 1.5736e+01 5.0000e-06 -1.0000e-06 1.1604e+02 8.7362e+01 -1.1675e+02 8.9846e+00 -4.0621e-01 -0.0000e+00 -3.0106e+00 2.3819e+00 -1.3540e+00 1.6377e+01 -1.0000e-06 -1.0000e-06 2.1386e+00 -4.8313e+00 7.3677e+00 6.4567e+00 -1.0000e-06 -0.0000e+00 6.3466e+00 -3.8212e+00 -4.3420e+00 1.2994e+01 -2.4272e-01 4.9804e+00 -8.9716e+01 -8.3368e-01 -7.1169e+01 5.3481e+00 -7.0000e-06 -1.0000e-06 -7.4295e+01 3.2226e+01 -7.6098e+00 2.4329e+01 1.9000e-05 5.0000e-06 4.4570e+00 1.1097e+01 -2.2047e+01 2.2292e+01 -1.0000e-06 5.0000e-06 4.2767e+00 5.4816e+00 -5.8106e+00 1.2995e+01 -2.4272e-01 -4.9804e+00 9.2092e+01 -4.8346e+00 -6.6565e+01 -5.3481e+00 -1.0000e-06 -4.0000e-06 -6.1039e+01 -5.6283e+01 -1.1826e+02 -2.4329e+01 3.2200e-04 -9.0000e-06 7.6559e+00 6.1609e+00 -5.1398e+01 -2.2291e+01 -1.0800e-04 -4.0000e-06 2.9361e+01 5.5318e+00 -7.8728e+00 -2.1925e+00 -6.4694e+00 -0.0000e+00 -1.7601e+02 -9.2510e+00 -4.1848e+00 3.9081e+01 -7.0000e-06 -1.2000e-05 -5.2073e-02 2.0005e-01 1.4591e+01 4.0985e+01 -6.0000e-06 -1.3000e-05 -1.3079e+00 3.8949e+00 -6.1032e+01 1.1754e+01 -0.0000e+00 3.0000e-06 -4.0000e-06 -5.6000e-05 -1.6580e+01 -2.1925e+00 6.4694e+00 -1.0000e-06 -1.7872e+02 1.1996e+01 1.7841e+02 -3.9081e+01 -2.2820e-03 -4.0193e-02 -7.8170e-03 5.4658e-02 1.1533e+01 -4.0985e+01 8.0000e-06 6.0000e-06 4.3769e+00 6.4223e+00 -6.1441e+01 -1.1754e+01 -6.0000e-06 -6.0000e-06 -6.1450e-03 -7.2145e-02 -1.9509e+01
0.0000e+00 0.0000e+00 0.0000e+00 0.0000e+00 0.0000e+00 -0.0000e+00 -2.1273e+00 9.3248e+01 -1.5793e+00 8.8823e+01 -2.0048e+00 -7.0657e-01 1.5736e+01 5.0000e-06 -1.0000e-06 1.1550e+02 8.7406e+01 -1.1626e+02 8.9846e+00 -4.0621e-01 -0.0000e+00 -3.0685e+00 2.3042e+00 -1.4540e+00 1.6377e+01 -1.0000e-06 -1.0000e-06 2.0547e+00 -4.6500e+00 7.1100e+00 6.4567e+00 -1.0000e-06 -0.0000e+00 6.2840e+00 -3.5503e+00 -4.6309e+00 1.2994e+01 -2.4272e-01 4.9804e+00 -8.9722e+01 -8.1398e-01 -7.1150e+01 5.3481e+00 -7.0000e-06 -1.0000e-06 -7.4252e+01 3.2425e+01 -7.5775e+00 2.4329e+01 1.9000e-05 5.0000e-06 4.4955e+00 1.0938e+01 -2.2507e+01 2.2292e+01 -1.0000e-06 5.0000e-06 4.1506e+00 5.4827e+00 -5.8517e+00 1.2995e+01 -2.4272e-01 -4.9804e+00 9.2109e+01 -4.8901e+00 -6.6633e+01 -5.3481e+00 -1.0000e-06 -4.0000e-06 -6.3919e+01 -5.6748e+01 -1.1835e+02 -2.4329e+01 3.2200e-04 -9.0000e-06 6.1623e+00 6.3895e+00 -4.4135e+01 -2.2291e+01 -1.0800e-04 -4.0000e-06 2.7896e+01 5.4900e+00 -6.1177e+00 -2.1925e+00 -6.4694e+00 -0.0000e+00 -1.7608e+02 -9.1737e+00 -4.2715e+00 3.9081e+01 -7.0000e-06 -1.2000e-05 -5.1686e-02 1.9873e-01 1.4579e+01 4.0985e+01 -6.0000e-06 -1.3000e-05 -1.2261e+00 4.0006e+00 -6.1016e+01 1.1754e+01 -0.0000e+00 3.0000e-06 -4.0000e-06 -5.6000e-05 -1.6580e+01 -2.1925e+00 6.4694e+00 -1.0000e-06 -1.7876e+02 1.2094e+01 1.7837e+02 -3.9081e+01 -2.2820e-03 -4.0193e-02 -7.0090e-03 5.0903e-02 1.1488e+01 -4.0985e+01 8.0000e-06 6.0000e-06 4.3998e+00 6.3773e+00 -6.1421e+01 -1.1754e+01 -6.0000e-06 -6.0000e-06 -6.4750e-03 -7.5087e-02 -1.9629e+01
0.0000e+00 0.0000e+00 0.0000e+00 0.0000e+00 0.0000e+00 -0.0000e+00 -2.0139e+00 9.3256e+01 -1.5711e+00 8.8831e+01 -1.9523e+00 -7.7335e-01 1.5736e+01 5.0000e-06 -1.0000e-06 1.1537e+02 8.7443e+01 -1.1616e+02 8.9846e+00 -4.0621e-01 -0.0000e+00 -3.1307e+00 2.2652e+00 -1.5206e+00 1.6377e+01 -1.0000e-06 -1.0000e-06 1.9776e+00 -4.3892e+00 6.7617e+00 6.4567e+00 -1.0000e-06 -0.0000e+00 6.2232e+00 -3.2910e+00 -4.9683e+00 1.2994e+01 -2.4272e-01 4.9804e+00 -8.9743e+01 -7.5258e-01 -7.1122e+01 5.3481e+00 -7.0000e-06 -1.0000e-06 -7.4021e+01 3.2550e+01 -7.6980e+00 2.4329e+01 1.9000e-05 5.0000e-06 4.5103e+00 1.0873e+01 -2.2694e+01 2.2292e+01 -1.0000e-06 5.0000e-06 4.1754e+00 5.4813e+00 -5.7976e+00 1.2995e+01 -2.4272e-01 -4.9804e+00 9.2174e+01 -5.0698e+00 -6.6752e+01 -5.3481e+00 -1.0000e-06 -4.0000e-06 -6.7063e+01 -5.7206e+01 -1.1844e+02 -2.4329e+01 3.2200e-04 -9.0000e-06 4.6254e+00 6.2038e+00 -3.6820e+01 -2.2291e+01 -1.0800e-04 -4.0000e-06 2.6238e+01 5.4329e+00 -4.0317e+00 -2.1925e+00 -6.4694e+00 -0.0000e+00 -1.7618e+02 -9.2140e+00 -4.3211e+00 3.9081e+01 -7.0000e-06 -1.2000e-05 -5.0923e-02 1.9659e-01 1.4522e+01 4.0985e+01 -6.0000e-06 -1.3000e-05 -1.1344e+00 4.1099e+00 -6.0992e+01 1.1754e+01 -0.0000e+00 3.0000e-06 -6.0000e-06 -7.9000e-05 -1.6581e+01 -2.1925e+00 6.4694e+00 -1.0000e-06 -1.7882e+02 1.2150e+01 1.7835e+02 -3.9081e+01 -2.2820e-03 -4.0193e-02 -6.0690e-03 4.6613e-02 1.1407e+01 -4.0985e+01 8.0000e-06 6.0000e-06 4.3854e+00 6.3419e+00 -6.1383e+01 -1.1754e+01 -6.0000e-06 -6.0000e-06 -6.7050e-03 -7.7109e-02 -1.9712e+01
0.0000e+00 0.0000e+00 0.0000e+00 0.0000e+00 0.0000e+00 -0.0000e+00 -1.9022e+00 9.3263e+01 -1.5676e+00 8.8851e+01 -1.9655e+00 -7.7764e-01 1.5736e+01 5.0000e-06 -1.0000e-06 1.1510e+02 8.7455e+01 -1.1593e+02 8.9846e+00 -4.0621e-01 -0.0000e+00 -3.1412e+00 2.2374e+00 -1.6076e+00 1.6377e+01 -1.0000e-06 -1.0000e-06 1.9458e+00 -4.0972e+00 6.4394e+00 6.4567e+00 -1.0000e-06 -0.0000e+00 6.1429e+00 -3.0117e+00 -5.2703e+00 1.2994e+01 -2.4272e-01 4.9804e+00 -8.9738e+01 -7.6403e-01 -7.1054e+01 5.3481e+00 -7.0000e-06 -1.0000e-06 -7.3715e+01 3.2404e+01 -8.0389e+00 2.4329e+01 1.9000e-05 5.0000e-06 4.5627e+00 1.1106e+01 -2.2504e+01 2.2292e+01 -1.0000e-06 5.0000e-06 4.2939e+00 5.4826e+00 -5.8492e+00 1.2995e+01 -2.4272e-01 -4.9804e+00 9.2197e+01 -5.1810e+00 -6.6978e+01 -5.3481e+00 -1.0000e-06 -4.0000e-06 -7.0349e+01 -5.7667e+01 -1.1875e+02 -2.4329e+01 3.2200e-04 -9.0000e-06 3.5509e+00 6.2606e+00 -2.9651e+01 -2.2291e+01 -1.0800e-04 -4.0000e-06 2.5272e+01 5.3593e+00 -1.6595e+00 -2.1925e+00 -6.4694e+00 -0.0000e+00 -1.7627e+02 -9.2814e+00 -4.2931e+00 3.9081e+01 -7.0000e-06 -1.2000e-05 -5.0217e-02 1.9472e-01 1.4461e+01 4.0985e+01 -6.0000e-06 -1.3000e-05 -1.0529e+00 4.1518e+00 -6.0974e+01 1.1754e+01 -0.0000e+00 3.0000e-06 -5.0000e-06 -7.3000e-05 -1.6580e+01 -2.1925e+00 6.4694e+00 -1.0000e-06 -1.7893e+02 1.2202e+01 1.7836e+02 -3.9081e+01 -2.2820e-03 -4.0193e-02 -6.4770e-03 4.8835e-02 1.1363e+01 -4.0985e+01 8.0000e-06 6.0000e-06 4.2758e+00 6.3917e+00 -6.1335e+01 -1.1754e+01 -6.0000e-06 -6.0000e-06 -6.4880e-03 -7.5204e-02 -1.9634e+01
0.0000e+00 0.0000e+00 0.0000e+00 0.0000e+00 0.0000e+00 -0.0000e+00 -1.8039e+00 9.3263e+01 -1.5548e+00 8.8898e+01 -1.9421e+00 -7.3399e-01 1.5736e+01 5.0000e-06 -1.0000e-06 1.1452e+02 8.7458e+01 -1.1542e+02 8.9846e+00 -4.0621e-01 -0.0000e+00 -3.1239e+00 2.1944e+00 -1.7518e+00 1.6377e+01 -1.0000e-06 -1.0000e-06 1.9111e+00 -3.8908e+00 6.2727e+00 6.4567e+00 -1.0000e-06 -0.0000e+00 6.1701e+00 -2.7201e+00 -5.5441e+00 1.2994e+01 -2.4272e-01 4.9804e+00 -8.9716e+01 -8.2915e-01 -7.1087e+01 5.3481e+00 -7.0000e-06 -1.0000e-06 -7.3337e+01 3.1982e+01 -8.4168e+00 2.4329e+01 1.9000e-05 5.0000e-06 4.6397e+00 1.1472e+01 -2.2197e+01 2.2292e+01 -1.0000e-06 5.0000e-06 4.4949e+00 5.4801e+00 -5.7532e+00 1.2995e+01 -2.4272e-01 -4.9804e+00 9.2179e+01 -5.1845e+00 -6.7167e+01 -5.3481e+00 -1.0000e-06 -4.0000e-06 -7.4374e+01 -5.7636e+01 -1.1995e+02 -2.4329e+01 3.2200e-04 -9.0000e-06 2.9447e+00 7.0761e+00 -2.2667e+01 -2.2291e+01 -1.0800e-04 -4.0000e-06 2.5186e+01 5.2634e+00 1.0679e+00 -2.1925e+00 -6.4694e+00 -0.0000e+00 -1.7639e+02 -9.2628e+00 -4.2388e+00 3.9081e+01 -7.0000e-06 -1.2000e-05 -4.8578e-02 1.8858e-01 1.4445e+01 4.0985e+01 -6.0000e-06 -1.3000e-05 -9.7429e-01 4.1507e+00 -6.0985e+01 1.1754e+01 -0.0000e+00 3.0000e-06 -5.0000e-06 -6.7000e-05 -1.6580e+01 -2.1925e+00 6.4694e+00 -1.0000e-06 -1.7906e+02 1.2242e+01 1.7839e+02 -3.9081e+01 -2.2820e-03 -4.0193e-02 -7.8120e-03 5.5237e-02 1.1410e+01 -4.0985e+01 8.0000e-06 6.0000e-06 4.0866e+00 6.3998e+00 -6.1333e+01 -1.1754e+01 -6.0000e-06 -6.0000e-06 -6.6940e-03 -7.7014e-02 -1.9708e+01
0.0000e+00 0.0000e+00 0.0000e+00 0.0000e+00 0.0000e+00 -0.0000e+00 -1.7339e+00 9.3263e+01 -1.5394e+00 8.8929e+01 -1.8828e+00 -6.7787e-01 1.5736e+01 5.0000e-06 -1.0000e-06 1.1364e+02 8.7474e+01 -1.1462e+02 8.9846e+00 -4.0621e-01 -0.0000e+00 -3.1199e+00 2.1181e+00 -1.9020e+00 1.6377e+01 -1.0000e-06 -1.0000e-06 1.9456e+00 -3.7296e+00 6.1091e+00 6.4567e+00 -1.0000e-06 -0.0000e+00 6.2061e+00 -2.5531e+00 -5.5403e+00 1.2994e+01 -2.4272e-01 4.9804e+00 -8.9695e+01 -8.9271e-01 -7.1143e+01 5.3481e+00 -7.0000e-06 -1.0000e-06 -7.2871e+01 3.1505e+01 -8.8220e+00 2.4329e+01 1.9000e-05 5.0000e-06 4.5727e+00 1.1534e+01 -2.1801e+01 2.2292e+01 -1.0000e-06 5.0000e-06 4.6786e+00 5.4729e+00 -5.4810e+00 1.2995e+01 -2.4272e-01 -4.9804e+00 9.2214e+01 -5.2470e+00 -6.7085e+01 -5.3481e+00 -1.0000e-06 -4.0000e-06 -8.0263e+01 -5.6129e+01 -1.2252e+02 -2.4329e+01 3.2200e-04 -9.0000e-06 1.8700e+00 6.1035e+00 -1.7069e+01 -2.2291e+01 -1.0800e-04 -4.0000e-06 2.6011e+01 5.1266e+00 4.4797e+00 -2.1925e+00 -6.4694e+00 -0.0000e+00 -1.7646e+02 -9.1819e+00 -4.1696e+00 3.9081e+01 -7.0000e-06 -1.2000e-05 -4.8714e-02 1.8934e-01 1.4428e+01 4.0985e+01 -6.0000e-06 -1.3000e-05 -9.2790e-01 4.1334e+00 -6.0993e+01 1.1754e+01 -0.0000e+00 3.0000e-06 -7.0000e-06 -1.0100e-04 -1.6581e+01 -2.1925e+00 6.4694e+00 -1.0000e-06 -1.7917e+02 1.2296e+01 1.7846e+02 -3.9081e+01 -2.2820e-03 -4.0193e-02 -8.5480e-03 5.8790e-02 1.1428e+01 -4.0985e+01 8.0000e-06 6.0000e-06 3.9856e+00 6.3988e+00 -6.1345e+01 -1.1754e+01 -6.0000e-06 -6.0000e-06 -6.4070e-03 -7.4485e-02 -1.9605e+01
0.0000e+00 0.0000e+00 0.0000e+00 0.0000e+00 0.0000e+00 -0.0000e+00 -1.7110e+00 9.3262e+01 -1.5145e+00 8.8939e+01 -1.7511e+00 -6.1781e-01 1.5736e+01 5.0000e-06 -1.0000e-06 1.1247e+02 8.7501e+01 -1.1352e+02 8.9846e+00 -4.0621e-01 -0.0000e+00 -3.1288e+00 2.0088e+00 -2.0239e+00 1.6377e+01 -1.0000e-06 -1.0000e-06 1.9017e+00 -3.7027e+00 6.0112e+00 6.4567e+00 -1.0000e-06 -0.0000e+00 6.4164e+00 -2.4163e+00 -5.5598e+00 1.2994e+01 -2.4272e-01 4.9804e+00 -8.9676e+01 -9.5573e-01 -7.1277e+01 5.3481e+00 -7.0000e-06 -1.0000e-06 -7.2355e+01 3.0945e+01 -9.1526e+00 2.4329e+01 1.9000e-05 5.0000e-06 4.6021e+00 1.1814e+01 -2.1463e+01 2.2292e+01 -1.0000e-06 5.0000e-06 4.8577e+00 5.4714e+00 -5.4232e+00 1.2995e+01 -2.4272e-01 -4.9804e+00 9.2201e+01 -5.1757e+00 -6.6922e+01 -5.3481e+00 -1.0000e-06 -4.0000e-06 -8.6549e+01 -5.3822e+01 -1.2574e+02 -2.4329e+01 3.2200e-04 -9.0000e-06 7.9338e-01 3.3889e+00 -1.3192e+01 -2.2291e+01 -1.0800e-04 -4.0000e-06 2.7957e+01 4.9771e+00 7.7828e+00 -2.1925e+00 -6.4694e+00 -0.0000e+00 -1.7647e+02 -9.1556e+00 -4.1049e+00 3.9081e+01 -7.0000e-06 -1.2000e-05 -4.8024e-02 1.8674e-01 1.4422e+01 4.0985e+01 -6.0000e-06 -1.3000e-05 -8.9619e-01 4.2344e+00 -6.1000e+01 1.1754e+01 -0.0000e+00 3.0000e-06 -5.0000e-06 -7.0000e-05 -1.6580e+01 -2.1925e+00 6.4694e+00 -1.0000e-06 -1.7921e+02 1.2298e+01 1.7855e+02 -3.9081e+01 -2.2820e-03 -4.0193e-02 -8.2740e-03 5.7508e-02 1.1414e+01 -4.0985e+01 8.0000e-06 6.0000e-06 3.9552e+00 6.3179e+00 -6.1353e+01 -1.1754e+01 -6.0000e-06 -6.0000e-06 -6.5730e-03 -7.5953e-02 -1.9665e+01
0.0000e+00 0.0000e+00 0.0000e+00 0.0000e+00 0.0000e+00 -0.0000e+00 -1.7158e+00 9.3249e+01 -1.4903e+00 8.8941e+01 -1.6565e+00 -5.4139e-01 1.5736e+01 5.0000e-06 -1.0000e-06 1.1081e+02 8.7533e+01 -1.1189e+02 8.9846e+00 -4.0621e-01 -0.0000e+00 -3.1373e+00 1.8540e+00 -2.0928e+00 1.6377e+01 -1.0000e-06 -1.0000e-06 1.9610e+00 -3.6988e+00 5.9243e+00 6.4567e+00 -1.0000e-06 -0.0000e+00 6.4773e+00 -2.3619e+00 -5.5540e+00 1.2994e+01 -2.4272e-01 4.9804e+00 -8.9620e+01 -1.1248e+00 -7.1326e+01 5.3481e+00 -7.0000e-06 -1.0000e-06 -7.1932e+01 3.0522e+01 -9.4747e+00 2.4329e+01 1.9000e-05 5.0000e-06 4.6219e+00 1.2106e+01 -2.1080e+01 2.2292e+01 -1.0000e-06 5.0000e-06 5.0384e+00 5.4715e+00 -5.4249e+00 1.2995e+01 -2.4272e-01 -4.9804e+00 9.2137e+01 -5.0431e+00 -6.7003e+01 -5.3481e+00 -1.0000e-06 -4.0000e-06 -8.9419e+01 -5.2902e+01 -1.2669e+02 -2.4329e+01 3.2200e-04 -9.0000e-06 2.0318e-01 9.7776e-01 -1.1791e+01 -2.2291e+01 -1.0800e-04 -4.0000e-06 3.0441e+01 4.7997e+00 1.1311e+01 -2.1925e+00 -6.4694e+00 -0.0000e+00 -1.7645e+02 -9.0762e+00 -4.0762e+00 3.9081e+01 -7.0000e-06 -1.2000e-05 -4.9412e-02 1.9049e-01 1.4541e+01 4.0985e+01 -6.0000e-06 -1.3000e-05 -8.9582e-01 4.2962e+00 -6.1075e+01 1.1754e+01 -0.0000e+00 3.0000e-06 -6.0000e-06 -8.7000e-05 -1.6581e+01 -2.1925e+00 6.4694e+00 -1.0000e-06 -1.7923e+02 1.2322e+01 1.7860e+02 -3.9081e+01 -2.2820e-03 -4.0193e-02 -9.4890e-03 6.2958e-02 1.1515e+01 -4.0985e+01 8.0000e-06 6.0000e-06 3.8431e+00 6.2387e+00 -6.1409e+01 -1.1754e+01 -6.0000e-06 -6.0000e-06 -6.4510e-03 -7.4875e-02 -1.9621e+01
0.0000e+00 0.0000e+00 0.0000e+00 0.0000e+00 0.0000e+00 -0.0000e+00 -1.7279e+00 9.3240e+01 -1.4542e+00 8.8919e+01 -1.6144e+00 -4.3133e-01 1.5736e+01 5.0000e-06 -1.0000e-06 1.0973e+02 8.7550e+01 -1.1079e+02 8.9846e+00 -4.0621e-01 -0.0000e+00 -3.1378e+00 1.7543e+00 -2.0743e+00 1.6377e+01 -1.0000e-06 -1.0000e-06 1.9535e+00 -3.6923e+00 5.8274e+00 6.4567e+00 -1.0000e-06 -0.0000e+00 6.6215e+00 -2.3528e+00 -5.6032e+00 1.2994e+01 -2.4272e-01 4.9804e+00 -8.9589e+01 -1.2206e+00 -7.1387e+01 5.3481e+00 -7.0000e-06 -1.0000e-06 -7.1457e+01 3.0165e+01 -9.7189e+00 2.4329e+01 1.9000e-05 5.0000e-06 4.6273e+00 1.2286e+01 -2.0824e+01 2.2292e+01 -1.0000e-06 5.0000e-06 5.0931e+00 5.4710e+00 -5.4075e+00 1.2995e+01 -2.4272e-01 -4.9804e+00 9.2109e+01 -4.9778e+00 -6.7003e+01 -5.3481e+00 -1.0000e-06 -4.0000e-06 -8.9680e+01 -5.2729e+01 -1.2616e+02 -2.4329e+01 3.2200e-04 -9.0000e-06 -2.3750e-01 -1.0754e+00 -1.2398e+01 -2.2291e+01 -1.0800e-04 -4.0000e-06 3.2249e+01 4.7565e+00 1.2130e+01 -2.1925e+00 -6.4694e+00 -0.0000e+00 -1.7639e+02 -9.0298e+00 -3.9913e+00 3.9081e+01 -7.0000e-06 -1.2000e-05 -5.0104e-02 1.9174e-01 1.4645e+01 4.0985e+01 -6.0000e-06 -1.3000e-05 -9.0569e-01 4.2862e+00 -6.1151e+01 1.1754e+01 -0.0000e+00 3.0000e-06 -4.0000e-06 -5.6000e-05 -1.6580e+01 -2.1925e+00 6.4694e+00 -1.0000e-06 -1.7923e+02 1.2375e+01 1.7871e+02 -3.9081e+01 -2.2820e-03 -4.0193e-02 -9.0300e-03 6.0284e-02 1.1592e+01 -4.0985e+01 8.0000e-06 6.0000e-06 3.9488e+00 6.2517e+00 -6.1497e+01 -1.1754e+01 -6.0000e-06 -6.0000e-06 -6.2990e-03 -7.3523e-02 -1.9566e+01
0.0000e+00 0.0000e+00 0.0000e+00 0.0000e+00 0.0000e+00 -0.0000e+00 -1.7353e+00 9.3231e+01 -1.4286e+00 8.8932e+01 -1.6637e+00 -4.1585e-01 1.5736e+01 5.0000e-06 -1.0000e-06 1.0981e+02 8.7584e+01 -1.1085e+02 8.9846e+00 -4.0621e-01 -0.0000e+00 -3.2035e+00 1.7369e+00 -2.0413e+00 1.6377e+01 -1.0000e-06 -1.0000e-06 1.9474e+00 -3.7303e+00 5.7942e+00 6.4567e+00 -1.0000e-06 -0.0000e+00 6.6545e+00 -2.3281e+00 -5.6862e+00 1.2994e+01 -2.4272e-01 4.9804e+00 -8.9564e+01 -1.2987e+00 -7.1423e+01 5.3481e+00 -7.0000e-06 -1.0000e-06 -7.0987e+01 2.9860e+01 -9.9358e+00 2.4329e+01 1.9000e-05 5.0000e-06 4.5996e+00 1.2324e+01 -2.0653e+01 2.2292e+01 -1.0000e-06 5.0000e-06 5.2057e+00 5.4669e+00 -5.2560e+00 1.2995e+01 -2.4272e-01 -4.9804e+00 9.2112e+01 -4.9794e+00 -6.6977e+01 -5.3481e+00 -1.0000e-06 -4.0000e-06 -8.8230e+01 -5.2958e+01 -1.2506e+02 -2.4329e+01 3.2200e-04 -9.0000e-06 -2.4579e-01 -9.4424e-01 -1.4534e+01 -2.2291e+01 -1.0800e-04 -4.0000e-06 3.2495e+01 4.7888e+00 1.1528e+01 -2.1925e+00 -6.4694e+00 -0.0000e+00 -1.7640e+02 -9.0618e+00 -3.9822e+00 3.9081e+01 -7.0000e-06 -1.2000e-05 -5.0970e-02 1.9426e-01 1.4701e+01 4.0985e+01 -6.0000e-06 -1.3000e-05 -9.1308e-01 4.2617e+00 -6.1198e+01 1.1754e+01 -0.0000e+00 3.0000e-06 -4.0000e-06 -5.7000e-05 -1.6580e+01 -2.1925e+00 6.4694e+00 -1.0000e-06 -1.7926e+02 1.2406e+01 1.7871e+02 -3.9081e+01 -2.2820e-03 -4.0193e-02 -1.0471e-02 6.6919e-02 1.1658e+01 -4.0985e+01 8.0000e-06 6.0000e-06 3.8274e+00 6.3130e+00 -6.1531e+01 -1.1754e+01 -6.0000e-06 -6.0000e-06 -6.4110e-03 -7.4523e-02 -1.9606e+01
0.0000e+00 0.0000e+00 0.0000e+00 0.0000e+00 0.0000e+00 -0.0000e+00 -1.7531e+00 9.3234e+01 -1.4249e+00 8.8927e+01 -1.7608e+00 -4.2097e-01 1.5736e+01 5.0000e-06 -1.0000e-06 1.1014e+02 8.7615e+01 -1.1114e+02 8.9846e+00 -4.0621e-01 -0.0000e+00 -3.2716e+00 1.7377e+00 -1.9417e+00 1.6377e+01 -1.0000e-06 -1.0000e-06 1.8665e+00 -3.7112e+00 5.7409e+00 6.4567e+00 -1.0000e-06 -0.0000e+00 6.7077e+00 -2.3367e+00 -5.6628e+00 1.2994e+01 -2.4272e-01 4.9804e+00 -8.9569e+01 -1.2803e+00 -7.1406e+01 5.3481e+00 -7.0000e-06 -1.0000e-06 -7.0551e+01 2.9426e+01 -1.0056e+01 2.4329e+01 1.9000e-05 5.0000e-06 4.6299e+00 1.2429e+01 -2.0620e+01 2.2292e+01 -1.0000e-06 5.0000e-06 5.3388e+00 5.4657e+00 -5.2125e+00 1.2995e+01 -2.4272e-01 -4.9804e+00 9.2152e+01 -5.0834e+00 -6.7015e+01 -5.3481e+00 -1.0000e-06 -4.0000e-06 -8.4688e+01 -5.3898e+01 -1.2328e+02 -2.4329e+01 3.2200e-04 -9.0000e-06 -2.9531e-01 -9.3597e-01 -1.7455e+01 -2.2291e+01 -1.0800e-04 -4.0000e-06 3.2508e+01 4.8354e+00 1.0643e+01 -2.1925e+00 -6.4694e+00 -0.0000e+00 -1.7638e+02 -9.1107e+00 -3.9603e+00 3.9081e+01 -7.0000e-06 -1.2000e-05 -5.0937e-02 1.9461e-01 1.4667e+01 4.0985e+01 -6.0000e-06 -1.3000e-05 -9.3186e-01 4.2257e+00 -6.1184e+01 1.1754e+01 -0.0000e+00 3.0000e-06 -5.0000e-06 -7.1000e-05 -1.6580e+01 -2.1925e+00 6.4694e+00 -1.0000e-06 -1.7924e+02 1.2337e+01 1.7870e+02 -3.9081e+01 -2.2820e-03 -4.0193e-02 -9.5890e-03 6.2680e-02 1.1652e+01 -4.0985e+01 8.0000e-06 6.0000e-06 3.9402e+00 6.3339e+00 -6.1543e+01 -1.1754e+01 -6.0000e-06 -6.0000e-06 -6.7930e-03 -7.7878e-02 -1.9743e+01
0.0000e+00 0.0000e+00 0.0000e+00 0.0000e+00 0.0000e+00 -0.0000e+00 -1.7762e+00 9.3232e+01 -1.4220e+00 8.8938e+01 -1.9007e+00 -4.1013e-01 1.5736e+01 5.0000e-06 -1.0000e-06 1.1080e+02 8.7621e+01 -1.1175e+02 8.9846e+00 -4.0621e-01 -0.0000e+00 -3.3030e+00 1.7803e+00 -1.8469e+00 1.6377e+01 -1.0000e-06 -1.0000e-06 1.8673e+00 -3.7687e+00 5.8280e+00 6.4567e+00 -1.0000e-06 -0.0000e+00 6.6156e+00 -2.3956e+00 -5.6524e+00 1.2994e+01 -2.4272e-01 4.9804e+00 -8.9582e+01 -1.2394e+00 -7.1342e+01 5.3481e+00 -7.0000e-06 -1.0000e-06 -7.0252e+01 2.8835e+01 -1.0149e+01 2.4329e+01 1.9000e-05 5.0000e-06 4.6562e+00 1.2518e+01 -2.0594e+01 2.2292e+01 -1.0000e-06 5.0000e-06 5.4324e+00 5.4638e+00 -5.1416e+00 1.2995e+01 -2.4272e-01 -4.9804e+00 9.2195e+01 -5.1841e+00 -6.7010e+01 -5.3481e+00 -1.0000e-06 -4.0000e-06 -8.0872e+01 -5.4664e+01 -1.2197e+02 -2.4329e+01 3.2200e-04 -9.0000e-06 -3.0489e-01 -7.8729e-01 -2.1117e+01 -2.2291e+01 -1.0800e-04 -4.0000e-06 3.2403e+01 4.8944e+00 9.4876e+00 -2.1925e+00 -6.4694e+00 -0.0000e+00 -1.7638e+02 -9.1456e+00 -3.9066e+00 3.9081e+01 -7.0000e-06 -1.2000e-05 -5.0199e-02 1.9213e-01 1.4643e+01 4.0985e+01 -6.0000e-06 -1.3000e-05 -9.5539e-01 4.1416e+00 -6.1194e+01 1.1754e+01 -0.0000e+00 3.0000e-06 -7.0000e-06 -9.2000e-05 -1.6581e+01 -2.1925e+00 6.4694e+00 -1.0000e-06 -1.7924e+02 1.2235e+01 1.7869e+02 -3.9081e+01 -2.2820e-03 -4.0193e-02 -9.9810e-03 6.4381e-02 1.1686e+01 -4.0985e+01 8.0000e-06 6.0000e-06 3.9047e+00 6.3740e+00 -6.1546e+01 -1.1754e+01 -6.0000e-06 -6.0000e-06 -6.6560e-03 -7.6682e-02 -1.9695e+01
0.0000e+00 0.0000e+00 0.0000e+00 0.0000e+00 0.0000e+00 -0.0000e+00 -1.8174e+00 9.3228e+01 -1.4336e+00 8.8949e+01 -2.0356e+00 -3.4565e-01 1.5736e+01 5.0000e-06 -1.0000e-06 1.1152e+02 8.7607e+01 -1.1243e+02 8.9846e+00 -4.0621e-01 -0.0000e+00 -3.3001e+00 1.8423e+00 -1.7609e+00 1.6377e+01 -1.0000e-06 -1.0000e-06 1.9036e+00 -3.8672e+00 5.9352e+00 6.4567e+00 -1.0000e-06 -0.0000e+00 6.5000e+00 -2.5298e+00 -5.4728e+00 1.2994e+01 -2.4272e-01 4.9804e+00 -8.9602e+01 -1.1769e+00 -7.1302e+01 5.3481e+00 -7.0000e-06 -1.0000e-06 -7.0062e+01 2.8319e+01 -1.0168e+01 2.4329e+01 1.9000e-05 5.0000e-06 4.6162e+00 1.2441e+01 -2.0546e+01 2.2292e+01 -1.0000e-06 5.0000e-06 5.5418e+00 5.4636e+00 -5.1334e+00 1.2995e+01 -2.4272e-01 -4.9804e+00 9.2246e+01 -5.2947e+00 -6.6972e+01 -5.3481e+00 -1.0000e-06 -4.0000e-06 -7.7458e+01 -5.5095e+01 -1.2125e+02 -2.4329e+01 3.2200e-04 -9.0000e-06 -1.3556e-01 -2.8060e-01 -2.5669e+01 -2.2291e+01 -1.0800e-04 -4.0000e-06 3.1688e+01 4.9778e+00 7.7827e+00 -2.1925e+00 -6.4694e+00 -0.0000e+00 -1.7635e+02 -9.2150e+00 -3.8274e+00 3.9081e+01 -7.0000e-06 -1.2000e-05 -5.1115e-02 1.9564e-01 1.4643e+01 4.0985e+01 -6.0000e-06 -1.3000e-05 -9.9840e-01 4.0869e+00 -6.1196e+01 1.1754e+01 -0.0000e+00 3.0000e-06 -5.0000e-06 -7.0000e-05 -1.6580e+01 -2.1925e+00 6.4694e+00 -1.0000e-06 -1.7924e+02 1.2112e+01 1.7870e+02 -3.9081e+01 -2.2820e-03 -4.0193e-02 -1.0443e-02 6.6147e-02 1.1767e+01 -4.0985e+01 8.0000e-06 6.0000e-06 3.9232e+00 6.4185e+00 -6.1577e+01 -1.1754e+01 -6.0000e-06 -6.0000e-06 -6.5250e-03 -7.5529e-02 -1.9648e+01
0.0000e+00 0.0000e+00 0.0000e+00 0.0000e+00 0.0000e+00 -0.0000e+00 -1.8776e+00 9.3228e+01 -1.4712e+00 8.8920e+01 -2.0885e+00 -3.5287e-01 1.5736e+01 5.0000e-06 -1.0000e-06 1.1196e+02 8.7608e+01 -1.1280e+02 8.9846e+00 -4.0621e-01 -0.0000e+00 -3.3151e+00 1.8697e+00 -1.6286e+00 1.6377e+01 -1.0000e-06 -1.0000e-06 1.8809e+00 -4.0452e+00 6.0848e+00 6.4567e+00 -1.0000e-06 -0.0000e+00 6.4569e+00 -2.7359e+00 -5.3740e+00 1.2994e+01 -2.4272e-01 4.9804e+00 -8.9633e+01 -1.0839e+00 -7.1276e+01 5.3481e+00 -7.0000e-06 -1.0000e-06 -6.9988e+01 2.8044e+01 -1.0188e+01 2.4329e+01 1.9000e-05 5.0000e-06 4.6325e+00 1.2515e+01 -2.0502e+01 2.2292e+01 -1.0000e-06 5.0000e-06 5.6427e+00 5.4608e+00 -5.0317e+00 1.2995e+01 -2.4272e-01 -4.9804e+00 9.2270e+01 -5.3349e+00 -6.6913e+01 -5.3481e+00 -1.0000e-06 -4.0000e-06 -7.3941e+01 -5.5482e+01 -1.2073e+02 -2.4329e+01 3.2200e-04 -9.0000e-06 5.7131e-01 9.5263e-01 -3.0942e+01 -2.2291e+01 -1.0800e-04 -4.0000e-06 3.0953e+01 5.0654e+00 5.8935e+00 -2.1925e+00 -6.4694e+00 -0.0000e+00 -1.7628e+02 -9.3149e+00 -3.8777e+00 3.9081e+01 -7.0000e-06 -1.2000e-05 -5.1634e-02 1.9697e-01 1.4689e+01 4.0985e+01 -6.0000e-06 -1.3000e-05 -1.0329e+00 4.1208e+00 -6.1187e+01 1.1754e+01 -0.0000e+00 3.0000e-06 -6.0000e-06 -8.3000e-05 -1.6581e+01 -2.1925e+00 6.4694e+00 -1.0000e-06 -1.7915e+02 1.2101e+01 1.7865e+02 -3.9081e+01 -2.2820e-03 -4.0193e-02 -9.4460e-03 6.1208e-02 1.1795e+01 -4.0985e+01 8.0000e-06 6.0000e-06 4.0510e+00 6.4403e+00 -6.1581e+01 -1.1754e+01 -6.0000e-06 -6.0000e-06 -6.4510e-03 -7.4874e-02 -1.9621e+01
0.0000e+00 0.0000e+00 0.0000e+00 0.0000e+00 0.0000e+00 -0.0000e+00 -1.9499e+00 9.3227e+01 -1.5119e+00 8.8894e+01 -2.1363e+00 -3.3693e-01 1.5736e+01 5.0000e-06 -1.0000e-06 1.1208e+02 8.7590e+01 -1.1286e+02 8.9846e+00 -4.0621e-01 -0.0000e+00 -3.2863e+00 1.8869e+00 -1.5082e+00 1.6377e+01 -1.0000e-06 -1.0000e-06 1.8917e+00 -4.2458e+00 6.2527e+00 6.4567e+00 -1.0000e-06 -0.0000e+00 6.3389e+00 -2.8825e+00 -5.2970e+00 1.2994e+01 -2.4272e-01 4.9804e+00 -8.9647e+01 -1.0421e+00 -7.1262e+01 5.3481e+00 -7.0000e-06 -1.0000e-06 -7.0073e+01 2.7945e+01 -1.0145e+01 2.4329e+01 1.9000e-05 5.0000e-06 4.6992e+00 1.2715e+01 -2.0479e+01 2.2292e+01 -1.0000e-06 5.0000e-06 5.5945e+00 5.4635e+00 -5.1303e+00 1.2995e+01 -2.4272e-01 -4.9804e+00 9.2237e+01 -5.2356e+00 -6.6822e+01 -5.3481e+00 -1.0000e-06 -4.0000e-06 -7.0123e+01 -5.5866e+01 -1.2004e+02 -2.4329e+01 3.2200e-04 -9.0000e-06 1.7535e+00 2.3197e+00 -3.7103e+01 -2.2291e+01 -1.0800e-04 -4.0000e-06 3.0936e+01 5.1432e+00 4.1061e+00 -2.1925e+00 -6.4694e+00 -0.0000e+00 -1.7619e+02 -9.3870e+00 -3.8979e+00 3.9081e+01 -7.0000e-06 -1.2000e-05 -5.2688e-02 2.0047e-01 1.4725e+01 4.0985e+01 -6.0000e-06 -1.3000e-05 -1.0876e+00 4.1391e+00 -6.1173e+01 1.1754e+01 -0.0000e+00 3.0000e-06 -4.0000e-06 -5.9000e-05 -1.6580e+01 -2.1925e+00 6.4694e+00 -1.0000e-06 -1.7906e+02 1.2148e+01 1.7862e+02 -3.9081e+01 -2.2820e-03 -4.0193e-02 -8.8810e-03 5.8320e-02 1.1831e+01 -4.0985e+01 8.0000e-06 6.0000e-06 4.1931e+00 6.4728e+00 -6.1596e+01 -1.1754e+01 -6.0000e-06 -6.0000e-06 -6.7640e-03 -7.7628e-02 -1.9733e+01
0.0000e+00 0.0000e+00 0.0000e+00 0.0000e+00 0.0000e+00 -0.0000e+00 -2.0211e+00 9.3226e+01 -1.5669e+00 8.8892e+01 -2.1347e+00 -3.2782e-01 1.5736e+01 5.0000e-06 -1.0000e-06 1.1194e+02 8.7563e+01 -1.1267e+02 8.9846e+00 -4.0621e-01 -0.0000e+00 -3.2332e+00 1.8906e+00 -1.4064e+00 1.6377e+01 -1.0000e-06 -1.0000e-06 1.8738e+00 -4.3914e+00 6.4105e+00 6.4567e+00 -1.0000e-06 -0.0000e+00 6.2658e+00 -3.0279e+00 -5.2294e+00 1.2994e+01 -2.4272e-01 4.9804e+00 -8.9657e+01 -1.0125e+00 -7.1295e+01 5.3481e+00 -7.0000e-06 -1.0000e-06 -7.0261e+01 2.8181e+01 -1.0054e+01 2.4329e+01 1.9000e-05 5.0000e-06 4.6137e+00 1.2462e+01 -2.0504e+01 2.2292e+01 -1.0000e-06 5.0000e-06 5.5636e+00 5.4637e+00 -5.1374e+00 1.2995e+01 -2.4272e-01 -4.9804e+00 9.2215e+01 -5.1670e+00 -6.6758e+01 -5.3481e+00 -1.0000e-06 -4.0000e-06 -6.6196e+01 -5.6435e+01 -1.1900e+02 -2.4329e+01 3.2200e-04 -9.0000e-06 2.9618e+00 3.0487e+00 -4.4209e+01 -2.2291e+01 -1.0800e-04 -4.0000e-06 3.0842e+01 5.2202e+00 2.2012e+00 -2.1925e+00 -6.4694e+00 -0.0000e+00 -1.7615e+02 -9.4234e+00 -3.9482e+00 3.9081e+01 -7.0000e-06 -1.2000e-05 -5.2110e-02 1.9784e-01 1.4757e+01 4.0985e+01 -6.0000e-06 -1.3000e-05 -1.1231e+00 4.1733e+00 -6.1136e+01 1.1754e+01 -0.0000e+00 3.0000e-06 -5.0000e-06 -7.3000e-05 -1.6580e+01 -2.1925e+00 6.4694e+00 -1.0000e-06 -1.7902e+02 1.2092e+01 1.7859e+02 -3.9081e+01 -2.2820e-03 -4.0193e-02 -9.7350e-03 6.2376e-02 1.1835e+01 -4.0985e+01 8.0000e-06 6.0000e-06 4.0938e+00 6.4915e+00 -6.1549e+01 -1.1754e+01 -6.0000e-06 -6.0000e-06 -6.5490e-03 -7.5739e-02 -1.9656e+01
0.0000e+00 0.0000e+00 0.0000e+00 0.0000e+00 0.0000e+00 -0.0000e+00 -2.0762e+00 9.3230e+01 -1.6248e+00 8.8893e+01 -2.1226e+00 -3.5239e-01 1.5736e+01 5.0000e-06 -1.0000e-06 1.1206e+02 8.7547e+01 -1.1275e+02 8.9846e+00 -4.0621e-01 -0.0000e+00 -3.2079e+00 1.9078e+00 -1.3279e+00 1.6377e+01 -1.0000e-06 -1.0000e-06 1.8868e+00 -4.5489e+00 6.5762e+00 6.4567e+00 -1.0000e-06 -0.0000e+00 6.2613e+00 -3.1693e+00 -5.1894e+00 1.2994e+01 -2.4272e-01 4.9804e+00 -8.9677e+01 -9.5674e-01 -7.1371e+01 5.3481e+00 -7.0000e-06 -1.0000e-06 -7.0554e+01 2.8491e+01 -9.8164e+00 2.4329e+01 1.9000e-05 5.0000e-06 4.6118e+00 1.2366e+01 -2.0639e+01 2.2292e+01 -1.0000e-06 5.0000e-06 5.5334e+00 5.4665e+00 -5.2400e+00 1.2995e+01 -2.4272e-01 -4.9804e+00 9.2193e+01 -5.1028e+00 -6.6705e+01 -5.3481e+00 -1.0000e-06 -4.0000e-06 -6.2696e+01 -5.6889e+01 -1.1795e+02 -2.4329e+01 3.2200e-04 -9.0000e-06 4.4616e+00 3.4731e+00 -5.2170e+01 -2.2291e+01 -1.0800e-04 -4.0000e-06 2.9475e+01 5.3101e+00 -2.1929e-01 -2.1925e+00 -6.4694e+00 -0.0000e+00 -1.7612e+02 -9.3681e+00 -4.0042e+00 3.9081e+01 -7.0000e-06 -1.2000e-05 -5.2178e-02 1.9844e-01 1.4732e+01 4.0985e+01 -6.0000e-06 -1.3000e-05 -1.1687e+00 4.1368e+00 -6.1077e+01 1.1754e+01 -0.0000e+00 3.0000e-06 -4.0000e-06 -5.6000e-05 -1.6580e+01 -2.1925e+00 6.4694e+00 -1.0000e-06 -1.7897e+02 1.2107e+01 1.7852e+02 -3.9081e+01 -2.2820e-03 -4.0193e-02 -1.0099e-02 6.4096e-02 1.1838e+01 -4.0985e+01 8.0000e-06 6.0000e-06 4.1417e+00 6.4691e+00 -6.1520e+01 -1.1754e+01 -6.0000e-06 -6.0000e-06 -6.2750e-03 -7.3314e-02 -1.9557e+01
0.0000e+00 0.0000e+00 0.0000e+00 0.0000e+00 0.0000e+00 -0.0000e+00 -2.1199e+00 9.3233e+01 -1.6874e+00 8.8881e+01 -2.1328e+00 -3.7184e-01 1.5736e+01 5.0000e-06 -1.0000e-06 1.1191e+02 8.7536e+01 -1.1255e+02 8.9846e+00 -4.0621e-01 -0.0000e+00 -3.1833e+00 1.8989e+00 -1.2283e+00 1.6377e+01 -1.0000e-06 -1.0000e-06 1.8960e+00 -4.6900e+00 6.7178e+00 6.4567e+00 -1.0000e-06 -0.0000e+00 6.3767e+00 -3.2903e+00 -5.2305e+00 1.2994e+01 -2.4272e-01 4.9804e+00 -8.9703e+01 -8.8110e-01 -7.1392e+01 5.3481e+00 -7.0000e-06 -1.0000e-06 -7.0933e+01 2.8921e+01 -9.5384e+00 2.4329e+01 1.9000e-05 5.0000e-06 4.6252e+00 1.2317e+01 -2.0769e+01 2.2292e+01 -1.0000e-06 5.0000e-06 5.3923e+00 5.4666e+00 -5.2426e+00 1.2995e+01 -2.4272e-01 -4.9804e+00 9.2156e+01 -5.0209e+00 -6.6729e+01 -5.3481e+00 -1.0000e-06 -4.0000e-06 -5.9173e+01 -5.7329e+01 -1.1697e+02 -2.4329e+01 3.2200e-04 -9.0000e-06 7.1217e+00 4.1948e+00 -5.9643e+01 -2.2291e+01 -1.0800e-04 -4.0000e-06 2.9175e+01 5.4143e+00 -3.3974e+00 -2.1925e+00 -6.4694e+00 -0.0000e+00 -1.7608e+02 -9.3685e+00 -4.0420e+00 3.9081e+01 -7.0000e-06 -1.2000e-05 -5.2875e-02 2.0138e-01 1.4712e+01 4.0985e+01 -6.0000e-06 -1.3000e-05 -1.2068e+00 4.1296e+00 -6.1032e+01 1.1754e+01 -0.0000e+00 3.0000e-06 -3.0000e-06 -3.9000e-05 -1.6579e+01 -2.1925e+00 6.4694e+00 -1.0000e-06 -1.7891e+02 1.2040e+01 1.7848e+02 -3.9081e+01 -2.2820e-03 -4.0193e-02 -9.9500e-03 6.3569e-02 1.1805e+01 -4.0985e+01 8.0000e-06 6.0000e-06 4.1269e+00 6.4397e+00 -6.1464e+01 -1.1754e+01 -6.0000e-06 -6.0000e-06 -6.5750e-03 -7.5972e-02 -1.9666e+01
0.0000e+00 0.0000e+00 0.0000e+00 0.0000e+00 0.0000e+00 -0.0000e+00 -2.1455e+00 9.3231e+01 -1.7416e+00 8.8868e+01 -2.1681e+00 -3.7031e-01 1.5736e+01 5.0000e-06 -1.0000e-06 1.1198e+02 8.7519e+01 -1.1256e+02 8.9846e+00 -4.0621e-01 -0.0000e+00 -3.1547e+00 1.9123e+00 -1.1125e+00 1.6377e+01 -1.0000e-06 -1.0000e-06 1.9567e+00 -4.8152e+00 6.8762e+00 6.4567e+00 -1.0000e-06 -0.0000e+00 6.4544e+00 -3.3923e+00 -5.4572e+00 1.2994e+01 -2.4272e-01 4.9804e+00 -8.9729e+01 -8.0561e-01 -7.1433e+01 5.3481e+00 -7.0000e-06 -1.0000e-06 -7.1468e+01 2.9323e+01 -9.1948e+00 2.4329e+01 1.9000e-05 5.0000e-06 4.5511e+00 1.2073e+01 -2.0834e+01 2.2292e+01 -1.0000e-06 5.0000e-06 5.2084e+00 5.4672e+00 -5.2684e+00 1.2995e+01 -2.4272e-01 -4.9804e+00 9.2147e+01 -4.9819e+00 -6.6646e+01 -5.3481e+00 -1.0000e-06 -4.0000e-06 -5.6734e+01 -5.7088e+01 -1.1700e+02 -2.4329e+01 3.2200e-04 -9.0000e-06 1.0660e+01 4.9588e+00 -6.5334e+01 -2.2291e+01 -1.0800e-04 -4.0000e-06 2.9580e+01 5.5087e+00 -6.9023e+00 -2.1925e+00 -6.4694e+00 -0.0000e+00 -1.7606e+02 -9.3702e+00 -4.1269e+00 3.9081e+01 -7.0000e-06 -1.2000e-05 -5.2855e-02 2.0018e-01 1.4791e+01 4.0985e+01 -6.0000e-06 -1.3000e-05 -1.2218e+00 4.0869e+00 -6.1021e+01 1.1754e+01 -0.0000e+00 3.0000e-06 -3.0000e-06 -4.6000e-05 -1.6579e+01 -2.1925e+00 6.4694e+00 -1.0000e-06 -1.7889e+02 1.1966e+01 1.7841e+02 -3.9081e+01 -2.2820e-03 -4.0193e-02 -1.1251e-02 6.9525e-02 1.1849e+01 -4.0985e+01 8.0000e-06 6.0000e-06 4.0579e+00 6.4207e+00 -6.1431e+01 -1.1754e+01 -6.0000e-06 -6.0000e-06 -6.4710e-03 -7.5056e-02 -1.9628e+01
0.0000e+00 0.0000e+00 0.0000e+00 0.0000e+00 0.0000e+00 -0.0000e+00 -2.1420e+00 9.3232e+01 -1.7779e+00 8.8884e+01 -2.2754e+00 -3.4387e-01 1.5736e+01 5.0000e-06 -1.0000e-06 1.1269e+02 8.7483e+01 -1.1324e+02 8.9846e+00 -4.0621e-01 -0.0000e+00 -3.1130e+00 1.9933e+00 -1.0504e+00 1.6377e+01 -1.0000e-06 -1.0000e-06 2.0269e+00 -4.8812e+00 7.0083e+00 6.4567e+00 -1.0000e-06 -0.0000e+00 6.6060e+00 -3.5168e+00 -5.5046e+00 1.2994e+01 -2.4272e-01 4.9804e+00 -8.9726e+01 -8.1789e-01 -7.1483e+01 5.3481e+00 -7.0000e-06 -1.0000e-06 -7.2184e+01 2.9675e+01 -8.8750e+00 2.4329e+01 1.9000e-05 5.0000e-06 4.5404e+00 1.2060e+01 -2.0809e+01 2.2292e+01 -1.0000e-06 5.0000e-06 5.1635e+00 5.4703e+00 -5.3814e+00 1.2995e+01 -2.4272e-01 -4.9804e+00 9.2135e+01 -4.9326e+00 -6.6563e+01 -5.3481e+00 -1.0000e-06 -4.0000e-06 -5.4992e+01 -5.6606e+01 -1.1710e+02 -2.4329e+01 3.2200e-04 -9.0000e-06 1.1133e+01 4.3086e+00 -6.9108e+01 -2.2291e+01 -1.0800e-04 -4.0000e-06 2.9422e+01 5.5689e+00 -9.6267e+00 -2.1925e+00 -6.4694e+00 -0.0000e+00 -1.7609e+02 -9.4008e+00 -4.1040e+00 3.9081e+01 -7.0000e-06 -1.2000e-05 -5.2221e-02 1.9793e-01 1.4779e+01 4.0985e+01 -6.0000e-06 -1.3000e-05 -1.2290e+00 3.9840e+00 -6.1002e+01 1.1754e+01 -0.0000e+00 3.0000e-06 -3.0000e-06 -4.2000e-05 -1.6579e+01 -2.1925e+00 6.4694e+00 -1.0000e-06 -1.7892e+02 1.1850e+01 1.7838e+02 -3.9081e+01 -2.2820e-03 -4.0193e-02 -1.2723e-02 7.6159e-02 1.1907e+01 -4.0985e+01 8.0000e-06 6.0000e-06 4.0194e+00 6.4331e+00 -6.1418e+01 -1.1754e+01 -6.0000e-06 -6.0000e-06 -6.3930e-03 -7.4362e-02 -1.9600e+01
0.0000e+00 0.0000e+00 0.0000e+00 0.0000e+00 0.0000e+00 -0.0000e+00 -2.1290e+00 9.3226e+01 -1.8001e+00 8.8840e+01 -2.3609e+00 -2.7193e-01 1.5736e+01 5.0000e-06 -1.0000e-06 1.1355e+02 8.7436e+01 -1.1408e+02 8.9846e+00 -4.0621e-01 -0.0000e+00 -3.0550e+00 2.0986e+00 -1.0147e+00 1.6377e+01 -1.0000e-06 -1.0000e-06 2.1343e+00 -4.9557e+00 7.1684e+00 6.4567e+00 -1.0000e-06 -0.0000e+00 6.7206e+00 -3.6209e+00 -5.4187e+00 1.2994e+01 -2.4272e-01 4.9804e+00 -8.9713e+01 -8.6010e-01 -7.1516e+01 5.3481e+00 -7.0000e-06 -1.0000e-06 -7.2841e+01 3.0222e+01 -8.6240e+00 2.4329e+01 1.9000e-05 5.0000e-06 4.5161e+00 1.1993e+01 -2.0812e+01 2.2292e+01 -1.0000e-06 5.0000e-06 5.0022e+00 5.4711e+00 -5.4105e+00 1.2995e+01 -2.4272e-01 -4.9804e+00 9.2140e+01 -4.9179e+00 -6.6444e+01 -5.3481e+00 -1.0000e-06 -4.0000e-06 -5.3647e+01 -5.6078e+01 -1.1674e+02 -2.4329e+01 3.2200e-04 -9.0000e-06 9.8592e+00 3.6670e+00 -6.9798e+01 -2.2291e+01 -1.0800e-04 -4.0000e-06 3.0667e+01 5.5932e+00 -1.0939e+01 -2.1925e+00 -6.4694e+00 -0.0000e+00 -1.7605e+02 -9.3619e+00 -4.1059e+00 3.9081e+01 -7.0000e-06 -1.2000e-05 -5.3155e-02 1.9954e-01 1.4916e+01 4.0985e+01 -6.0000e-06 -1.3000e-05 -1.2337e+00 3.8430e+00 -6.1062e+01 1.1754e+01 -0.0000e+00 3.0000e-06 -3.0000e-06 -3.7000e-05 -1.6579e+01 -2.1925e+00 6.4694e+00 -1.0000e-06 -1.7890e+02 1.1740e+01 1.7842e+02 -3.9081e+01 -2.2820e-03 -4.0193e-02 -1.2676e-02 7.5771e-02 1.1932e+01 -4.0985e+01 8.0000e-06 6.0000e-06 3.9492e+00 6.4376e+00 -6.1398e+01 -1.1754e+01 -6.0000e-06 -6.0000e-06 -6.5470e-03 -7.5728e-02 -1.9656e+01
0.0000e+00 0.0000e+00 0.0000e+00 0.0000e+00 0.0000e+00 -0.0000e+00 -2.0922e+00 9.3225e+01 -1.7922e+00 8.8838e+01 -2.4673e+00 -1.8663e-01 1.5736e+01 5.0000e-06 -1.0000e-06 1.1436e+02 8.7385e+01 -1.1492e+02 8.9846e+00 -4.0621e-01 -0.0000e+00 -2.9911e+00 2.2090e+00 -1.0578e+00 1.6377e+01 -1.0000e-06 -1.0000e-06 2.2306e+00 -4.9390e+00 7.3657e+00 6.4567e+00 -1.0000e-06 -0.0000e+00 6.8397e+00 -3.6881e+00 -5.3253e+00 1.2994e+01 -2.4272e-01 4.9804e+00 -8.9703e+01 -8.8654e-01 -7.1476e+01 5.3481e+00 -7.0000e-06 -1.0000e-06 -7.3419e+01 3.0808e+01 -8.4075e+00 2.4329e+01 1.9000e-05 5.0000e-06 4.4828e+00 1.1809e+01 -2.0960e+01 2.2292e+01 -1.0000e-06 5.0000e-06 4.8374e+00 5.4717e+00 -5.4333e+00 1.2995e+01 -2.4272e-01 -4.9804e+00 9.2126e+01 -4.8805e+00 -6.6425e+01 -5.3481e+00 -1.0000e-06 -4.0000e-06 -5.3719e+01 -5.5541e+01 -1.1675e+02 -2.4329e+01 3.2200e-04 -9.0000e-06 8.9983e+00 3.8364e+00 -6.7099e+01 -2.2291e+01 -1.0800e-04 -4.0000e-06 3.0740e+01 5.5974e+00 -1.1187e+01 -2.1925e+00 -6.4694e+00 -0.0000e+00 -1.7606e+02 -9.3569e+00 -4.0002e+00 3.9081e+01 -7.0000e-06 -1.2000e-05 -5.3025e-02 1.9888e-01 1.4929e+01 4.0985e+01 -6.0000e-06 -1.3000e-05 -1.2185e+00 3.7774e+00 -6.1094e+01 1.1754e+01 -0.0000e+00 3.0000e-06 -3.0000e-06 -4.9000e-05 -1.6579e+01 -2.1925e+00 6.4694e+00 -1.0000e-06 -1.7894e+02 1.1714e+01 1.7848e+02 -3.9081e+01 -2.2820e-03 -4.0193e-02 -1.2608e-02 7.5102e-02 1.1985e+01 -4.0985e+01 8.0000e-06 6.0000e-06 4.0067e+00 6.4961e+00 -6.1433e+01 -1.1754e+01 -6.0000e-06 -6.0000e-06 -6.5580e-03 -7.5827e-02 -1.9660e+01
0.0000e+00 0.0000e+00 0.0000e+00 0.0000e+00 0.0000e+00 -0.0000e+00 -2.0393e+00 9.3222e+01 -1.7779e+00 8.8819e+01 -2.4875e+00 -1.0646e-01 1.5736e+01 5.0000e-06 -1.0000e-06 1.1503e+02 8.7344e+01 -1.1564e+02 8.9846e+00 -4.0621e-01 -0.0000e+00 -2.9415e+00 2.3032e+00 -1.1570e+00 1.6377e+01 -1.0000e-06 -1.0000e-06 2.2986e+00 -4.9208e+00 7.4531e+00 6.4567e+00 -1.0000e-06 -0.0000e+00 6.9457e+00 -3.7422e+00 -5.1378e+00 1.2994e+01 -2.4272e-01 4.9804e+00 -8.9708e+01 -8.6746e-01 -7.1397e+01 5.3481e+00 -7.0000e-06 -1.0000e-06 -7.3756e+01 3.1443e+01 -8.2581e+00 2.4329e+01 1.9000e-05 5.0000e-06 4.5645e+00 1.1820e+01 -2.1294e+01 2.2292e+01 -1.0000e-06 5.0000e-06 4.6728e+00 5.4766e+00 -5.6204e+00 1.2995e+01 -2.4272e-01 -4.9804e+00 9.2116e+01 -4.8645e+00 -6.6459e+01 -5.3481e+00 -1.0000e-06 -4.0000e-06 -5.4761e+01 -5.5410e+01 -1.1653e+02 -2.4329e+01 3.2200e-04 -9.0000e-06 8.4850e+00 4.5488e+00 -6.2005e+01 -2.2291e+01 -1.0800e-04 -4.0000e-06 2.9739e+01 5.5906e+00 -1.0793e+01 -2.1925e+00 -6.4694e+00 -0.0000e+00 -1.7606e+02 -9.4084e+00 -3.9398e+00 3.9081e+01 -7.0000e-06 -1.2000e-05 -5.3047e-02 1.9802e-01 1.4996e+01 4.0985e+01 -6.0000e-06 -1.3000e-05 -1.1769e+00 3.7761e+00 -6.1143e+01 1.1754e+01 -0.0000e+00 3.0000e-06 -4.0000e-06 -5.7000e-05 -1.6580e+01 -2.1925e+00 6.4694e+00 -1.0000e-06 -1.7897e+02 1.1749e+01 1.7857e+02 -3.9081e+01 -2.2820e-03 -4.0193e-02 -1.1720e-02 7.0982e-02 1.1975e+01 -4.0985e+01 8.0000e-06 6.0000e-06 3.9420e+00 6.5455e+00 -6.1426e+01 -1.1754e+01 -6.0000e-06 -6.0000e-06 -6.3980e-03 -7.4411e-02 -1.9602e+01
0.0000e+00 0.0000e+00 0.0000e+00 0.0000e+00 0.0000e+00 -0.0000e+00 -1.9660e+00 9.3218e+01 -1.7600e+00 8.8831e+01 -2.3994e+00 -1.1006e-01 1.5736e+01 5.0000e-06 -1.0000e-06 1.1548e+02 8.7342e+01 -1.1617e+02 8.9846e+00 -4.0621e-01 -0.0000e+00 -2.9539e+00 2.3503e+00 -1.3195e+00 1.6377e+01 -1.0000e-06 -1.0000e-06 2.3425e+00 -4.8427e+00 7.4004e+00 6.4567e+00 -1.0000e-06 -0.0000e+00 6.9373e+00 -3.7685e+00 -4.9793e+00 1.2994e+01 -2.4272e-01 4.9804e+00 -8.9733e+01 -7.8888e-01 -7.1300e+01 5.3481e+00 -7.0000e-06 -1.0000e-06 -7.3884e+01 3.1979e+01 -8.0961e+00 2.4329e+01 1.9000e-05 5.0000e-06 4.4975e+00 1.1347e+01 -2.1792e+01 2.2292e+01 -1.0000e-06 5.0000e-06 4.3569e+00 5.4760e+00 -5.5948e+00 1.2995e+01 -2.4272e-01 -4.9804e+00 9.2121e+01 -4.8829e+00 -6.6484e+01 -5.3481e+00 -1.0000e-06 -4.0000e-06 -5.5961e+01 -5.5780e+01 -1.1569e+02 -2.4329e+01 3.2200e-04 -9.0000e-06 6.8284e+00 4.7547e+00 -5.5306e+01 -2.2291e+01 -1.0800e-04 -4.0000e-06 2.8947e+01 5.5729e+00 -9.8341e+00 -2.1925e+00 -6.4694e+00 -0.0000e+00 -1.7612e+02 -9.3316e+00 -3.9753e+00 3.9081e+01 -7.0000e-06 -1.2000e-05 -5.3238e-02 1.9801e-01 1.5049e+01 4.0985e+01 -6.0000e-06 -1.3000e-05 -1.1237e+00 3.7890e+00 -6.1178e+01 1.1754e+01 -0.0000e+00 3.0000e-06 -6.0000e-06 -7.9000e-05 -1.6581e+01 -2.1925e+00 6.4694e+00 -1.0000e-06 -1.7905e+02 1.1840e+01 1.7856e+02 -3.9081e+01 -2.2820e-03 -4.0193e-02 -1.2597e-02 7.4794e-02 1.2025e+01 -4.0985e+01 8.0000e-06 6.0000e-06 3.8727e+00 6.5636e+00 -6.1456e+01 -1.1754e+01 -6.0000e-06 -6.0000e-06 -6.2560e-03 -7.3142e-02 -1.9550e+01
0.0000e+00 0.0000e+00 0.0000e+00 0.0000e+00 0.0000e+00 -0.0000e+00 -1.8885e+00 9.3223e+01 -1.7373e+00 8.8847e+01 -2.2275e+00 -1.5237e-01 1.5736e+01 5.0000e-06 -1.0000e-06 1.1556e+02 8.7370e+01 -1.1634e+02 8.9846e+00 -4.0621e-01 -0.0000e+00 -3.0056e+00 2.3414e+00 -1.5031e+00 1.6377e+01 -1.0000e-06 -1.0000e-06 2.3317e+00 -4.7218e+00 7.2237e+00 6.4567e+00 -1.0000e-06 -0.0000e+00 6.9258e+00 -3.7101e+00 -4.9720e+00 1.2994e+01 -2.4272e-01 4.9804e+00 -8.9750e+01 -7.3519e-01 -7.1208e+01 5.3481e+00 -7.0000e-06 -1.0000e-06 -7.3931e+01 3.2279e+01 -7.9195e+00 2.4329e+01 1.9000e-05 5.0000e-06 4.5224e+00 1.1135e+01 -2.2272e+01 2.2292e+01 -1.0000e-06 5.0000e-06 4.3842e+00 5.4805e+00 -5.7679e+00 1.2995e+01 -2.4272e-01 -4.9804e+00 9.2139e+01 -4.9269e+00 -6.6496e+01 -5.3481e+00 -1.0000e-06 -4.0000e-06 -5.7571e+01 -5.6260e+01 -1.1483e+02 -2.4329e+01 3.2200e-04 -9.0000e-06 5.1224e+00 4.7034e+00 -4.7553e+01 -2.2291e+01 -1.0800e-04 -4.0000e-06 2.7772e+01 5.5413e+00 -8.2942e+00 -2.1925e+00 -6.4694e+00 -0.0000e+00 -1.7620e+02 -9.2791e+00 -4.0107e+00 3.9081e+01 -7.0000e-06 -1.2000e-05 -5.2596e-02 1.9615e-01 1.5010e+01 4.0985e+01 -6.0000e-06 -1.3000e-05 -1.0521e+00 3.8989e+00 -6.1165e+01 1.1754e+01 -0.0000e+00 3.0000e-06 -5.0000e-06 -6.9000e-05 -1.6580e+01 -2.1925e+00 6.4694e+00 -1.0000e-06 -1.7911e+02 1.2035e+01 1.7857e+02 -3.9081e+01 -2.2820e-03 -4.0193e-02 -1.1914e-02 7.1846e-02 1.1983e+01 -4.0985e+01 8.0000e-06 6.0000e-06 3.8977e+00 6.5521e+00 -6.1466e+01 -1.1754e+01 -6.0000e-06 -6.0000e-06 -6.4960e-03 -7.5278e-02 -1.9637e+01
0.0000e+00 0.0000e+00 0.0000e+00 0.0000e+00 0.0000e+00 -0.0000e+00 -1.8119e+00 9.3226e+01 -1.7111e+00 8.8860e+01 -2.0049e+00 -1.6144e-01 1.5736e+01 5.0000e-06 -1.0000e-06 1.1491e+02 8.7397e+01 -1.1578e+02 8.9846e+00 -4.0621e-01 -0.0000e+00 -3.0267e+00 2.2741e+00 -1.6931e+00 1.6377e+01 -1.0000e-06 -1.0000e-06 2.2708e+00 -4.5869e+00 6.9764e+00 6.4567e+00 -1.0000e-06 -0.0000e+00 6.9127e+00 -3.5826e+00 -5.0973e+00 1.2994e+01 -2.4272e-01 4.9804e+00 -8.9764e+01 -6.9132e-01 -7.1126e+01 5.3481e+00 -7.0000e-06 -1.0000e-06 -7.3811e+01 3.2363e+01 -7.8566e+00 2.4329e+01 1.9000e-05 5.0000e-06 4.5770e+00 1.1100e+01 -2.2578e+01 2.2292e+01 -1.0000e-06 5.0000e-06 4.3077e+00 5.4840e+00 -5.9020e+00 1.2995e+01 -2.4272e-01 -4.9804e+00 9.2159e+01 -4.9941e+00 -6.6583e+01 -5.3481e+00 -1.0000e-06 -4.0000e-06 -5.9764e+01 -5.6733e+01 -1.1427e+02 -2.4329e+01 3.2200e-04 -9.0000e-06 4.0702e+00 4.9510e+00 -3.9511e+01 -2.2291e+01 -1.0800e-04 -4.0000e-06 2.6123e+01 5.4890e+00 -6.0865e+00 -2.1925e+00 -6.4694e+00 -0.0000e+00 -1.7626e+02 -9.3000e+00 -4.0301e+00 3.9081e+01 -7.0000e-06 -1.2000e-05 -5.1873e-02 1.9362e-01 1.4997e+01 4.0985e+01 -6.0000e-06 -1.3000e-05 -9.6100e-01 4.1444e+00 -6.1161e+01 1.1754e+01 -0.0000e+00 3.0000e-06 -4.0000e-06 -5.9000e-05 -1.6580e+01 -2.1925e+00 6.4694e+00 -1.0000e-06 -1.7917e+02 1.2182e+01 1.7861e+02 -3.9081e+01 -2.2820e-03 -4.0193e-02 -1.1710e-02 7.1231e-02 1.1927e+01 -4.0985e+01 8.0000e-06 6.0000e-06 3.8249e+00 6.4842e+00 -6.1450e+01 -1.1754e+01 -6.0000e-06 -6.0000e-06 -6.4380e-03 -7.4761e-02 -1.9616e+01
0.0000e+00 0.0000e+00 0.0000e+00 0.0000e+00 0.0000e+00 -0.0000e+00 -1.7251e+00 9.3232e+01 -1.6864e+00 8.8891e+01 -1.8198e+00 -1.5494e-01 1.5736e+01 5.0000e-06 -1.0000e-06 1.1438e+02 8.7404e+01 -1.1534e+02 8.9846e+00 -4.0621e-01 -0.0000e+00 -3.0190e+00 2.2327e+00 -1.8765e+00 1.6377e+01 -1.0000e-06 -1.0000e-06 2.2724e+00 -4.3956e+00 6.6640e+00 6.4567e+00 -1.0000e-06 -0.0000e+00 6.7621e+00 -3.4419e+00 -5.2634e+00 1.2994e+01 -2.4272e-01 4.9804e+00 -8.9763e+01 -6.9258e-01 -7.1070e+01 5.3481e+00 -7.0000e-06 -1.0000e-06 -7.3661e+01 3.2269e+01 -7.9334e+00 2.4329e+01 1.9000e-05 5.0000e-06 4.5986e+00 1.1151e+01 -2.2582e+01 2.2292e+01 -1.0000e-06 5.0000e-06 4.3727e+00 5.4833e+00 -5.8740e+00 1.2995e+01 -2.4272e-01 -4.9804e+00 9.2186e+01 -5.0863e+00 -6.6708e+01 -5.3481e+00 -1.0000e-06 -4.0000e-06 -6.2176e+01 -5.7290e+01 -1.1382e+02 -2.4329e+01 3.2200e-04 -9.0000e-06 3.1585e+00 5.1305e+00 -3.1682e+01 -2.2291e+01 -1.0800e-04 -4.0000e-06 2.4924e+01 5.4230e+00 -3.6953e+00 -2.1925e+00 -6.4694e+00 -0.0000e+00 -1.7634e+02 -9.2129e+00 -3.9972e+00 3.9081e+01 -7.0000e-06 -1.2000e-05 -5.2164e-02 1.9577e-01 1.4920e+01 4.0985e+01 -6.0000e-06 -1.3000e-05 -8.9607e-01 4.2442e+00 -6.1129e+01 1.1754e+01 -0.0000e+00 3.0000e-06 -6.0000e-06 -8.5000e-05 -1.6581e+01 -2.1925e+00 6.4694e+00 -1.0000e-06 -1.7925e+02 1.2301e+01 1.7867e+02 -3.9081e+01 -2.2820e-03 -4.0193e-02 -1.0891e-02 6.7593e-02 1.1886e+01 -4.0985e+01 8.0000e-06 6.0000e-06 3.8437e+00 6.4037e+00 -6.1456e+01 -1.1754e+01 -6.0000e-06 -6.0000e-06 -6.3160e-03 -7.3676e-02 -1.9572e+01
0.0000e+00 0.0000e+00 0.0000e+00 0.0000e+00 0.0000e+00 -0.0000e+00 -1.6561e+00 9.3230e+01 -1.6846e+00 8.8885e+01 -1.6498e+00 -1.6414e-01 1.5736e+01 5.0000e-06 -1.0000e-06 1.1369e+02 8.7409e+01 -1.1474e+02 8.9846e+00 -4.0621e-01 -0.0000e+00 -3.0008e+00 2.1798e+00 -2.0384e+00 1.6377e+01 -1.0000e-06 -1.0000e-06 2.1917e+00 -4.2403e+00 6.4433e+00 6.4567e+00 -1.0000e-06 -0.0000e+00 6.6590e+00 -3.2753e+00 -5.4618e+00 1.2994e+01 -2.4272e-01 4.9804e+00 -8.9754e+01 -7.1430e-01 -7.0995e+01 5.3481e+00 -7.0000e-06 -1.0000e-06 -7.3373e+01 3.2024e+01 -8.1856e+00 2.4329e+01 1.9000e-05 5.0000e-06 4.5768e+00 1.1243e+01 -2.2322e+01 2.2292e+01 -1.0000e-06 5.0000e-06 4.4217e+00 5.4797e+00 -5.7358e+00 1.2995e+01 -2.4272e-01 -4.9804e+00 9.2173e+01 -5.1040e+00 -6.6900e+01 -5.3481e+00 -1.0000e-06 -4.0000e-06 -6.5690e+01 -5.7587e+01 -1.1442e+02 -2.4329e+01 3.2200e-04 -9.0000e-06 2.4490e+00 5.4216e+00 -2.4369e+01 -2.2291e+01 -1.0800e-04 -4.0000e-06 2.4302e+01 5.3330e+00 -8.7260e-01 -2.1925e+00 -6.4694e+00 -0.0000e+00 -1.7639e+02 -9.1372e+00 -4.0635e+00 3.9081e+01 -7.0000e-06 -1.2000e-05 -5.0747e-02 1.8950e-01 1.4991e+01 4.0985e+01 -6.0000e-06 -1.3000e-05 -8.2258e-01 4.3186e+00 -6.1162e+01 1.1754e+01 -0.0000e+00 3.0000e-06 -5.0000e-06 -7.6000e-05 -1.6581e+01 -2.1925e+00 6.4694e+00 -1.0000e-06 -1.7929e+02 1.2385e+01 1.7866e+02 -3.9081e+01 -2.2820e-03 -4.0193e-02 -1.0725e-02 6.6709e-02 1.1902e+01 -4.0985e+01 8.0000e-06 6.0000e-06 3.8191e+00 6.3361e+00 -6.1468e+01 -1.1754e+01 -6.0000e-06 -6.0000e-06 -6.4230e-03 -7.4631e-02 -1.9611e+01
0.0000e+00 0.0000e+00 0.0000e+00 0.0000e+00 0.0000e+00 -0.0000e+00 -1.5913e+00 9.3238e+01 -1.6886e+00 8.8920e+01 -1.4942e+00 -1.8915e-01 1.5736e+01 5.0000e-06 -1.0000e-06 1.1325e+02 8.7411e+01 -1.1439e+02 8.9846e+00 -4.0621e-01 -0.0000e+00 -2.9874e+00 2.1503e+00 -2.2249e+00 1.6377e+01 -1.0000e-06 -1.0000e-06 2.1420e+00 -4.0799e+00 6.2335e+00 6.4567e+00 -1.0000e-06 -0.0000e+00 6.5401e+00 -3.1252e+00 -5.5104e+00 1.2994e+01 -2.4272e-01 4.9804e+00 -8.9744e+01 -7.4230e-01 -7.0996e+01 5.3481e+00 -7.0000e-06 -1.0000e-06 -7.2982e+01 3.1697e+01 -8.4531e+00 2.4329e+01 1.9000e-05 5.0000e-06 4.5499e+00 1.1364e+01 -2.1992e+01 2.2292e+01 -1.0000e-06 5.0000e-06 4.6639e+00 5.4777e+00 -5.6616e+00 1.2995e+01 -2.4272e-01 -4.9804e+00 9.2158e+01 -5.0768e+00 -6.6934e+01 -5.3481e+00 -1.0000e-06 -4.0000e-06 -7.2300e+01 -5.6585e+01 -1.1769e+02 -2.4329e+01 3.2200e-04 -9.0000e-06 2.0953e+00 6.2830e+00 -1.8495e+01 -2.2291e+01 -1.0800e-04 -4.0000e-06 2.4322e+01 5.1923e+00 2.8995e+00 -2.1925e+00 -6.4694e+00 -0.0000e+00 -1.7648e+02 -9.0548e+00 -4.0753e+00 3.9081e+01 -7.0000e-06 -1.2000e-05 -5.0016e-02 1.8785e-01 1.4909e+01 4.0985e+01 -6.0000e-06 -1.3000e-05 -7.6749e-01 4.3887e+00 -6.1110e+01 1.1754e+01 -0.0000e+00 3.0000e-06 -6.0000e-06 -9.0000e-05 -1.6581e+01 -2.1925e+00 6.4694e+00 -1.0000e-06 -1.7936e+02 1.2506e+01 1.7866e+02 -3.9081e+01 -2.2820e-03 -4.0193e-02 -1.0328e-02 6.5151e-02 1.1845e+01 -4.0985e+01 8.0000e-06 6.0000e-06 3.7293e+00 6.2938e+00 -6.1426e+01 -1.1754e+01 -6.0000e-06 -6.0000e-06 -6.4860e-03 -7.5190e-02 -1.9634e+01
0.0000e+00 0.0000e+00 0.0000e+00 0.0000e+00 0.0000e+00 -0.0000e+00 -1.5533e+00 9.3244e+01 -1.6841e+00 8.8945e+01 -1.3918e+00 -1.5004e-01 1.5736e+01 5.0000e-06 -1.0000e-06 1.1224e+02 8.7413e+01 -1.1346e+02 8.9846e+00 -4.0621e-01 -0.0000e+00 -2.9546e+00 2.0718e+00 -2.3885e+00 1.6377e+01 -1.0000e-06 -1.0000e-06 2.1585e+00 -3.9747e+00 6.1515e+00 6.4567e+00 -1.0000e-06 -0.0000e+00 6.4538e+00 -2.9147e+00 -5.6500e+00 1.2994e+01 -2.4272e-01 4.9804e+00 -8.9731e+01 -7.7864e-01 -7.0951e+01 5.3481e+00 -7.0000e-06 -1.0000e-06 -7.2576e+01 3.1091e+01 -8.6259e+00 2.4329e+01 1.9000e-05 5.0000e-06 4.7086e+00 1.1946e+01 -2.1699e+01 2.2292e+01 -1.0000e-06 5.0000e-06 4.6995e+00 5.4743e+00 -5.5322e+00 1.2995e+01 -2.4272e-01 -4.9804e+00 9.2145e+01 -5.0283e+00 -6.6860e+01 -5.3481e+00 -1.0000e-06 -4.0000e-06 -7.9946e+01 -5.4440e+01 -1.2179e+02 -2.4329e+01 3.2200e-04 -9.0000e-06 1.5812e+00 5.9367e+00 -1.4949e+01 -2.2291e+01 -1.0800e-04 -4.0000e-06 2.6449e+01 4.9912e+00 7.4764e+00 -2.1925e+00 -6.4694e+00 -0.0000e+00 -1.7652e+02 -8.9818e+00 -3.9985e+00 3.9081e+01 -7.0000e-06 -1.2000e-05 -4.8912e-02 1.8483e-01 1.4822e+01 4.0985e+01 -6.0000e-06 -1.3000e-05 -7.3478e-01 4.4477e+00 -6.1072e+01 1.1754e+01 -0.0000e+00 3.0000e-06 -5.0000e-06 -7.1000e-05 -1.6580e+01 -2.1925e+00 6.4694e+00 -1.0000e-06 -1.7941e+02 1.2615e+01 1.7874e+02 -3.9081e+01 -2.2820e-03 -4.0193e-02 -9.7360e-03 6.2534e-02 1.1807e+01 -4.0985e+01 8.0000e-06 6.0000e-06 3.7706e+00 6.2694e+00 -6.1424e+01 -1.1754e+01 -6.0000e-06 -6.0000e-06 -6.2740e-03 -7.3304e-02 -1.9557e+01
0.0000e+00 0.0000e+00 0.0000e+00 0.0000e+00 0.0000e+00 -0.0000e+00 -1.5314e+00 9.3246e+01 -1.6916e+00 8.8954e+01 -1.2964e+00 -2.0782e-01 1.5736e+01 5.0000e-06 -1.0000e-06 1.1162e+02 8.7448e+01 -1.1288e+02 8.9846e+00 -4.0621e-01 -0.0000e+00 -2.9989e+00 1.9976e+00 -2.4562e+00 1.6377e+01 -1.0000e-06 -1.0000e-06 2.1621e+00 -3.9141e+00 5.9881e+00 6.4567e+00 -1.0000e-06 -0.0000e+00 6.4698e+00 -2.8582e+00 -5.7134e+00 1.2994e+01 -2.4272e-01 4.9804e+00 -8.9718e+01 -8.2014e-01 -7.1034e+01 5.3481e+00 -7.0000e-06 -1.0000e-06 -7.2177e+01 3.0587e+01 -8.7464e+00 2.4329e+01 1.9000e-05 5.0000e-06 4.6865e+00 1.2146e+01 -2.1287e+01 2.2292e+01 -1.0000e-06 5.0000e-06 4.8976e+00 5.4729e+00 -5.4802e+00 1.2995e+01 -2.4272e-01 -4.9804e+00 9.2058e+01 -4.7829e+00 -6.6685e+01 -5.3481e+00 -1.0000e-06 -4.0000e-06 -8.4603e+01 -5.2669e+01 -1.2427e+02 -2.4329e+01 3.2200e-04 -9.0000e-06 8.9235e-01 3.8150e+00 -1.3188e+01 -2.2291e+01 -1.0800e-04 -4.0000e-06 3.0110e+01 4.7954e+00 1.1396e+01 -2.1925e+00 -6.4694e+00 -0.0000e+00 -1.7656e+02 -8.9004e+00 -4.0782e+00 3.9081e+01 -7.0000e-06 -1.2000e-05 -4.9026e-02 1.8534e-01 1.4817e+01 4.0985e+01 -6.0000e-06 -1.3000e-05 -7.2205e-01 4.4396e+00 -6.1052e+01 1.1754e+01 -0.0000e+00 3.0000e-06 -5.0000e-06 -7.7000e-05 -1.6581e+01 -2.1925e+00 6.4694e+00 -1.0000e-06 -1.7943e+02 1.2726e+01 1.7869e+02 -3.9081e+01 -2.2820e-03 -4.0193e-02 -1.0342e-02 6.5550e-02 1.1787e+01 -4.0985e+01 8.0000e-06 6.0000e-06 3.7241e+00 6.2862e+00 -6.1410e+01 -1.1754e+01 -6.0000e-06 -6.0000e-06 -6.4360e-03 -7.4749e-02 -1.9616e+01
0.0000e+00 0.0000e+00 0.0000e+00 0.0000e+00 0.0000e+00 -0.0000e+00 -1.5087e+00 9.3240e+01 -1.6908e+00 8.8937e+01 -1.3185e+00 -2.1432e-01 1.5736e+01 5.0000e-06 -1.0000e-06 1.1042e+02 8.7468e+01 -1.1165e+02 8.9846e+00 -4.0621e-01 -0.0000e+00 -2.9997e+00 1.8818e+00 -2.4173e+00 1.6377e+01 -1.0000e-06 -1.0000e-06 2.1384e+00 -3.8344e+00 5.8675e+00 6.4567e+00 -1.0000e-06 -0.0000e+00 6.4642e+00 -2.7115e+00 -5.8217e+00 1.2994e+01 -2.4272e-01 4.9804e+00 -8.9695e+01 -8.8661e-01 -7.1037e+01 5.3481e+00 -7.0000e-06 -1.0000e-06 -7.1828e+01 3.0107e+01 -8.8252e+00 2.4329e+01 1.9000e-05 5.0000e-06 4.6432e+00 1.2301e+01 -2.0867e+01 2.2292e+01 -1.0000e-06 5.0000e-06 5.0565e+00 5.4717e+00 -5.4332e+00 1.2995e+01 -2.4272e-01 -4.9804e+00 9.2002e+01 -4.6317e+00 -6.6593e+01 -5.3481e+00 -1.0000e-06 -4.0000e-06 -8.5713e+01 -5.1931e+01 -1.2457e+02 -2.4329e+01 3.2200e-04 -9.0000e-06 4.4705e-01 1.9134e+00 -1.3184e+01 -2.2291e+01 -1.0800e-04 -4.0000e-06 3.2882e+01 4.7356e+00 1.2513e+01 -2.1925e+00 -6.4694e+00 -0.0000e+00 -1.7656e+02 -8.8339e+00 -4.1211e+00 3.9081e+01 -7.0000e-06 -1.2000e-05 -4.9117e-02 1.8458e-01 1.4901e+01 4.0985e+01 -6.0000e-06 -1.3000e-05 -7.1273e-01 4.3559e+00 -6.1104e+01 1.1754e+01 -0.0000e+00 3.0000e-06 -6.0000e-06 -8.4000e-05 -1.6581e+01 -2.1925e+00 6.4694e+00 -1.0000e-06 -1.7944e+02 1.2703e+01 1.7867e+02 -3.9081e+01 -2.2820e-03 -4.0193e-02 -1.1566e-02 7.1295e-02 1.1806e+01 -4.0985e+01 8.0000e-06 6.0000e-06 3.5865e+00 6.3395e+00 -6.1394e+01 -1.1754e+01 -6.0000e-06 -6.0000e-06 -6.4230e-03 -7.4632e-02 -1.9611e+01
0.0000e+00 0.0000e+00 0.0000e+00 0.0000e+00 0.0000e+00 -0.0000e+00 -1.4891e+00 9.3243e+01 -1.7025e+00 8.8948e+01 -1.4976e+00 -2.5053e-01 1.5736e+01 5.0000e-06 -1.0000e-06 1.0973e+02 8.7486e+01 -1.1092e+02 8.9846e+00 -4.0621e-01 -0.0000e+00 -3.0146e+00 1.8080e+00 -2.3231e+00 1.6377e+01 -1.0000e-06 -1.0000e-06 2.1246e+00 -3.8289e+00 5.8152e+00 6.4567e+00 -1.0000e-06 -0.0000e+00 6.4797e+00 -2.6319e+00 -5.9282e+00 1.2994e+01 -2.4272e-01 4.9804e+00 -8.9673e+01 -9.5417e-01 -7.1099e+01 5.3481e+00 -7.0000e-06 -1.0000e-06 -7.1503e+01 2.9652e+01 -8.8352e+00 2.4329e+01 1.9000e-05 5.0000e-06 4.6155e+00 1.2467e+01 -2.0504e+01 2.2292e+01 -1.0000e-06 5.0000e-06 5.0326e+00 5.4667e+00 -5.2461e+00 1.2995e+01 -2.4272e-01 -4.9804e+00 9.2008e+01 -4.6263e+00 -6.6508e+01 -5.3481e+00 -1.0000e-06 -4.0000e-06 -8.3892e+01 -5.1971e+01 -1.2331e+02 -2.4329e+01 3.2200e-04 -9.0000e-06 3.2465e-01 1.2417e+00 -1.4700e+01 -2.2291e+01 -1.0800e-04 -4.0000e-06 3.3380e+01 4.7631e+00 1.2006e+01 -2.1925e+00 -6.4694e+00 -0.0000e+00 -1.7659e+02 -8.9740e+00 -4.1249e+00 3.9081e+01 -7.0000e-06 -1.2000e-05 -4.9029e-02 1.8481e-01 1.4858e+01 4.0985e+01 -6.0000e-06 -1.3000e-05 -7.0391e-01 4.3373e+00 -6.1086e+01 1.1754e+01 -0.0000e+00 3.0000e-06 -5.0000e-06 -7.4000e-05 -1.6580e+01 -2.1925e+00 6.4694e+00 -1.0000e-06 -1.7946e+02 1.2571e+01 1.7861e+02 -3.9081e+01 -2.2820e-03 -4.0193e-02 -1.1677e-02 7.1769e-02 1.1815e+01 -4.0985e+01 8.0000e-06 6.0000e-06 3.5820e+00 6.3403e+00 -6.1377e+01 -1.1754e+01 -6.0000e-06 -6.0000e-06 -6.4400e-03 -7.4784e-02 -1.9617e+01
0.0000e+00 0.0000e+00 0.0000e+00 0.0000e+00 0.0000e+00 -0.0000e+00 -1.4727e+00 9.3243e+01 -1.7223e+00 8.8918e+01 -1.7785e+00 -2.5389e-01 1.5736e+01 5.0000e-06 -1.0000e-06 1.0949e+02 8.7481e+01 -1.1060e+02 8.9846e+00 -4.0621e-01 -0.0000e+00 -3.0000e+00 1.7844e+00 -2.1800e+00 1.6377e+01 -1.0000e-06 -1.0000e-06 2.1153e+00 -3.9029e+00 5.8881e+00 6.4567e+00 -1.0000e-06 -0.0000e+00 6.4950e+00 -2.6800e+00 -5.9194e+00 1.2994e+01 -2.4272e-01 4.9804e+00 -8.9650e+01 -1.0239e+00 -7.1150e+01 5.3481e+00 -7.0000e-06 -1.0000e-06 -7.1166e+01 2.9322e+01 -8.8880e+00 2.4329e+01 1.9000e-05 5.0000e-06 4.6323e+00 1.2741e+01 -2.0172e+01 2.2292e+01 -1.0000e-06 5.0000e-06 5.1690e+00 5.4611e+00 -5.0429e+00 1.2995e+01 -2.4272e-01 -4.9804e+00 9.2036e+01 -4.7053e+00 -6.6572e+01 -5.3481e+00 -1.0000e-06 -4.0000e-06 -7.9761e+01 -5.2834e+01 -1.2093e+02 -2.4329e+01 3.2200e-04 -9.0000e-06 2.8744e-01 9.1570e-01 -1.7490e+01 -2.2291e+01 -1.0800e-04 -4.0000e-06 3.2425e+01 4.8227e+00 1.0884e+01 -2.1925e+00 -6.4694e+00 -0.0000e+00 -1.7658e+02 -9.1331e+00 -4.1190e+00 3.9081e+01 -7.0000e-06 -1.2000e-05 -4.8963e-02 1.8411e-01 1.4892e+01 4.0985e+01 -6.0000e-06 -1.3000e-05 -7.1244e-01 4.1870e+00 -6.1115e+01 1.1754e+01 -0.0000e+00 3.0000e-06 -3.0000e-06 -4.8000e-05 -1.6579e+01 -2.1925e+00 6.4694e+00 -1.0000e-06 -1.7944e+02 1.2338e+01 1.7856e+02 -3.9081e+01 -2.2820e-03 -4.0193e-02 -1.1762e-02 7.2057e-02 1.1833e+01 -4.0985e+01 8.0000e-06 6.0000e-06 3.5760e+00 6.4183e+00 -6.1348e+01 -1.1754e+01 -6.0000e-06 -6.0000e-06 -6.4380e-03 -7.4764e-02 -1.9616e+01
0.0000e+00 0.0000e+00 0.0000e+00 0.0000e+00 0.0000e+00 -0.0000e+00 -1.4658e+00 9.3252e+01 -1.7703e+00 8.8907e+01 -2.0888e+00 -2.4327e-01 1.5736e+01 5.0000e-06 -1.0000e-06 1.0945e+02 8.7459e+01 -1.1050e+02 8.9846e+00 -4.0621e-01 -0.0000e+00 -2.9576e+00 1.7900e+00 -2.0520e+00 1.6377e+01 -1.0000e-06 -1.0000e-06 2.0852e+00 -4.0629e+00 6.0123e+00 6.4567e+00 -1.0000e-06 -0.0000e+00 6.4976e+00 -2.8898e+00 -5.7344e+00 1.2994e+01 -2.4272e-01 4.9804e+00 -8.9650e+01 -1.0260e+00 -7.1147e+01 5.3481e+00 -7.0000e-06 -1.0000e-06 -7.0805e+01 2.8938e+01 -9.0111e+00 2.4329e+01 1.9000e-05 5.0000e-06 4.6377e+00 1.2967e+01 -1.9875e+01 2.2292e+01 -1.0000e-06 5.0000e-06 5.3898e+00 5.4604e+00 -5.0151e+00 1.2995e+01 -2.4272e-01 -4.9804e+00 9.2082e+01 -4.8290e+00 -6.6648e+01 -5.3481e+00 -1.0000e-06 -4.0000e-06 -7.5741e+01 -5.3451e+01 -1.1909e+02 -2.4329e+01 3.2200e-04 -9.0000e-06 2.3287e-01 5.9541e-01 -2.1443e+01 -2.2291e+01 -1.0800e-04 -4.0000e-06 3.0987e+01 4.9021e+00 9.3348e+00 -2.1925e+00 -6.4694e+00 -0.0000e+00 -1.7658e+02 -9.2563e+00 -4.0554e+00 3.9081e+01 -7.0000e-06 -1.2000e-05 -4.8969e-02 1.8523e-01 1.4809e+01 4.0985e+01 -6.0000e-06 -1.3000e-05 -7.3368e-01 4.0317e+00 -6.1070e+01 1.1754e+01 -0.0000e+00 3.0000e-06 -5.0000e-06 -7.7000e-05 -1.6581e+01 -2.1925e+00 6.4694e+00 -1.0000e-06 -1.7942e+02 1.2154e+01 1.7853e+02 -3.9081e+01 -2.2820e-03 -4.0193e-02 -1.0751e-02 6.7400e-02 1.1805e+01 -4.0985e+01 8.0000e-06 6.0000e-06 3.6587e+00 6.5379e+00 -6.1292e+01 -1.1754e+01 -6.0000e-06 -6.0000e-06 -6.2270e-03 -7.2881e-02 -1.9539e+01
0.0000e+00 0.0000e+00 0.0000e+00 0.0000e+00 0.0000e+00 -0.0000e+00 -1.4724e+00 9.3244e+01 -1.8132e+00 8.8886e+01 -2.3639e+00 -2.1285e-01 1.5736e+01 5.0000e-06 -1.0000e-06 1.0999e+02 8.7418e+01 -1.1097e+02 8.9846e+00 -4.0621e-01 -0.0000e+00 -2.8980e+00 1.8555e+00 -1.9080e+00 1.6377e+01 -1.0000e-06 -1.0000e-06 2.1143e+00 -4.2666e+00 6.1911e+00 6.4567e+00 -1.0000e-06 -0.0000e+00 6.4444e+00 -3.2064e+00 -5.5568e+00 1.2994e+01 -2.4272e-01 4.9804e+00 -8.9673e+01 -9.5828e-01 -7.1159e+01 5.3481e+00 -7.0000e-06 -1.0000e-06 -7.0530e+01 2.8376e+01 -9.1579e+00 2.4329e+01 1.9000e-05 5.0000e-06 4.6829e+00 1.3235e+01 -1.9686e+01 2.2292e+01 -1.0000e-06 5.0000e-06 5.5100e+00 5.4588e+00 -4.9557e+00 1.2995e+01 -2.4272e-01 -4.9804e+00 9.2106e+01 -4.8879e+00 -6.6653e+01 -5.3481e+00 -1.0000e-06 -4.0000e-06 -7.1793e+01 -5.3850e+01 -1.1771e+02 -2.4329e+01 3.2200e-04 -9.0000e-06 5.3999e-01 1.0826e+00 -2.6537e+01 -2.2291e+01 -1.0800e-04 -4.0000e-06 2.9894e+01 4.9524e+00 8.3155e+00 -2.1925e+00 -6.4694e+00 -0.0000e+00 -1.7655e+02 -9.4208e+00 -4.0802e+00 3.9081e+01 -7.0000e-06 -1.2000e-05 -5.0011e-02 1.8756e-01 1.4930e+01 4.0985e+01 -6.0000e-06 -1.3000e-05 -7.5536e-01 3.8861e+00 -6.1120e+01 1.1754e+01 -0.0000e+00 3.0000e-06 -4.0000e-06 -5.9000e-05 -1.6580e+01 -2.1925e+00 6.4694e+00 -1.0000e-06 -1.7942e+02 1.2011e+01 1.7845e+02 -3.9081e+01 -2.2820e-03 -4.0193e-02 -1.2441e-02 7.4755e-02 1.1917e+01 -4.0985e+01 8.0000e-06 6.0000e-06 3.5364e+00 6.7034e+00 -6.1279e+01 -1.1754e+01 -6.0000e-06 -6.0000e-06 -6.6900e-03 -7.6980e-02 -1.9707e+01
0.0000e+00 0.0000e+00 0.0000e+00 0.0000e+00 0.0000e+00 -0.0000e+00 -1.5010e+00 9.3246e+01 -1.8546e+00 8.8874e+01 -2.5516e+00 -1.4889e-01 1.5736e+01 5.0000e-06 -1.0000e-06 1.0987e+02 8.7382e+01 -1.1079e+02 8.9846e+00 -4.0621e-01 -0.0000e+00 -2.8269e+00 1.8636e+00 -1.7802e+00 1.6377e+01 -1.0000e-06 -1.0000e-06 2.1570e+00 -4.4815e+00 6.3308e+00 6.4567e+00 -1.0000e-06 -0.0000e+00 6.4402e+00 -3.5073e+00 -5.3209e+00 1.2994e+01 -2.4272e-01 4.9804e+00 -8.9684e+01 -9.2271e-01 -7.1099e+01 5.3481e+00 -7.0000e-06 -1.0000e-06 -7.0383e+01 2.7974e+01 -9.2415e+00 2.4329e+01 1.9000e-05 5.0000e-06 4.6645e+00 1.3194e+01 -1.9670e+01 2.2292e+01 -1.0000e-06 5.0000e-06 5.6721e+00 5.4556e+00 -4.8421e+00 1.2995e+01 -2.4272e-01 -4.9804e+00 9.2096e+01 -4.8553e+00 -6.6618e+01 -5.3481e+00 -1.0000e-06 -4.0000e-06 -6.8022e+01 -5.3963e+01 -1.1668e+02 -2.4329e+01 3.2200e-04 -9.0000e-06 1.6507e+00 2.5748e+00 -3.2685e+01 -2.2291e+01 -1.0800e-04 -4.0000e-06 2.9556e+01 5.0090e+00 7.1278e+00 -2.1925e+00 -6.4694e+00 -0.0000e+00 -1.7651e+02 -9.5276e+00 -4.0126e+00 3.9081e+01 -7.0000e-06 -1.2000e-05 -5.0090e-02 1.8788e-01 1.4928e+01 4.0985e+01 -6.0000e-06 -1.3000e-05 -7.8196e-01 3.8174e+00 -6.1108e+01 1.1754e+01 -0.0000e+00 3.0000e-06 -5.0000e-06 -6.5000e-05 -1.6580e+01 -2.1925e+00 6.4694e+00 -1.0000e-06 -1.7940e+02 1.1872e+01 1.7846e+02 -3.9081e+01 -2.2820e-03 -4.0193e-02 -1.2186e-02 7.3282e-02 1.1959e+01 -4.0985e+01 8.0000e-06 6.0000e-06 3.6379e+00 6.7442e+00 -6.1280e+01 -1.1754e+01 -6.0000e-06 -6.0000e-06 -6.2290e-03 -7.2904e-02 -1.9540e+01
0.0000e+00 0.0000e+00 0.0000e+00 0.0000e+00 0.0000e+00 -0.0000e+00 -1.5377e+00 9.3249e+01 -1.8922e+00 8.8849e+01 -2.7106e+00 -1.3324e-01 1.5736e+01 5.0000e-06 -1.0000e-06 1.0987e+02 8.7349e+01 -1.1072e+02 8.9846e+00 -4.0621e-01 -0.0000e+00 -2.7653e+00 1.8793e+00 -1.6435e+00 1.6377e+01 -1.0000e-06 -1.0000e-06 2.1452e+00 -4.6863e+00 6.4449e+00 6.4567e+00 -1.0000e-06 -0.0000e+00 6.5133e+00 -3.7264e+00 -5.1363e+00 1.2994e+01 -2.4272e-01 4.9804e+00 -8.9700e+01 -8.7878e-01 -7.1132e+01 5.3481e+00 -7.0000e-06 -1.0000e-06 -7.0362e+01 2.7656e+01 -9.2640e+00 2.4329e+01 1.9000e-05 5.0000e-06 4.6214e+00 1.3020e+01 -1.9738e+01 2.2292e+01 -1.0000e-06 5.0000e-06 5.7088e+00 5.4549e+00 -4.8164e+00 1.2995e+01 -2.4272e-01 -4.9804e+00 9.2039e+01 -4.7197e+00 -6.6601e+01 -5.3481e+00 -1.0000e-06 -4.0000e-06 -6.3836e+01 -5.4306e+01 -1.1552e+02 -2.4329e+01 3.2200e-04 -9.0000e-06 2.6851e+00 3.2580e+00 -3.9536e+01 -2.2291e+01 -1.0800e-04 -4.0000e-06 2.9605e+01 5.1069e+00 4.9561e+00 -2.1925e+00 -6.4694e+00 -0.0000e+00 -1.7646e+02 -9.6494e+00 -4.0106e+00 3.9081e+01 -7.0000e-06 -1.2000e-05 -4.9832e-02 1.8680e-01 1.4936e+01 4.0985e+01 -6.0000e-06 -1.3000e-05 -8.1024e-01 3.7861e+00 -6.1088e+01 1.1754e+01 -0.0000e+00 3.0000e-06 -4.0000e-06 -5.3000e-05 -1.6580e+01 -2.1925e+00 6.4694e+00 -1.0000e-06 -1.7934e+02 1.1684e+01 1.7846e+02 -3.9081e+01 -2.2820e-03 -4.0193e-02 -1.1491e-02 7.0218e-02 1.1923e+01 -4.0985e+01 8.0000e-06 6.0000e-06 3.6418e+00 6.7133e+00 -6.1227e+01 -1.1754e+01 -6.0000e-06 -6.0000e-06 -6.4060e-03 -7.4479e-02 -1.9605e+01
0.0000e+00 0.0000e+00 0.0000e+00 0.0000e+00 0.0000e+00 -0.0000e+00 -1.5756e+00 9.3247e+01 -1.9477e+00 8.8854e+01 -2.7710e+00 -1.4999e-01 1.5736e+01 5.0000e-06 -1.0000e-06 1.0978e+02 8.7341e+01 -1.1057e+02 8.9846e+00 -4.0621e-01 -0.0000e+00 -2.7489e+00 1.8717e+00 -1.5406e+00 1.6377e+01 -1.0000e-06 -1.0000e-06 2.1144e+00 -4.8774e+00 6.5339e+00 6.4567e+00 -1.0000e-06 -0.0000e+00 6.5999e+00 -3.9187e+00 -5.0192e+00 1.2994e+01 -2.4272e-01 4.9804e+00 -8.9708e+01 -8.5493e-01 -7.1145e+01 5.3481e+00 -7.0000e-06 -1.0000e-06 -7.0376e+01 2.7694e+01 -9.3075e+00 2.4329e+01 1.9000e-05 5.0000e-06 4.6839e+00 1.3072e+01 -1.9912e+01 2.2292e+01 -1.0000e-06 5.0000e-06 5.4022e+00 5.4561e+00 -4.8575e+00 1.2995e+01 -2.4272e-01 -4.9804e+00 9.2008e+01 -4.6394e+00 -6.6562e+01 -5.3481e+00 -1.0000e-06 -4.0000e-06 -5.9383e+01 -5.4821e+01 -1.1400e+02 -2.4329e+01 3.2200e-04 -9.0000e-06 3.8091e+00 3.5222e+00 -4.7298e+01 -2.2291e+01 -1.0800e-04 -4.0000e-06 2.9875e+01 5.1960e+00 2.8190e+00 -2.1925e+00 -6.4694e+00 -0.0000e+00 -1.7644e+02 -9.7152e+00 -4.0645e+00 3.9081e+01 -7.0000e-06 -1.2000e-05 -5.0748e-02 1.8996e-01 1.4957e+01 4.0985e+01 -6.0000e-06 -1.3000e-05 -8.3831e-01 3.7961e+00 -6.1064e+01 1.1754e+01 -0.0000e+00 3.0000e-06 -5.0000e-06 -7.7000e-05 -1.6581e+01 -2.1925e+00 6.4694e+00 -1.0000e-06 -1.7931e+02 1.1536e+01 1.7837e+02 -3.9081e+01 -2.2820e-03 -4.0193e-02 -1.2916e-02 7.6691e-02 1.1965e+01 -4.0985e+01 8.0000e-06 6.0000e-06 3.5402e+00 6.6657e+00 -6.1188e+01 -1.1754e+01 -6.0000e-06 -6.0000e-06 -6.1270e-03 -7.1983e-02 -1.9503e+01
0.0000e+00 0.0000e+00 0.0000e+00 0.0000e+00 0.0000e+00 -0.0000e+00 -1.6123e+00 9.3250e+01 -1.9822e+00 8.8835e+01 -2.9161e+00 -1.2050e-01 1.5736e+01 5.0000e-06 -1.0000e-06 1.1022e+02 8.7300e+01 -1.1096e+02 8.9846e+00 -4.0621e-01 -0.0000e+00 -2.6866e+00 1.9328e+00 -1.4236e+00 1.6377e+01 -1.0000e-06 -1.0000e-06 2.1636e+00 -4.9367e+00 6.5674e+00 6.4567e+00 -1.0000e-06 -0.0000e+00 6.5705e+00 -3.9980e+00 -4.9889e+00 1.2994e+01 -2.4272e-01 4.9804e+00 -8.9732e+01 -7.8426e-01 -7.1137e+01 5.3481e+00 -7.0000e-06 -1.0000e-06 -7.0340e+01 2.8280e+01 -9.4737e+00 2.4329e+01 1.9000e-05 5.0000e-06 4.5229e+00 1.2578e+01 -1.9963e+01 2.2292e+01 -1.0000e-06 5.0000e-06 5.5577e+00 5.4611e+00 -5.0400e+00 1.2995e+01 -2.4272e-01 -4.9804e+00 9.1965e+01 -4.5491e+00 -6.6604e+01 -5.3481e+00 -1.0000e-06 -4.0000e-06 -5.5409e+01 -5.5413e+01 -1.1285e+02 -2.4329e+01 3.2200e-04 -9.0000e-06 6.3728e+00 4.3612e+00 -5.5747e+01 -2.2291e+01 -1.0800e-04 -4.0000e-06 2.9449e+01 5.2532e+00 1.3409e+00 -2.1925e+00 -6.4694e+00 -0.0000e+00 -1.7640e+02 -9.8282e+00 -4.0437e+00 3.9081e+01 -7.0000e-06 -1.2000e-05 -4.9828e-02 1.8651e-01 1.4958e+01 4.0985e+01 -6.0000e-06 -1.3000e-05 -8.6457e-01 3.7406e+00 -6.1042e+01 1.1754e+01 -0.0000e+00 3.0000e-06 -4.0000e-06 -6.1000e-05 -1.6580e+01 -2.1925e+00 6.4694e+00 -1.0000e-06 -1.7926e+02 1.1495e+01 1.7837e+02 -3.9081e+01 -2.2820e-03 -4.0193e-02 -1.2368e-02 7.4049e-02 1.1973e+01 -4.0985e+01 8.0000e-06 6.0000e-06 3.6541e+00 6.7491e+00 -6.1177e+01 -1.1754e+01 -6.0000e-06 -6.0000e-06 -6.2420e-03 -7.3022e-02 -1.9545e+01
0.0000e+00 0.0000e+00 0.0000e+00 0.0000e+00 0.0000e+00 -0.0000e+00 -1.6467e+00 9.3246e+01 -2.0143e+00 8.8821e+01 -3.0139e+00 -1.0016e-01 1.5736e+01 5.0000e-06 -1.0000e-06 1.1071e+02 8.7272e+01 -1.1139e+02 8.9846e+00 -4.0621e-01 -0.0000e+00 -2.6516e+00 1.9906e+00 -1.3203e+00 1.6377e+01 -1.0000e-06 -1.0000e-06 2.1467e+00 -4.9836e+00 6.6535e+00 6.4567e+00 -1.0000e-06 -0.0000e+00 6.6649e+00 -3.9888e+00 -5.1419e+00 1.2994e+01 -2.4272e-01 4.9804e+00 -8.9746e+01 -7.4899e-01 -7.1236e+01 5.3481e+00 -7.0000e-06 -1.0000e-06 -7.0686e+01 2.8370e+01 -9.3036e+00 2.4329e+01 1.9000e-05 5.0000e-06 4.6406e+00 1.2645e+01 -2.0345e+01 2.2292e+01 -1.0000e-06 5.0000e-06 5.5091e+00 5.4615e+00 -5.0557e+00 1.2995e+01 -2.4272e-01 -4.9804e+00 9.1944e+01 -4.4938e+00 -6.6579e+01 -5.3481e+00 -1.0000e-06 -4.0000e-06 -5.2712e+01 -5.5512e+01 -1.1298e+02 -2.4329e+01 3.2200e-04 -9.0000e-06 8.3862e+00 4.3331e+00 -6.2862e+01 -2.2291e+01 -1.0800e-04 -4.0000e-06 2.8663e+01 5.3922e+00 -2.6865e+00 -2.1925e+00 -6.4694e+00 -0.0000e+00 -1.7637e+02 -9.8728e+00 -4.0540e+00 3.9081e+01 -7.0000e-06 -1.2000e-05 -5.0167e-02 1.8698e-01 1.5018e+01 4.0985e+01 -6.0000e-06 -1.3000e-05 -8.8860e-01 3.7033e+00 -6.1063e+01 1.1754e+01 -0.0000e+00 3.0000e-06 -6.0000e-06 -8.2000e-05 -1.6581e+01 -2.1925e+00 6.4694e+00 -1.0000e-06 -1.7925e+02 1.1436e+01 1.7835e+02 -3.9081e+01 -2.2820e-03 -4.0193e-02 -1.3381e-02 7.8612e-02 1.2005e+01 -4.0985e+01 8.0000e-06 6.0000e-06 3.5708e+00 6.8215e+00 -6.1159e+01 -1.1754e+01 -6.0000e-06 -6.0000e-06 -6.2820e-03 -7.3378e-02 -1.9560e+01
0.0000e+00 0.0000e+00 0.0000e+00 0.0000e+00 0.0000e+00 -0.0000e+00 -1.6568e+00 9.3242e+01 -2.0263e+00 8.8831e+01 -3.1370e+00 -6.3403e-02 1.5736e+01 5.0000e-06 -1.0000e-06 1.1089e+02 8.7243e+01 -1.1153e+02 8.9846e+00 -4.0621e-01 -0.0000e+00 -2.6043e+00 2.0235e+00 -1.2385e+00 1.6377e+01 -1.0000e-06 -1.0000e-06 2.1911e+00 -4.9889e+00 6.7686e+00 6.4567e+00 -1.0000e-06 -0.0000e+00 6.6690e+00 -3.9086e+00 -5.3603e+00 1.2994e+01 -2.4272e-01 4.9804e+00 -8.9757e+01 -7.1760e-01 -7.1268e+01 5.3481e+00 -7.0000e-06 -1.0000e-06 -7.1143e+01 2.8587e+01 -9.1705e+00 2.4329e+01 1.9000e-05 5.0000e-06 4.5770e+00 1.2323e+01 -2.0561e+01 2.2292e+01 -1.0000e-06 5.0000e-06 5.3965e+00 5.4624e+00 -5.0892e+00 1.2995e+01 -2.4272e-01 -4.9804e+00 9.1961e+01 -4.5287e+00 -6.6561e+01 -5.3481e+00 -1.0000e-06 -4.0000e-06 -5.0969e+01 -5.5118e+01 -1.1379e+02 -2.4329e+01 3.2200e-04 -9.0000e-06 1.1425e+01 4.5082e+00 -6.8747e+01 -2.2291e+01 -1.0800e-04 -4.0000e-06 2.9635e+01 5.4937e+00 -6.2735e+00 -2.1925e+00 -6.4694e+00 -0.0000e+00 -1.7637e+02 -9.9025e+00 -4.0213e+00 3.9081e+01 -7.0000e-06 -1.2000e-05 -5.0257e-02 1.8705e-01 1.5039e+01 4.0985e+01 -6.0000e-06 -1.3000e-05 -9.1141e-01 3.6044e+00 -6.1072e+01 1.1754e+01 -0.0000e+00 3.0000e-06 -3.0000e-06 -4.6000e-05 -1.6579e+01 -2.1925e+00 6.4694e+00 -1.0000e-06 -1.7926e+02 1.1382e+01 1.7833e+02 -3.9081e+01 -2.2820e-03 -4.0193e-02 -1.4575e-02 8.3750e-02 1.2071e+01 -4.0985e+01 8.0000e-06 6.0000e-06 3.5248e+00 6.8606e+00 -6.1167e+01 -1.1754e+01 -6.0000e-06 -6.0000e-06 -6.2510e-03 -7.3098e-02 -1.9548e+01
0.0000e+00 0.0000e+00 0.0000e+00 0.0000e+00 0.0000e+00 -0.0000e+00 -1.6737e+00 9.3238e+01 -2.0309e+00 8.8798e+01 -3.1918e+00 -7.7200e-04 1.5736e+01 5.0000e-06 -1.0000e-06 1.1143e+02 8.7207e+01 -1.1204e+02 8.9846e+00 -4.0621e-01 -0.0000e+00 -2.5549e+00 2.0954e+00 -1.1849e+00 1.6377e+01 -1.0000e-06 -1.0000e-06 2.2485e+00 -5.0111e+00 6.8969e+00 6.4567e+00 -1.0000e-06 -0.0000e+00 6.7273e+00 -3.9037e+00 -5.3803e+00 1.2994e+01 -2.4272e-01 4.9804e+00 -8.9749e+01 -7.4219e-01 -7.1344e+01 5.3481e+00 -7.0000e-06 -1.0000e-06 -7.1688e+01 2.9030e+01 -9.1194e+00 2.4329e+01 1.9000e-05 5.0000e-06 4.5358e+00 1.2139e+01 -2.0670e+01 2.2292e+01 -1.0000e-06 5.0000e-06 5.4394e+00 5.4678e+00 -5.2883e+00 1.2995e+01 -2.4272e-01 -4.9804e+00 9.1981e+01 -4.5657e+00 -6.6519e+01 -5.3481e+00 -1.0000e-06 -4.0000e-06 -4.9895e+01 -5.4726e+01 -1.1454e+02 -2.4329e+01 3.2200e-04 -9.0000e-06 1.2547e+01 3.9868e+00 -7.2654e+01 -2.2291e+01 -1.0800e-04 -4.0000e-06 3.0905e+01 5.5669e+00 -9.5349e+00 -2.1925e+00 -6.4694e+00 -0.0000e+00 -1.7631e+02 -9.9158e+00 -3.9811e+00 3.9081e+01 -7.0000e-06 -1.2000e-05 -5.1260e-02 1.8986e-01 1.5109e+01 4.0985e+01 -6.0000e-06 -1.3000e-05 -9.2661e-01 3.5684e+00 -6.1112e+01 1.1754e+01 -0.0000e+00 3.0000e-06 -5.0000e-06 -7.4000e-05 -1.6580e+01 -2.1925e+00 6.4694e+00 -1.0000e-06 -1.7923e+02 1.1249e+01 1.7840e+02 -3.9081e+01 -2.2820e-03 -4.0193e-02 -1.3770e-02 8.0005e-02 1.2069e+01 -4.0985e+01 8.0000e-06 6.0000e-06 3.5149e+00 6.8185e+00 -6.1160e+01 -1.1754e+01 -6.0000e-06 -6.0000e-06 -6.3780e-03 -7.4227e-02 -1.9594e+01
0.0000e+00 0.0000e+00 0.0000e+00 0.0000e+00 0.0000e+00 -0.0000e+00 -1.6634e+00 9.3228e+01 -2.0145e+00 8.8787e+01 -3.1850e+00 -6.2920e-03 1.5736e+01 5.0000e-06 -1.0000e-06 1.1224e+02 8.7188e+01 -1.1286e+02 8.9846e+00 -4.0621e-01 -0.0000e+00 -2.5489e+00 2.1835e+00 -1.1952e+00 1.6377e+01 -1.0000e-06 -1.0000e-06 2.3073e+00 -5.0531e+00 7.0987e+00 6.4567e+00 -1.0000e-06 -0.0000e+00 6.8216e+00 -3.9099e+00 -5.3677e+00 1.2994e+01 -2.4272e-01 4.9804e+00 -8.9730e+01 -8.0264e-01 -7.1397e+01 5.3481e+00 -7.0000e-06 -1.0000e-06 -7.2271e+01 2.9623e+01 -9.1543e+00 2.4329e+01 1.9000e-05 5.0000e-06 4.6282e+00 1.2306e+01 -2.0798e+01 2.2292e+01 -1.0000e-06 5.0000e-06 5.2999e+00 5.4708e+00 -5.4004e+00 1.2995e+01 -2.4272e-01 -4.9804e+00 9.1988e+01 -4.5745e+00 -6.6475e+01 -5.3481e+00 -1.0000e-06 -4.0000e-06 -5.0052e+01 -5.4237e+01 -1.1545e+02 -2.4329e+01 3.2200e-04 -9.0000e-06 1.1464e+01 3.4602e+00 -7.3428e+01 -2.2291e+01 -1.0800e-04 -4.0000e-06 3.1681e+01 5.6261e+00 -1.3046e+01 -2.1925e+00 -6.4694e+00 -0.0000e+00 -1.7630e+02 -9.9157e+00 -4.0451e+00 3.9081e+01 -7.0000e-06 -1.2000e-05 -5.2569e-02 1.9304e-01 1.5234e+01 4.0985e+01 -6.0000e-06 -1.3000e-05 -9.2235e-01 3.5773e+00 -6.1178e+01 1.1754e+01 -0.0000e+00 3.0000e-06 -4.0000e-06 -5.5000e-05 -1.6580e+01 -2.1925e+00 6.4694e+00 -1.0000e-06 -1.7924e+02 1.1255e+01 1.7836e+02 -3.9081e+01 -2.2820e-03 -4.0193e-02 -1.5656e-02 8.8261e-02 1.2143e+01 -4.0985e+01 8.0000e-06 6.0000e-06 3.3868e+00 6.8327e+00 -6.1182e+01 -1.1754e+01 -6.0000e-06 -6.0000e-06 -6.1690e-03 -7.2365e-02 -1.9518e+01
0.0000e+00 0.0000e+00 0.0000e+00 0.0000e+00 0.0000e+00 -0.0000e+00 -1.6461e+00 9.3232e+01 -1.9828e+00 8.8775e+01 -3.1043e+00 6.2335e-02 1.5736e+01 5.0000e-06 -1.0000e-06 1.1268e+02 8.7165e+01 -1.1334e+02 8.9846e+00 -4.0621e-01 -0.0000e+00 -2.5211e+00 2.2456e+00 -1.2776e+00 1.6377e+01 -1.0000e-06 -1.0000e-06 2.3522e+00 -5.0863e+00 7.2877e+00 6.4567e+00 -1.0000e-06 -0.0000e+00 6.9330e+00 -3.9778e+00 -5.2208e+00 1.2994e+01 -2.4272e-01 4.9804e+00 -8.9728e+01 -8.1066e-01 -7.1450e+01 5.3481e+00 -7.0000e-06 -1.0000e-06 -7.2733e+01 3.0410e+01 -9.1567e+00 2.4329e+01 1.9000e-05 5.0000e-06 4.5141e+00 1.1860e+01 -2.1014e+01 2.2292e+01 -1.0000e-06 5.0000e-06 5.0899e+00 5.4719e+00 -5.4401e+00 1.2995e+01 -2.4272e-01 -4.9804e+00 9.1997e+01 -4.5909e+00 -6.6459e+01 -5.3481e+00 -1.0000e-06 -4.0000e-06 -5.0845e+01 -5.4034e+01 -1.1567e+02 -2.4329e+01 3.2200e-04 -9.0000e-06 1.1404e+01 3.8186e+00 -7.1731e+01 -2.2291e+01 -1.0800e-04 -4.0000e-06 3.2632e+01 5.6285e+00 -1.3225e+01 -2.1925e+00 -6.4694e+00 -0.0000e+00 -1.7629e+02 -9.8132e+00 -3.9374e+00 3.9081e+01 -7.0000e-06 -1.2000e-05 -5.2262e-02 1.9253e-01 1.5187e+01 4.0985e+01 -6.0000e-06 -1.3000e-05 -9.1533e-01 3.5480e+00 -6.1176e+01 1.1754e+01 -0.0000e+00 3.0000e-06 -5.0000e-06 -7.7000e-05 -1.6581e+01 -2.1925e+00 6.4694e+00 -1.0000e-06 -1.7924e+02 1.1338e+01 1.7850e+02 -3.9081e+01 -2.2820e-03 -4.0193e-02 -1.3581e-02 7.9001e-02 1.2086e+01 -4.0985e+01 8.0000e-06 6.0000e-06 3.5722e+00 6.8009e+00 -6.1217e+01 -1.1754e+01 -6.0000e-06 -6.0000e-06 -6.0650e-03 -7.1420e-02 -1.9480e+01
0.0000e+00 0.0000e+00 0.0000e+00 0.0000e+00 0.0000e+00 -0.0000e+00 -1.6080e+00 9.3225e+01 -1.9465e+00 8.8776e+01 -2.9465e+00 8.6486e-02 1.5736e+01 5.0000e-06 -1.0000e-06 1.1313e+02 8.7157e+01 -1.1387e+02 8.9846e+00 -4.0621e-01 -0.0000e+00 -2.5219e+00 2.2994e+00 -1.4285e+00 1.6377e+01 -1.0000e-06 -1.0000e-06 2.3776e+00 -5.0548e+00 7.3256e+00 6.4567e+00 -1.0000e-06 -0.0000e+00 7.0107e+00 -4.0106e+00 -4.9343e+00 1.2994e+01 -2.4272e-01 4.9804e+00 -8.9754e+01 -7.3194e-01 -7.1426e+01 5.3481e+00 -7.0000e-06 -1.0000e-06 -7.3020e+01 3.1152e+01 -9.1149e+00 2.4329e+01 1.9000e-05 5.0000e-06 4.5821e+00 1.1707e+01 -2.1552e+01 2.2292e+01 -1.0000e-06 5.0000e-06 4.9599e+00 5.4763e+00 -5.6057e+00 1.2995e+01 -2.4272e-01 -4.9804e+00 9.1960e+01 -4.5211e+00 -6.6537e+01 -5.3481e+00 -1.0000e-06 -4.0000e-06 -5.2408e+01 -5.4293e+01 -1.1556e+02 -2.4329e+01 3.2200e-04 -9.0000e-06 9.9235e+00 4.1776e+00 -6.7395e+01 -2.2291e+01 -1.0800e-04 -4.0000e-06 3.2276e+01 5.6234e+00 -1.2854e+01 -2.1925e+00 -6.4694e+00 -0.0000e+00 -1.7631e+02 -9.7256e+00 -3.9535e+00 3.9081e+01 -7.0000e-06 -1.2000e-05 -5.1427e-02 1.8835e-01 1.5271e+01 4.0985e+01 -6.0000e-06 -1.3000e-05 -8.7111e-01 3.6062e+00 -6.1234e+01 1.1754e+01 -0.0000e+00 3.0000e-06 -4.0000e-06 -5.5000e-05 -1.6580e+01 -2.1925e+00 6.4694e+00 -1.0000e-06 -1.7927e+02 1.1462e+01 1.7853e+02 -3.9081e+01 -2.2820e-03 -4.0193e-02 -1.3236e-02 7.7050e-02 1.2137e+01 -4.0985e+01 8.0000e-06 6.0000e-06 3.5484e+00 6.7576e+00 -6.1274e+01 -1.1754e+01 -6.0000e-06 -6.0000e-06 -6.6400e-03 -7.6543e-02 -1.9689e+01
0.0000e+00 0.0000e+00 0.0000e+00 0.0000e+00 0.0000e+00 -0.0000e+00 -1.5464e+00 9.3226e+01 -1.9136e+00 8.8758e+01 -2.7613e+00 4.0187e-02 1.5736e+01 5.0000e-06 -1.0000e-06 1.1317e+02 8.7187e+01 -1.1400e+02 8.9846e+00 -4.0621e-01 -0.0000e+00 -2.5785e+00 2.2873e+00 -1.5940e+00 1.6377e+01 -1.0000e-06 -1.0000e-06 2.3629e+00 -4.9735e+00 7.2468e+00 6.4567e+00 -1.0000e-06 -0.0000e+00 7.0296e+00 -3.9438e+00 -4.8567e+00 1.2994e+01 -2.4272e-01 4.9804e+00 -8.9790e+01 -6.2074e-01 -7.1293e+01 5.3481e+00 -7.0000e-06 -1.0000e-06 -7.3137e+01 3.1852e+01 -9.0512e+00 2.4329e+01 1.9000e-05 5.0000e-06 4.6032e+00 1.1385e+01 -2.2188e+01 2.2292e+01 -1.0000e-06 5.0000e-06 4.6692e+00 5.4801e+00 -5.7531e+00 1.2995e+01 -2.4272e-01 -4.9804e+00 9.1941e+01 -4.4889e+00 -6.6591e+01 -5.3481e+00 -1.0000e-06 -4.0000e-06 -5.4323e+01 -5.4753e+01 -1.1509e+02 -2.4329e+01 3.2200e-04 -9.0000e-06 7.6848e+00 4.2417e+00 -6.1272e+01 -2.2291e+01 -1.0800e-04 -4.0000e-06 3.1515e+01 5.6099e+00 -1.1950e+01 -2.1925e+00 -6.4694e+00 -0.0000e+00 -1.7633e+02 -9.7767e+00 -4.0220e+00 3.9081e+01 -7.0000e-06 -1.2000e-05 -5.2046e-02 1.9029e-01 1.5297e+01 4.0985e+01 -6.0000e-06 -1.3000e-05 -8.0408e-01 3.8259e+00 -6.1249e+01 1.1754e+01 -0.0000e+00 3.0000e-06 -5.0000e-06 -7.5000e-05 -1.6581e+01 -2.1925e+00 6.4694e+00 -1.0000e-06 -1.7927e+02 1.1600e+01 1.7855e+02 -3.9081e+01 -2.2820e-03 -4.0193e-02 -1.1744e-02 7.0407e-02 1.2089e+01 -4.0985e+01 8.0000e-06 6.0000e-06 3.6440e+00 6.7123e+00 -6.1300e+01 -1.1754e+01 -6.0000e-06 -6.0000e-06 -6.6050e-03 -7.6231e-02 -1.9676e+01
0.0000e+00 0.0000e+00 0.0000e+00 0.0000e+00 0.0000e+00 -0.0000e+00 -1.4819e+00 9.3228e+01 -1.8718e+00 8.8789e+01 -2.5292e+00 8.0640e-03 1.5736e+01 5.0000e-06 -1.0000e-06 1.1309e+02 8.7209e+01 -1.1402e+02 8.9846e+00 -4.0621e-01 -0.0000e+00 -2.6128e+00 2.2725e+00 -1.8097e+00 1.6377e+01 -1.0000e-06 -1.0000e-06 2.3428e+00 -4.8252e+00 7.0219e+00 6.4567e+00 -1.0000e-06 -0.0000e+00 6.9293e+00 -3.8286e+00 -4.9109e+00 1.2994e+01 -2.4272e-01 4.9804e+00 -8.9818e+01 -5.3473e-01 -7.1220e+01 5.3481e+00 -7.0000e-06 -1.0000e-06 -7.3163e+01 3.2403e+01 -8.9551e+00 2.4329e+01 1.9000e-05 5.0000e-06 4.6097e+00 1.1036e+01 -2.2841e+01 2.2292e+01 -1.0000e-06 5.0000e-06 4.5270e+00 5.4839e+00 -5.8994e+00 1.2995e+01 -2.4272e-01 -4.9804e+00 9.1949e+01 -4.4969e+00 -6.6542e+01 -5.3481e+00 -1.0000e-06 -4.0000e-06 -5.6481e+01 -5.5323e+01 -1.1454e+02 -2.4329e+01 3.2200e-04 -9.0000e-06 5.8770e+00 4.2973e+00 -5.3950e+01 -2.2291e+01 -1.0800e-04 -4.0000e-06 3.0607e+01 5.5860e+00 -1.0533e+01 -2.1925e+00 -6.4694e+00 -0.0000e+00 -1.7641e+02 -9.6290e+00 -4.0236e+00 3.9081e+01 -7.0000e-06 -1.2000e-05 -5.1417e-02 1.8870e-01 1.5242e+01 4.0985e+01 -6.0000e-06 -1.3000e-05 -7.4323e-01 3.9317e+00 -6.1248e+01 1.1754e+01 -0.0000e+00 3.0000e-06 -4.0000e-06 -5.3000e-05 -1.6580e+01 -2.1925e+00 6.4694e+00 -1.0000e-06 -1.7936e+02 1.1791e+01 1.7857e+02 -3.9081e+01 -2.2820e-03 -4.0193e-02 -1.1979e-02 7.1813e-02 1.2038e+01 -4.0985e+01 8.0000e-06 6.0000e-06 3.5320e+00 6.6830e+00 -6.1295e+01 -1.1754e+01 -6.0000e-06 -6.0000e-06 -6.4880e-03 -7.5203e-02 -1.9634e+01
0.0000e+00 0.0000e+00 0.0000e+00 0.0000e+00 0.0000e+00 -0.0000e+00 -1.4060e+00 9.3232e+01 -1.8252e+00 8.8807e+01 -2.3217e+00 5.9340e-03 1.5736e+01 5.0000e-06 -1.0000e-06 1.1255e+02 8.7231e+01 -1.1357e+02 8.9846e+00 -4.0621e-01 -0.0000e+00 -2.6313e+00 2.2156e+00 -1.9879e+00 1.6377e+01 -1.0000e-06 -1.0000e-06 2.2755e+00 -4.5929e+00 6.7327e+00 6.4567e+00 -1.0000e-06 -0.0000e+00 6.8200e+00 -3.5824e+00 -5.1576e+00 1.2994e+01 -2.4272e-01 4.9804e+00 -8.9825e+01 -5.1291e-01 -7.1149e+01 5.3481e+00 -7.0000e-06 -1.0000e-06 -7.3221e+01 3.2703e+01 -8.7964e+00 2.4329e+01 1.9000e-05 5.0000e-06 4.6734e+00 1.0928e+01 -2.3326e+01 2.2292e+01 -1.0000e-06 5.0000e-06 4.3932e+00 5.4863e+00 -5.9923e+00 1.2995e+01 -2.4272e-01 -4.9804e+00 9.1958e+01 -4.5267e+00 -6.6576e+01 -5.3481e+00 -1.0000e-06 -4.0000e-06 -5.8899e+01 -5.5884e+01 -1.1442e+02 -2.4329e+01 3.2200e-04 -9.0000e-06 4.8909e+00 4.8090e+00 -4.5595e+01 -2.2291e+01 -1.0800e-04 -4.0000e-06 2.9458e+01 5.5484e+00 -8.6247e+00 -2.1925e+00 -6.4694e+00 -0.0000e+00 -1.7648e+02 -9.5612e+00 -4.0006e+00 3.9081e+01 -7.0000e-06 -1.2000e-05 -4.9787e-02 1.8327e-01 1.5198e+01 4.0985e+01 -6.0000e-06 -1.3000e-05 -6.6280e-01 4.0831e+00 -6.1250e+01 1.1754e+01 -0.0000e+00 3.0000e-06 -4.0000e-06 -5.5000e-05 -1.6580e+01 -2.1925e+00 6.4694e+00 -1.0000e-06 -1.7943e+02 1.1991e+01 1.7864e+02 -3.9081e+01 -2.2820e-03 -4.0193e-02 -1.1426e-02 6.9511e-02 1.1989e+01 -4.0985e+01 8.0000e-06 6.0000e-06 3.5525e+00 6.6491e+00 -6.1314e+01 -1.1754e+01 -6.0000e-06 -6.0000e-06 -6.5550e-03 -7.5792e-02 -1.9658e+01
0.0000e+00 0.0000e+00 0.0000e+00 0.0000e+00 0.0000e+00 -0.0000e+00 -1.3272e+00 9.3235e+01 -1.8105e+00 8.8844e+01 -2.1531e+00 -2.8482e-02 1.5736e+01 5.0000e-06 -1.0000e-06 1.1191e+02 8.7251e+01 -1.1301e+02 8.9846e+00 -4.0621e-01 -0.0000e+00 -2.6447e+00 2.1508e+00 -2.1604e+00 1.6377e+01 -1.0000e-06 -1.0000e-06 2.2115e+00 -4.3244e+00 6.4377e+00 6.4567e+00 -1.0000e-06 -0.0000e+00 6.6201e+00 -3.2721e+00 -5.4168e+00 1.2994e+01 -2.4272e-01 4.9804e+00 -8.9824e+01 -5.1265e-01 -7.1043e+01 5.3481e+00 -7.0000e-06 -1.0000e-06 -7.3218e+01 3.2858e+01 -8.7624e+00 2.4329e+01 1.9000e-05 5.0000e-06 4.5867e+00 1.0660e+01 -2.3446e+01 2.2292e+01 -1.0000e-06 5.0000e-06 4.3662e+00 5.4863e+00 -5.9912e+00 1.2995e+01 -2.4272e-01 -4.9804e+00 9.1987e+01 -4.6282e+00 -6.6731e+01 -5.3481e+00 -1.0000e-06 -4.0000e-06 -6.1891e+01 -5.6374e+01 -1.1475e+02 -2.4329e+01 3.2200e-04 -9.0000e-06 4.2515e+00 5.5821e+00 -3.7394e+01 -2.2291e+01 -1.0800e-04 -4.0000e-06 2.7780e+01 5.4798e+00 -5.7329e+00 -2.1925e+00 -6.4694e+00 -0.0000e+00 -1.7657e+02 -9.4747e+00 -4.0294e+00 3.9081e+01 -7.0000e-06 -1.2000e-05 -4.9427e-02 1.8258e-01 1.5147e+01 4.0985e+01 -6.0000e-06 -1.3000e-05 -5.9929e-01 4.1564e+00 -6.1225e+01 1.1754e+01 -0.0000e+00 3.0000e-06 -4.0000e-06 -5.2000e-05 -1.6579e+01 -2.1925e+00 6.4694e+00 -1.0000e-06 -1.7951e+02 1.2067e+01 1.7863e+02 -3.9081e+01 -2.2820e-03 -4.0193e-02 -1.1350e-02 6.9174e-02 1.1985e+01 -4.0985e+01 8.0000e-06 6.0000e-06 3.5268e+00 6.5661e+00 -6.1326e+01 -1.1754e+01 -6.0000e-06 -6.0000e-06 -6.5600e-03 -7.5839e-02 -1.9660e+01
0.0000e+00 0.0000e+00 0.0000e+00 0.0000e+00 0.0000e+00 -0.0000e+00 -1.2558e+00 9.3245e+01 -1.8022e+00 8.8859e+01 -2.0097e+00 -7.1857e-02 1.5736e+01 5.0000e-06 -1.0000e-06 1.1200e+02 8.7246e+01 -1.1317e+02 8.9846e+00 -4.0621e-01 -0.0000e+00 -2.6357e+00 2.1694e+00 -2.3063e+00 1.6377e+01 -1.0000e-06 -1.0000e-06 2.1466e+00 -4.0690e+00 6.1605e+00 6.4567e+00 -1.0000e-06 -0.0000e+00 6.4493e+00 -3.0530e+00 -5.6098e+00 1.2994e+01 -2.4272e-01 4.9804e+00 -8.9820e+01 -5.2663e-01 -7.1079e+01 5.3481e+00 -7.0000e-06 -1.0000e-06 -7.3086e+01 3.2833e+01 -8.8637e+00 2.4329e+01 1.9000e-05 5.0000e-06 4.5530e+00 1.0674e+01 -2.3265e+01 2.2292e+01 -1.0000e-06 5.0000e-06 4.3106e+00 5.4833e+00 -5.8749e+00 1.2995e+01 -2.4272e-01 -4.9804e+00 9.2010e+01 -4.7085e+00 -6.6850e+01 -5.3481e+00 -1.0000e-06 -4.0000e-06 -6.5745e+01 -5.6660e+01 -1.1589e+02 -2.4329e+01 3.2200e-04 -9.0000e-06 3.2433e+00 5.6847e+00 -2.9781e+01 -2.2291e+01 -1.0800e-04 -4.0000e-06 2.6025e+01 5.3947e+00 -2.7628e+00 -2.1925e+00 -6.4694e+00 -0.0000e+00 -1.7665e+02 -9.4092e+00 -4.0423e+00 3.9081e+01 -7.0000e-06 -1.2000e-05 -4.8789e-02 1.8139e-01 1.5055e+01 4.0985e+01 -6.0000e-06 -1.3000e-05 -5.4129e-01 4.2053e+00 -6.1179e+01 1.1754e+01 -0.0000e+00 3.0000e-06 -4.0000e-06 -6.2000e-05 -1.6580e+01 -2.1925e+00 6.4694e+00 -1.0000e-06 -1.7955e+02 1.2159e+01 1.7864e+02 -3.9081e+01 -2.2820e-03 -4.0193e-02 -9.8500e-03 6.2621e-02 1.1890e+01 -4.0985e+01 8.0000e-06 6.0000e-06 3.5465e+00 6.4862e+00 -6.1288e+01 -1.1754e+01 -6.0000e-06 -6.0000e-06 -6.4440e-03 -7.4819e-02 -1.9619e+01
0.0000e+00 0.0000e+00 0.0000e+00 0.0000e+00 0.0000e+00 -0.0000e+00 -1.2086e+00 9.3238e+01 -1.7902e+00 8.8856e+01 -1.8766e+00 -5.5540e-02 1.5736e+01 5.0000e-06 -1.0000e-06 1.1128e+02 8.7235e+01 -1.1252e+02 8.9846e+00 -4.0621e-01 -0.0000e+00 -2.5902e+00 2.1183e+00 -2.4317e+00 1.6377e+01 -1.0000e-06 -1.0000e-06 2.0936e+00 -3.8542e+00 5.9627e+00 6.4567e+00 -1.0000e-06 -0.0000e+00 6.3701e+00 -2.7541e+00 -5.7675e+00 1.2994e+01 -2.4272e-01 4.9804e+00 -8.9806e+01 -5.6380e-01 -7.1058e+01 5.3481e+00 -7.0000e-06 -1.0000e-06 -7.2831e+01 3.2653e+01 -9.0266e+00 2.4329e+01 1.9000e-05 5.0000e-06 4.5547e+00 1.0873e+01 -2.2894e+01 2.2292e+01 -1.0000e-06 5.0000e-06 4.4568e+00 5.4817e+00 -5.8132e+00 1.2995e+01 -2.4272e-01 -4.9804e+00 9.2001e+01 -4.7154e+00 -6.6969e+01 -5.3481e+00 -1.0000e-06 -4.0000e-06 -7.1574e+01 -5.5853e+01 -1.1898e+02 -2.4329e+01 3.2200e-04 -9.0000e-06 2.6378e+00 6.2424e+00 -2.2970e+01 -2.2291e+01 -1.0800e-04 -4.0000e-06 2.5449e+01 5.2786e+00 6.6135e-01 -2.1925e+00 -6.4694e+00 -0.0000e+00 -1.7667e+02 -9.2846e+00 -4.0841e+00 3.9081e+01 -7.0000e-06 -1.2000e-05 -4.9655e-02 1.8344e-01 1.5146e+01 4.0985e+01 -6.0000e-06 -1.3000e-05 -5.0783e-01 4.2389e+00 -6.1225e+01 1.1754e+01 -0.0000e+00 3.0000e-06 -5.0000e-06 -6.6000e-05 -1.6580e+01 -2.1925e+00 6.4694e+00 -1.0000e-06 -1.7959e+02 1.2263e+01 1.7865e+02 -3.9081e+01 -2.2820e-03 -4.0193e-02 -1.0236e-02 6.4168e-02 1.1942e+01 -4.0985e+01 8.0000e-06 6.0000e-06 3.4697e+00 6.4416e+00 -6.1314e+01 -1.1754e+01 -6.0000e-06 -6.0000e-06 -6.8860e-03 -7.8680e-02 -1.9776e+01
0.0000e+00 0.0000e+00 0.0000e+00 0.0000e+00 0.0000e+00 -0.0000e+00 -1.1729e+00 9.3242e+01 -1.7693e+00 8.8898e+01 -1.7568e+00 -3.4116e-02 1.5736e+01 5.0000e-06 -1.0000e-06 1.1080e+02 8.7232e+01 -1.1210e+02 8.9846e+00 -4.0621e-01 -0.0000e+00 -2.5657e+00 2.0825e+00 -2.5627e+00 1.6377e+01 -1.0000e-06 -1.0000e-06 2.1338e+00 -3.6826e+00 5.8661e+00 6.4567e+00 -1.0000e-06 -0.0000e+00 6.3501e+00 -2.5219e+00 -5.9159e+00 1.2994e+01 -2.4272e-01 4.9804e+00 -8.9782e+01 -6.3496e-01 -7.1078e+01 5.3481e+00 -7.0000e-06 -1.0000e-06 -7.2550e+01 3.2301e+01 -9.1415e+00 2.4329e+01 1.9000e-05 5.0000e-06 4.5818e+00 1.1188e+01 -2.2442e+01 2.2292e+01 -1.0000e-06 5.0000e-06 4.5935e+00 5.4801e+00 -5.7536e+00 1.2995e+01 -2.4272e-01 -4.9804e+00 9.2005e+01 -4.6988e+00 -6.6858e+01 -5.3481e+00 -1.0000e-06 -4.0000e-06 -7.8713e+01 -5.3700e+01 -1.2307e+02 -2.4329e+01 3.2200e-04 -9.0000e-06 1.7142e+00 5.2216e+00 -1.8212e+01 -2.2291e+01 -1.0800e-04 -4.0000e-06 2.7018e+01 5.1208e+00 4.6165e+00 -2.1925e+00 -6.4694e+00 -0.0000e+00 -1.7674e+02 -9.2243e+00 -4.0188e+00 3.9081e+01 -7.0000e-06 -1.2000e-05 -4.8200e-02 1.7910e-01 1.5062e+01 4.0985e+01 -6.0000e-06 -1.3000e-05 -4.7183e-01 4.2954e+00 -6.1197e+01 1.1754e+01 -0.0000e+00 3.0000e-06 -5.0000e-06 -6.5000e-05 -1.6580e+01 -2.1925e+00 6.4694e+00 -1.0000e-06 -1.7966e+02 1.2337e+01 1.7870e+02 -3.9081e+01 -2.2820e-03 -4.0193e-02 -1.0366e-02 6.4817e-02 1.1936e+01 -4.0985e+01 8.0000e-06 6.0000e-06 3.4700e+00 6.4044e+00 -6.1334e+01 -1.1754e+01 -6.0000e-06 -6.0000e-06 -6.7380e-03 -7.7399e-02 -1.9724e+01
0.0000e+00 0.0000e+00 0.0000e+00 0.0000e+00 0.0000e+00 -0.0000e+00 -1.1594e+00 9.3248e+01 -1.7690e+00 8.8905e+01 -1.5960e+00 -8.0182e-02 1.5736e+01 5.0000e-06 -1.0000e-06 1.1010e+02 8.7266e+01 -1.1144e+02 8.9846e+00 -4.0621e-01 -0.0000e+00 -2.6060e+00 2.0002e+00 -2.6353e+00 1.6377e+01 -1.0000e-06 -1.0000e-06 2.1961e+00 -3.5830e+00 5.7929e+00 6.4567e+00 -1.0000e-06 -0.0000e+00 6.4097e+00 -2.3660e+00 -5.9324e+00 1.2994e+01 -2.4272e-01 4.9804e+00 -8.9761e+01 -6.9512e-01 -7.1048e+01 5.3481e+00 -7.0000e-06 -1.0000e-06 -7.2188e+01 3.1905e+01 -9.2641e+00 2.4329e+01 1.9000e-05 5.0000e-06 4.5915e+00 1.1496e+01 -2.1947e+01 2.2292e+01 -1.0000e-06 5.0000e-06 4.6950e+00 5.4726e+00 -5.4685e+00 1.2995e+01 -2.4272e-01 -4.9804e+00 9.1952e+01 -4.5299e+00 -6.6658e+01 -5.3481e+00 -1.0000e-06 -4.0000e-06 -8.4299e+01 -5.1343e+01 -1.2596e+02 -2.4329e+01 3.2200e-04 -9.0000e-06 7.9687e-01 2.7374e+00 -1.6257e+01 -2.2291e+01 -1.0800e-04 -4.0000e-06 3.0686e+01 4.9260e+00 8.8448e+00 -2.1925e+00 -6.4694e+00 -0.0000e+00 -1.7676e+02 -9.1096e+00 -4.0614e+00 3.9081e+01 -7.0000e-06 -1.2000e-05 -4.8029e-02 1.7918e-01 1.5005e+01 4.0985e+01 -6.0000e-06 -1.3000e-05 -4.6136e-01 4.3446e+00 -6.1154e+01 1.1754e+01 -0.0000e+00 3.0000e-06 -4.0000e-06 -5.3000e-05 -1.6580e+01 -2.1925e+00 6.4694e+00 -1.0000e-06 -1.7965e+02 1.2407e+01 1.7869e+02 -3.9081e+01 -2.2820e-03 -4.0193e-02 -9.5930e-03 6.1504e-02 1.1871e+01 -4.0985e+01 8.0000e-06 6.0000e-06 3.5127e+00 6.3236e+00 -6.1315e+01 -1.1754e+01 -6.0000e-06 -6.0000e-06 -6.5060e-03 -7.5361e-02 -1.9641e+01
0.0000e+00 0.0000e+00 0.0000e+00 0.0000e+00 0.0000e+00 -0.0000e+00 -1.1448e+00 9.3238e+01 -1.7489e+00 8.8913e+01 -1.5201e+00 -7.4913e-02 1.5736e+01 5.0000e-06 -1.0000e-06 1.0961e+02 8.7284e+01 -1.1094e+02 8.9846e+00 -4.0621e-01 -0.0000e+00 -2.6254e+00 1.9436e+00 -2.6181e+00 1.6377e+01 -1.0000e-06 -1.0000e-06 2.2486e+00 -3.5067e+00 5.7103e+00 6.4567e+00 -1.0000e-06 -0.0000e+00 6.5364e+00 -2.2814e+00 -6.0086e+00 1.2994e+01 -2.4272e-01 4.9804e+00 -8.9739e+01 -7.6177e-01 -7.1107e+01 5.3481e+00 -7.0000e-06 -1.0000e-06 -7.1925e+01 3.1286e+01 -9.2416e+00 2.4329e+01 1.9000e-05 5.0000e-06 4.6304e+00 1.1918e+01 -2.1415e+01 2.2292e+01 -1.0000e-06 5.0000e-06 4.8795e+00 5.4721e+00 -5.4479e+00 1.2995e+01 -2.4272e-01 -4.9804e+00 9.1893e+01 -4.3785e+00 -6.6590e+01 -5.3481e+00 -1.0000e-06 -4.0000e-06 -8.6997e+01 -5.0041e+01 -1.2697e+02 -2.4329e+01 3.2200e-04 -9.0000e-06 1.3199e-01 4.4421e-01 -1.6684e+01 -2.2291e+01 -1.0800e-04 -4.0000e-06 3.4184e+01 4.7915e+00 1.1475e+01 -2.1925e+00 -6.4694e+00 -0.0000e+00 -1.7677e+02 -9.1661e+00 -4.0972e+00 3.9081e+01 -7.0000e-06 -1.2000e-05 -4.8525e-02 1.7984e-01 1.5100e+01 4.0985e+01 -6.0000e-06 -1.3000e-05 -4.2594e-01 4.4840e+00 -6.1212e+01 1.1754e+01 -0.0000e+00 3.0000e-06 -5.0000e-06 -6.9000e-05 -1.6580e+01 -2.1925e+00 6.4694e+00 -1.0000e-06 -1.7969e+02 1.2406e+01 1.7869e+02 -3.9081e+01 -2.2820e-03 -4.0193e-02 -1.1508e-02 7.0220e-02 1.1936e+01 -4.0985e+01 8.0000e-06 6.0000e-06 3.3642e+00 6.2593e+00 -6.1347e+01 -1.1754e+01 -6.0000e-06 -6.0000e-06 -6.4030e-03 -7.4455e-02 -1.9604e+01
0.0000e+00 0.0000e+00 0.0000e+00 0.0000e+00 0.0000e+00 -0.0000e+00 -1.1265e+00 9.3229e+01 -1.7206e+00 8.8906e+01 -1.5716e+00 -2.9132e-02 1.5736e+01 5.0000e-06 -1.0000e-06 1.0880e+02 8.7287e+01 -1.1006e+02 8.9846e+00 -4.0621e-01 -0.0000e+00 -2.6080e+00 1.8622e+00 -2.4814e+00 1.6377e+01 -1.0000e-06 -1.0000e-06 2.2763e+00 -3.4333e+00 5.6824e+00 6.4567e+00 -1.0000e-06 -0.0000e+00 6.6393e+00 -2.1718e+00 -6.2196e+00 1.2994e+01 -2.4272e-01 4.9804e+00 -8.9720e+01 -8.1899e-01 -7.1103e+01 5.3481e+00 -7.0000e-06 -1.0000e-06 -7.1664e+01 3.0693e+01 -9.1384e+00 2.4329e+01 1.9000e-05 5.0000e-06 4.5783e+00 1.2056e+01 -2.0976e+01 2.2292e+01 -1.0000e-06 5.0000e-06 4.8994e+00 5.4688e+00 -5.3262e+00 1.2995e+01 -2.4272e-01 -4.9804e+00 9.1882e+01 -4.3538e+00 -6.6590e+01 -5.3481e+00 -1.0000e-06 -4.0000e-06 -8.6394e+01 -4.9936e+01 -1.2605e+02 -2.4329e+01 3.2200e-04 -9.0000e-06 -1.5505e-01 -4.5608e-01 -1.8661e+01 -2.2291e+01 -1.0800e-04 -4.0000e-06 3.6007e+01 4.7832e+00 1.1632e+01 -2.1925e+00 -6.4694e+00 -0.0000e+00 -1.7677e+02 -9.1693e+00 -4.0748e+00 3.9081e+01 -7.0000e-06 -1.2000e-05 -4.8306e-02 1.7791e-01 1.5191e+01 4.0985e+01 -6.0000e-06 -1.3000e-05 -4.1580e-01 4.4184e+00 -6.1278e+01 1.1754e+01 -0.0000e+00 3.0000e-06 -4.0000e-06 -6.2000e-05 -1.6580e+01 -2.1925e+00 6.4694e+00 -1.0000e-06 -1.7972e+02 1.2364e+01 1.7872e+02 -3.9081e+01 -2.2820e-03 -4.0193e-02 -1.2498e-02 7.4571e-02 1.1988e+01 -4.0985e+01 8.0000e-06 6.0000e-06 3.2671e+00 6.2849e+00 -6.1373e+01 -1.1754e+01 -6.0000e-06 -6.0000e-06 -6.5400e-03 -7.5660e-02 -1.9653e+01
0.0000e+00 0.0000e+00 0.0000e+00 0.0000e+00 0.0000e+00 -0.0000e+00 -1.0984e+00 9.3232e+01 -1.7135e+00 8.8935e+01 -1.7133e+00 -3.9743e-02 1.5736e+01 5.0000e-06 -1.0000e-06 1.0841e+02 8.7296e+01 -1.0960e+02 8.9846e+00 -4.0621e-01 -0.0000e+00 -2.6153e+00 1.8150e+00 -2.3386e+00 1.6377e+01 -1.0000e-06 -1.0000e-06 2.2675e+00 -3.4365e+00 5.6883e+00 6.4567e+00 -1.0000e-06 -0.0000e+00 6.6801e+00 -2.1451e+00 -6.2139e+00 1.2994e+01 -2.4272e-01 4.9804e+00 -8.9693e+01 -8.9533e-01 -7.1087e+01 5.3481e+00 -7.0000e-06 -1.0000e-06 -7.1355e+01 3.0211e+01 -9.1008e+00 2.4329e+01 1.9000e-05 5.0000e-06 4.6606e+00 1.2599e+01 -2.0492e+01 2.2292e+01 -1.0000e-06 5.0000e-06 5.0900e+00 5.4709e+00 -5.4046e+00 1.2995e+01 -2.4272e-01 -4.9804e+00 9.1886e+01 -4.3775e+00 -6.6663e+01 -5.3481e+00 -1.0000e-06 -4.0000e-06 -8.3147e+01 -5.0962e+01 -1.2384e+02 -2.4329e+01 3.2200e-04 -9.0000e-06 -6.6618e-02 -1.6572e-01 -2.1604e+01 -2.2291e+01 -1.0800e-04 -4.0000e-06 3.5847e+01 4.8146e+00 1.1040e+01 -2.1925e+00 -6.4694e+00 -0.0000e+00 -1.7683e+02 -9.2019e+00 -4.0263e+00 3.9081e+01 -7.0000e-06 -1.2000e-05 -4.7842e-02 1.7708e-01 1.5118e+01 4.0985e+01 -6.0000e-06 -1.3000e-05 -4.1579e-01 4.2708e+00 -6.1263e+01 1.1754e+01 -0.0000e+00 3.0000e-06 -3.0000e-06 -4.8000e-05 -1.6579e+01 -2.1925e+00 6.4694e+00 -1.0000e-06 -1.7977e+02 1.2211e+01 1.7870e+02 -3.9081e+01 -2.2820e-03 -4.0193e-02 -1.2502e-02 7.4444e-02 1.2010e+01 -4.0985e+01 8.0000e-06 6.0000e-06 3.2689e+00 6.2796e+00 -6.1380e+01 -1.1754e+01 -6.0000e-06 -6.0000e-06 -6.4690e-03 -7.5038e-02 -1.9627e+01
0.0000e+00 0.0000e+00 0.0000e+00 0.0000e+00 0.0000e+00 -0.0000e+00 -1.0873e+00 9.3227e+01 -1.7197e+00 8.8913e+01 -1.9061e+00 -2.1121e-02 1.5736e+01 5.0000e-06 -1.0000e-06 1.0844e+02 8.7282e+01 -1.0952e+02 8.9846e+00 -4.0621e-01 -0.0000e+00 -2.5920e+00 1.8163e+00 -2.1242e+00 1.6377e+01 -1.0000e-06 -1.0000e-06 2.2189e+00 -3.4952e+00 5.7551e+00 6.4567e+00 -1.0000e-06 -0.0000e+00 6.7051e+00 -2.2458e+00 -6.1421e+00 1.2994e+01 -2.4272e-01 4.9804e+00 -8.9685e+01 -9.1887e-01 -7.1093e+01 5.3481e+00 -7.0000e-06 -1.0000e-06 -7.0965e+01 2.9898e+01 -9.1178e+00 2.4329e+01 1.9000e-05 5.0000e-06 4.5793e+00 1.2642e+01 -2.0101e+01 2.2292e+01 -1.0000e-06 5.0000e-06 5.1599e+00 5.4635e+00 -5.1303e+00 1.2995e+01 -2.4272e-01 -4.9804e+00 9.1895e+01 -4.4120e+00 -6.6724e+01 -5.3481e+00 -1.0000e-06 -4.0000e-06 -7.9490e+01 -5.1782e+01 -1.2209e+02 -2.4329e+01 3.2200e-04 -9.0000e-06 -1.6238e-01 -3.3851e-01 -2.5479e+01 -2.2291e+01 -1.0800e-04 -4.0000e-06 3.5039e+01 4.8445e+00 1.0467e+01 -2.1925e+00 -6.4694e+00 -0.0000e+00 -1.7681e+02 -9.3188e+00 -4.0168e+00 3.9081e+01 -7.0000e-06 -1.2000e-05 -4.8316e-02 1.7797e-01 1.5189e+01 4.0985e+01 -6.0000e-06 -1.3000e-05 -4.1700e-01 4.2394e+00 -6.1314e+01 1.1754e+01 -0.0000e+00 3.0000e-06 -5.0000e-06 -6.8000e-05 -1.6580e+01 -2.1925e+00 6.4694e+00 -1.0000e-06 -1.7976e+02 1.2075e+01 1.7867e+02 -3.9081e+01 -2.2820e-03 -4.0193e-02 -1.3015e-02 7.6636e-02 1.2043e+01 -4.0985e+01 8.0000e-06 6.0000e-06 3.1509e+00 6.3266e+00 -6.1354e+01 -1.1754e+01 -6.0000e-06 -6.0000e-06 -6.6150e-03 -7.6319e-02 -1.9680e+01
0.0000e+00 0.0000e+00 0.0000e+00 0.0000e+00 0.0000e+00 -0.0000e+00 -1.0810e+00 9.3228e+01 -1.7207e+00 8.8909e+01 -2.1447e+00 4.4891e-02 1.5736e+01 5.0000e-06 -1.0000e-06 1.0889e+02 8.7249e+01 -1.0987e+02 8.9846e+00 -4.0621e-01 -0.0000e+00 -2.5453e+00 1.8685e+00 -1.9130e+00 1.6377e+01 -1.0000e-06 -1.0000e-06 2.2040e+00 -3.6395e+00 5.9075e+00 6.4567e+00 -1.0000e-06 -0.0000e+00 6.6629e+00 -2.4048e+00 -6.0576e+00 1.2994e+01 -2.4272e-01 4.9804e+00 -8.9695e+01 -8.9355e-01 -7.1122e+01 5.3481e+00 -7.0000e-06 -1.0000e-06 -7.0682e+01 2.9273e+01 -9.0410e+00 2.4329e+01 1.9000e-05 5.0000e-06 4.6229e+00 1.2954e+01 -1.9835e+01 2.2292e+01 -1.0000e-06 5.0000e-06 5.3004e+00 5.4619e+00 -5.0710e+00 1.2995e+01 -2.4272e-01 -4.9804e+00 9.1909e+01 -4.4360e+00 -6.6688e+01 -5.3481e+00 -1.0000e-06 -4.0000e-06 -7.6454e+01 -5.1861e+01 -1.2128e+02 -2.4329e+01 3.2200e-04 -9.0000e-06 -3.9836e-01 -6.7571e-01 -3.0459e+01 -2.2291e+01 -1.0800e-04 -4.0000e-06 3.3800e+01 4.8757e+00 9.8592e+00 -2.1925e+00 -6.4694e+00 -0.0000e+00 -1.7680e+02 -9.4500e+00 -3.9053e+00 3.9081e+01 -7.0000e-06 -1.2000e-05 -4.9099e-02 1.8114e-01 1.5166e+01 4.0985e+01 -6.0000e-06 -1.3000e-05 -4.3096e-01 4.1170e+00 -6.1324e+01 1.1754e+01 -0.0000e+00 3.0000e-06 -3.0000e-06 -4.7000e-05 -1.6579e+01 -2.1925e+00 6.4694e+00 -1.0000e-06 -1.7977e+02 1.1918e+01 1.7871e+02 -3.9081e+01 -2.2820e-03 -4.0193e-02 -1.2256e-02 7.2828e-02 1.2083e+01 -4.0985e+01 8.0000e-06 6.0000e-06 3.2324e+00 6.3900e+00 -6.1368e+01 -1.1754e+01 -6.0000e-06 -6.0000e-06 -6.8720e-03 -7.8561e-02 -1.9771e+01
0.0000e+00 0.0000e+00 0.0000e+00 0.0000e+00 0.0000e+00 -0.0000e+00 -1.1029e+00 9.3224e+01 -1.7323e+00 8.8925e+01 -2.3222e+00 6.4477e-02 1.5736e+01 5.0000e-06 -1.0000e-06 1.0894e+02 8.7229e+01 -1.0982e+02 8.9846e+00 -4.0621e-01 -0.0000e+00 -2.5093e+00 1.8774e+00 -1.7138e+00 1.6377e+01 -1.0000e-06 -1.0000e-06 2.1310e+00 -3.8251e+00 6.1339e+00 6.4567e+00 -1.0000e-06 -0.0000e+00 6.6356e+00 -2.5807e+00 -5.9324e+00 1.2994e+01 -2.4272e-01 4.9804e+00 -8.9709e+01 -8.5238e-01 -7.1129e+01 5.3481e+00 -7.0000e-06 -1.0000e-06 -7.0526e+01 2.8585e+01 -8.9741e+00 2.4329e+01 1.9000e-05 5.0000e-06 4.6533e+00 1.3203e+01 -1.9614e+01 2.2292e+01 -1.0000e-06 5.0000e-06 5.4954e+00 5.4592e+00 -4.9698e+00 1.2995e+01 -2.4272e-01 -4.9804e+00 9.1927e+01 -4.4776e+00 -6.6686e+01 -5.3481e+00 -1.0000e-06 -4.0000e-06 -7.3041e+01 -5.2087e+01 -1.2051e+02 -2.4329e+01 3.2200e-04 -9.0000e-06 -1.6228e-01 -2.2181e-01 -3.6049e+01 -2.2291e+01 -1.0800e-04 -4.0000e-06 3.2609e+01 4.9427e+00 8.5145e+00 -2.1925e+00 -6.4694e+00 -0.0000e+00 -1.7680e+02 -9.5279e+00 -3.8706e+00 3.9081e+01 -7.0000e-06 -1.2000e-05 -4.8580e-02 1.7919e-01 1.5169e+01 4.0985e+01 -6.0000e-06 -1.3000e-05 -4.5461e-01 4.0413e+00 -6.1333e+01 1.1754e+01 -0.0000e+00 3.0000e-06 -5.0000e-06 -7.7000e-05 -1.6581e+01 -2.1925e+00 6.4694e+00 -1.0000e-06 -1.7980e+02 1.1821e+01 1.7869e+02 -3.9081e+01 -2.2820e-03 -4.0193e-02 -1.3594e-02 7.8732e-02 1.2135e+01 -4.0985e+01 8.0000e-06 6.0000e-06 3.1539e+00 6.4862e+00 -6.1373e+01 -1.1754e+01 -6.0000e-06 -6.0000e-06 -6.6340e-03 -7.6492e-02 -1.9687e+01
0.0000e+00 0.0000e+00 0.0000e+00 0.0000e+00 0.0000e+00 -0.0000e+00 -1.1544e+00 9.3223e+01 -1.7512e+00 8.8895e+01 -2.4145e+00 9.8925e-02 1.5736e+01 5.0000e-06 -1.0000e-06 1.0929e+02 8.7205e+01 -1.1008e+02 8.9846e+00 -4.0621e-01 -0.0000e+00 -2.4777e+00 1.9162e+00 -1.5278e+00 1.6377e+01 -1.0000e-06 -1.0000e-06 2.1090e+00 -4.0933e+00 6.3934e+00 6.4567e+00 -1.0000e-06 -0.0000e+00 6.6404e+00 -2.8963e+00 -5.6714e+00 1.2994e+01 -2.4272e-01 4.9804e+00 -8.9721e+01 -8.1900e-01 -7.1166e+01 5.3481e+00 -7.0000e-06 -1.0000e-06 -7.0383e+01 2.8111e+01 -9.0370e+00 2.4329e+01 1.9000e-05 5.0000e-06 4.6345e+00 1.3294e+01 -1.9418e+01 2.2292e+01 -1.0000e-06 5.0000e-06 5.5669e+00 5.4555e+00 -4.8359e+00 1.2995e+01 -2.4272e-01 -4.9804e+00 9.1887e+01 -4.3866e+00 -6.6692e+01 -5.3481e+00 -1.0000e-06 -4.0000e-06 -6.8925e+01 -5.2721e+01 -1.1936e+02 -2.4329e+01 3.2200e-04 -9.0000e-06 8.1690e-01 9.0024e-01 -4.2254e+01 -2.2291e+01 -1.0800e-04 -4.0000e-06 3.1826e+01 5.0387e+00 6.4838e+00 -2.1925e+00 -6.4694e+00 -0.0000e+00 -1.7673e+02 -9.5498e+00 -3.8617e+00 3.9081e+01 -7.0000e-06 -1.2000e-05 -4.9631e-02 1.8253e-01 1.5211e+01 4.0985e+01 -6.0000e-06 -1.3000e-05 -5.0696e-01 3.9288e+00 -6.1336e+01 1.1754e+01 -0.0000e+00 3.0000e-06 -5.0000e-06 -7.1000e-05 -1.6580e+01 -2.1925e+00 6.4694e+00 -1.0000e-06 -1.7974e+02 1.1729e+01 1.7870e+02 -3.9081e+01 -2.2820e-03 -4.0193e-02 -1.4187e-02 8.1481e-02 1.2136e+01 -4.0985e+01 8.0000e-06 6.0000e-06 3.1882e+00 6.5260e+00 -6.1356e+01 -1.1754e+01 -6.0000e-06 -6.0000e-06 -6.4800e-03 -7.5132e-02 -1.9631e+01
0.0000e+00 0.0000e+00 0.0000e+00 0.0000e+00 0.0000e+00 -0.0000e+00 -1.2203e+00 9.3222e+01 -1.7754e+00 8.8883e+01 -2.4809e+00 6.3261e-02 1.5736e+01 5.0000e-06 -1.0000e-06 1.1027e+02 8.7197e+01 -1.1099e+02 8.9846e+00 -4.0621e-01 -0.0000e+00 -2.4952e+00 2.0057e+00 -1.3862e+00 1.6377e+01 -1.0000e-06 -1.0000e-06 2.1243e+00 -4.3500e+00 6.5948e+00 6.4567e+00 -1.0000e-06 -0.0000e+00 6.6739e+00 -3.2340e+00 -5.2596e+00 1.2994e+01 -2.4272e-01 4.9804e+00 -8.9726e+01 -8.0510e-01 -7.1218e+01 5.3481e+00 -7.0000e-06 -1.0000e-06 -7.0326e+01 2.7928e+01 -9.1251e+00 2.4329e+01 1.9000e-05 5.0000e-06 4.6526e+00 1.3393e+01 -1.9358e+01 2.2292e+01 -1.0000e-06 5.0000e-06 5.5692e+00 5.4532e+00 -4.7533e+00 1.2995e+01 -2.4272e-01 -4.9804e+00 9.1867e+01 -4.3473e+00 -6.6728e+01 -5.3481e+00 -1.0000e-06 -4.0000e-06 -6.4763e+01 -5.3565e+01 -1.1793e+02 -2.4329e+01 3.2200e-04 -9.0000e-06 2.5134e+00 2.1693e+00 -4.9234e+01 -2.2291e+01 -1.0800e-04 -4.0000e-06 3.1043e+01 5.1553e+00 3.8132e+00 -2.1925e+00 -6.4694e+00 -0.0000e+00 -1.7668e+02 -9.6112e+00 -3.9146e+00 3.9081e+01 -7.0000e-06 -1.2000e-05 -4.9583e-02 1.8212e-01 1.5230e+01 4.0985e+01 -6.0000e-06 -1.3000e-05 -5.5365e-01 3.9128e+00 -6.1327e+01 1.1754e+01 -0.0000e+00 3.0000e-06 -4.0000e-06 -5.7000e-05 -1.6580e+01 -2.1925e+00 6.4694e+00 -1.0000e-06 -1.7966e+02 1.1664e+01 1.7864e+02 -3.9081e+01 -2.2820e-03 -4.0193e-02 -1.4248e-02 8.1704e-02 1.2145e+01 -4.0985e+01 8.0000e-06 6.0000e-06 3.2022e+00 6.4960e+00 -6.1346e+01 -1.1754e+01 -6.0000e-06 -6.0000e-06 -6.7290e-03 -7.7321e-02 -1.9721e+01
0.0000e+00 0.0000e+00 0.0000e+00 0.0000e+00 0.0000e+00 -0.0000e+00 -1.2914e+00 9.3217e+01 -1.7892e+00 8.8867e+01 -2.5033e+00 1.2496e-01 1.5736e+01 5.0000e-06 -1.0000e-06 1.1060e+02 8.7161e+01 -1.1126e+02 8.9846e+00 -4.0621e-01 -0.0000e+00 -2.4394e+00 2.0561e+00 -1.2705e+00 1.6377e+01 -1.0000e-06 -1.0000e-06 2.0730e+00 -4.7022e+00 6.8267e+00 6.4567e+00 -1.0000e-06 -0.0000e+00 6.6878e+00 -3.6293e+00 -4.9675e+00 1.2994e+01 -2.4272e-01 4.9804e+00 -8.9726e+01 -8.0559e-01 -7.1238e+01 5.3481e+00 -7.0000e-06 -1.0000e-06 -7.0358e+01 2.7944e+01 -9.2013e+00 2.4329e+01 1.9000e-05 5.0000e-06 4.6321e+00 1.3245e+01 -1.9475e+01 2.2292e+01 -1.0000e-06 5.0000e-06 5.5630e+00 5.4525e+00 -4.7310e+00 1.2995e+01 -2.4272e-01 -4.9804e+00 9.1813e+01 -4.2293e+00 -6.6769e+01 -5.3481e+00 -1.0000e-06 -4.0000e-06 -6.0972e+01 -5.4337e+01 -1.1683e+02 -2.4329e+01 3.2200e-04 -9.0000e-06 5.8590e+00 3.9182e+00 -5.6342e+01 -2.2291e+01 -1.0800e-04 -4.0000e-06 2.9983e+01 5.2673e+00 9.7064e-01 -2.1925e+00 -6.4694e+00 -0.0000e+00 -1.7660e+02 -9.5721e+00 -3.8699e+00 3.9081e+01 -7.0000e-06 -1.2000e-05 -5.0992e-02 1.8674e-01 1.5273e+01 4.0985e+01 -6.0000e-06 -1.3000e-05 -6.0863e-01 3.9182e+00 -6.1343e+01 1.1754e+01 -0.0000e+00 3.0000e-06 -6.0000e-06 -7.9000e-05 -1.6581e+01 -2.1925e+00 6.4694e+00 -1.0000e-06 -1.7962e+02 1.1667e+01 1.7868e+02 -3.9081e+01 -2.2820e-03 -4.0193e-02 -1.4561e-02 8.2961e-02 1.2173e+01 -4.0985e+01 8.0000e-06 6.0000e-06 3.2130e+00 6.5593e+00 -6.1360e+01 -1.1754e+01 -6.0000e-06 -6.0000e-06 -6.4010e-03 -7.4435e-02 -1.9603e+01
0.0000e+00 0.0000e+00 0.0000e+00 0.0000e+00 0.0000e+00 -0.0000e+00 -1.3572e+00 9.3208e+01 -1.8057e+00 8.8871e+01 -2.5028e+00 1.8218e-01 1.5736e+01 5.0000e-06 -1.0000e-06 1.1044e+02 8.7136e+01 -1.1106e+02 8.9846e+00 -4.0621e-01 -0.0000e+00 -2.3874e+00 2.0548e+00 -1.1814e+00 1.6377e+01 -1.0000e-06 -1.0000e-06 2.1022e+00 -4.9055e+00 7.0104e+00 6.4567e+00 -1.0000e-06 -0.0000e+00 6.7085e+00 -3.8073e+00 -4.8604e+00 1.2994e+01 -2.4272e-01 4.9804e+00 -8.9725e+01 -8.1155e-01 -7.1285e+01 5.3481e+00 -7.0000e-06 -1.0000e-06 -7.0481e+01 2.8235e+01 -9.1705e+00 2.4329e+01 1.9000e-05 5.0000e-06 4.5940e+00 1.2933e+01 -1.9749e+01 2.2292e+01 -1.0000e-06 5.0000e-06 5.6772e+00 5.4587e+00 -4.9520e+00 1.2995e+01 -2.4272e-01 -4.9804e+00 9.1772e+01 -4.1279e+00 -6.6739e+01 -5.3481e+00 -1.0000e-06 -4.0000e-06 -5.7621e+01 -5.4573e+01 -1.1630e+02 -2.4329e+01 3.2200e-04 -9.0000e-06 1.0199e+01 5.5346e+00 -6.1807e+01 -2.2291e+01 -1.0800e-04 -4.0000e-06 3.1100e+01 5.3825e+00 -2.3740e+00 -2.1925e+00 -6.4694e+00 -0.0000e+00 -1.7654e+02 -9.6143e+00 -3.8658e+00 3.9081e+01 -7.0000e-06 -1.2000e-05 -5.1399e-02 1.8714e-01 1.5358e+01 4.0985e+01 -6.0000e-06 -1.3000e-05 -6.4533e-01 3.9608e+00 -6.1366e+01 1.1754e+01 -0.0000e+00 3.0000e-06 -4.0000e-06 -5.5000e-05 -1.6580e+01 -2.1925e+00 6.4694e+00 -1.0000e-06 -1.7961e+02 1.1715e+01 1.7869e+02 -3.9081e+01 -2.2820e-03 -4.0193e-02 -1.6614e-02 9.1986e-02 1.2236e+01 -4.0985e+01 8.0000e-06 6.0000e-06 3.0506e+00 6.6095e+00 -6.1358e+01 -1.1754e+01 -6.0000e-06 -6.0000e-06 -6.1560e-03 -7.2249e-02 -1.9514e+01
0.0000e+00 0.0000e+00 0.0000e+00 0.0000e+00 0.0000e+00 -0.0000e+00 -1.4102e+00 9.3211e+01 -1.8299e+00 8.8864e+01 -2.5217e+00 2.4105e-01 1.5736e+01 5.0000e-06 -1.0000e-06 1.1023e+02 8.7120e+01 -1.1081e+02 8.9846e+00 -4.0621e-01 -0.0000e+00 -2.3514e+00 2.0426e+00 -1.1220e+00 1.6377e+01 -1.0000e-06 -1.0000e-06 2.1461e+00 -5.1204e+00 7.1963e+00 6.4567e+00 -1.0000e-06 -0.0000e+00 6.7587e+00 -3.9831e+00 -4.7832e+00 1.2994e+01 -2.4272e-01 4.9804e+00 -8.9746e+01 -7.5408e-01 -7.1349e+01 5.3481e+00 -7.0000e-06 -1.0000e-06 -7.0734e+01 2.8415e+01 -9.0461e+00 2.4329e+01 1.9000e-05 5.0000e-06 4.6246e+00 1.2740e+01 -2.0142e+01 2.2292e+01 -1.0000e-06 5.0000e-06 5.5531e+00 5.4598e+00 -4.9930e+00 1.2995e+01 -2.4272e-01 -4.9804e+00 9.1782e+01 -4.1408e+00 -6.6694e+01 -5.3481e+00 -1.0000e-06 -4.0000e-06 -5.5593e+01 -5.3846e+01 -1.1639e+02 -2.4329e+01 3.2200e-04 -9.0000e-06 1.2218e+01 5.6506e+00 -6.5551e+01 -2.2291e+01 -1.0800e-04 -4.0000e-06 3.2008e+01 5.4700e+00 -5.3725e+00 -2.1925e+00 -6.4694e+00 -0.0000e+00 -1.7649e+02 -9.6719e+00 -3.8078e+00 3.9081e+01 -7.0000e-06 -1.2000e-05 -5.1543e-02 1.8795e-01 1.5335e+01 4.0985e+01 -6.0000e-06 -1.3000e-05 -6.7514e-01 4.0044e+00 -6.1333e+01 1.1754e+01 -0.0000e+00 3.0000e-06 -5.0000e-06 -7.4000e-05 -1.6580e+01 -2.1925e+00 6.4694e+00 -1.0000e-06 -1.7956e+02 1.1679e+01 1.7873e+02 -3.9081e+01 -2.2820e-03 -4.0193e-02 -1.5517e-02 8.6743e-02 1.2261e+01 -4.0985e+01 8.0000e-06 6.0000e-06 3.2385e+00 6.5806e+00 -6.1384e+01 -1.1754e+01 -6.0000e-06 -6.0000e-06 -6.4830e-03 -7.5160e-02 -1.9632e+01
0.0000e+00 0.0000e+00 0.0000e+00 0.0000e+00 0.0000e+00 -0.0000e+00 -1.4526e+00 9.3205e+01 -1.8703e+00 8.8882e+01 -2.5215e+00 2.6167e-01 1.5736e+01 5.0000e-06 -1.0000e-06 1.1049e+02 8.7105e+01 -1.1111e+02 8.9846e+00 -4.0621e-01 -0.0000e+00 -2.3318e+00 2.0804e+00 -1.1948e+00 1.6377e+01 -1.0000e-06 -1.0000e-06 2.1846e+00 -5.3063e+00 7.3749e+00 6.4567e+00 -1.0000e-06 -0.0000e+00 6.8777e+00 -4.1716e+00 -4.4831e+00 1.2994e+01 -2.4272e-01 4.9804e+00 -8.9750e+01 -7.4499e-01 -7.1425e+01 5.3481e+00 -7.0000e-06 -1.0000e-06 -7.0944e+01 2.8956e+01 -9.1385e+00 2.4329e+01 1.9000e-05 5.0000e-06 4.5605e+00 1.2425e+01 -2.0341e+01 2.2292e+01 -1.0000e-06 5.0000e-06 5.3975e+00 5.4615e+00 -5.0572e+00 1.2995e+01 -2.4272e-01 -4.9804e+00 9.1743e+01 -4.0708e+00 -6.6794e+01 -5.3481e+00 -1.0000e-06 -4.0000e-06 -5.4048e+01 -5.2921e+01 -1.1583e+02 -2.4329e+01 3.2200e-04 -9.0000e-06 1.2584e+01 4.9080e+00 -6.9032e+01 -2.2291e+01 -1.0800e-04 -4.0000e-06 3.0578e+01 5.4699e+00 -5.3652e+00 -2.1925e+00 -6.4694e+00 -0.0000e+00 -1.7647e+02 -9.6397e+00 -3.8464e+00 3.9081e+01 -7.0000e-06 -1.2000e-05 -5.2481e-02 1.9065e-01 1.5391e+01 4.0985e+01 -6.0000e-06 -1.3000e-05 -7.1236e-01 3.9806e+00 -6.1325e+01 1.1754e+01 -0.0000e+00 3.0000e-06 -4.0000e-06 -5.5000e-05 -1.6580e+01 -2.1925e+00 6.4694e+00 -1.0000e-06 -1.7955e+02 1.1611e+01 1.7866e+02 -3.9081e+01 -2.2820e-03 -4.0193e-02 -1.7066e-02 9.3000e-02 1.2373e+01 -4.0985e+01 8.0000e-06 6.0000e-06 3.1815e+00 6.5068e+00 -6.1404e+01 -1.1754e+01 -6.0000e-06 -6.0000e-06 -6.3510e-03 -7.3987e-02 -1.9584e+01
0.0000e+00 0.0000e+00 0.0000e+00 0.0000e+00 0.0000e+00 -0.0000e+00 -1.4860e+00 9.3198e+01 -1.9166e+00 8.8863e+01 -2.4971e+00 3.7190e-01 1.5736e+01 5.0000e-06 -1.0000e-06 1.1083e+02 8.7044e+01 -1.1150e+02 8.9846e+00 -4.0621e-01 -0.0000e+00 -2.2289e+00 2.1602e+00 -1.2968e+00 1.6377e+01 -1.0000e-06 -1.0000e-06 2.1413e+00 -5.4584e+00 7.5091e+00 6.4567e+00 -1.0000e-06 -0.0000e+00 6.8565e+00 -4.4301e+00 -4.1662e+00 1.2994e+01 -2.4272e-01 4.9804e+00 -8.9762e+01 -7.1008e-01 -7.1469e+01 5.3481e+00 -7.0000e-06 -1.0000e-06 -7.1233e+01 2.9543e+01 -9.2925e+00 2.4329e+01 1.9000e-05 5.0000e-06 4.4465e+00 1.1960e+01 -2.0569e+01 2.2292e+01 -1.0000e-06 5.0000e-06 5.3782e+00 5.4636e+00 -5.1339e+00 1.2995e+01 -2.4272e-01 -4.9804e+00 9.1655e+01 -3.9069e+00 -6.7014e+01 -5.3481e+00 -1.0000e-06 -4.0000e-06 -5.2860e+01 -5.2074e+01 -1.1449e+02 -2.4329e+01 3.2200e-04 -9.0000e-06 1.1652e+01 3.8661e+00 -7.1897e+01 -2.2291e+01 -1.0800e-04 -4.0000e-06 2.8270e+01 5.4564e+00 -4.8695e+00 -2.1925e+00 -6.4694e+00 -0.0000e+00 -1.7642e+02 -9.6663e+00 -3.8105e+00 3.9081e+01 -7.0000e-06 -1.2000e-05 -5.2235e-02 1.8841e-01 1.5495e+01 4.0985e+01 -6.0000e-06 -1.3000e-05 -7.1584e-01 4.0409e+00 -6.1351e+01 1.1754e+01 -0.0000e+00 3.0000e-06 -4.0000e-06 -6.2000e-05 -1.6580e+01 -2.1925e+00 6.4694e+00 -1.0000e-06 -1.7954e+02 1.1657e+01 1.7871e+02 -3.9081e+01 -2.2820e-03 -4.0193e-02 -1.7605e-02 9.4782e-02 1.2458e+01 -4.0985e+01 8.0000e-06 6.0000e-06 3.1879e+00 6.5572e+00 -6.1422e+01 -1.1754e+01 -6.0000e-06 -6.0000e-06 -6.0290e-03 -7.1097e-02 -1.9467e+01
0.0000e+00 0.0000e+00 0.0000e+00 0.0000e+00 0.0000e+00 -0.0000e+00 -1.4958e+00 9.3193e+01 -1.9650e+00 8.8882e+01 -2.4788e+00 4.1440e-01 1.5736e+01 5.0000e-06 -1.0000e-06 1.1096e+02 8.7006e+01 -1.1169e+02 8.9846e+00 -4.0621e-01 -0.0000e+00 -2.1598e+00 2.2047e+00 -1.4257e+00 1.6377e+01 -1.0000e-06 -1.0000e-06 2.0827e+00 -5.4917e+00 7.4322e+00 6.4567e+00 -1.0000e-06 -0.0000e+00 6.7392e+00 -4.5243e+00 -3.8404e+00 1.2994e+01 -2.4272e-01 4.9804e+00 -8.9796e+01 -6.0518e-01 -7.1382e+01 5.3481e+00 -7.0000e-06 -1.0000e-06 -7.1588e+01 3.0007e+01 -9.4121e+00 2.4329e+01 1.9000e-05 5.0000e-06 4.5177e+00 1.1960e+01 -2.0871e+01 2.2292e+01 -1.0000e-06 5.0000e-06 5.2708e+00 5.4690e+00 -5.3343e+00 1.2995e+01 -2.4272e-01 -4.9804e+00 9.1523e+01 -3.6242e+00 -6.7183e+01 -5.3481e+00 -1.0000e-06 -4.0000e-06 -5.1624e+01 -5.0967e+01 -1.1214e+02 -2.4329e+01 3.2200e-04 -9.0000e-06 9.7851e+00 2.7926e+00 -7.4228e+01 -2.2291e+01 -1.0800e-04 -4.0000e-06 2.6402e+01 5.4485e+00 -4.5864e+00 -2.1925e+00 -6.4694e+00 -0.0000e+00 -1.7643e+02 -9.6577e+00 -3.8525e+00 3.9081e+01 -7.0000e-06 -1.2000e-05 -5.2153e-02 1.8716e-01 1.5571e+01 4.0985e+01 -6.0000e-06 -1.3000e-05 -7.2019e-01 4.0335e+00 -6.1342e+01 1.1754e+01 -0.0000e+00 3.0000e-06 -5.0000e-06 -7.6000e-05 -1.6581e+01 -2.1925e+00 6.4694e+00 -1.0000e-06 -1.7958e+02 1.1716e+01 1.7867e+02 -3.9081e+01 -2.2820e-03 -4.0193e-02 -2.0110e-02 1.0530e-01 1.2552e+01 -4.0985e+01 8.0000e-06 6.0000e-06 3.0543e+00 6.6159e+00 -6.1418e+01 -1.1754e+01 -6.0000e-06 -6.0000e-06 -6.3440e-03 -7.3930e-02 -1.9582e+01
0.0000e+00 0.0000e+00 0.0000e+00 0.0000e+00 0.0000e+00 -0.0000e+00 -1.4931e+00 9.3193e+01 -2.0144e+00 8.8851e+01 -2.3907e+00 4.0098e-01 1.5736e+01 5.0000e-06 -1.0000e-06 1.1080e+02 8.7006e+01 -1.1158e+02 8.9846e+00 -4.0621e-01 -0.0000e+00 -2.1540e+00 2.1931e+00 -1.5225e+00 1.6377e+01 -1.0000e-06 -1.0000e-06 2.0291e+00 -5.5061e+00 7.3452e+00 6.4567e+00 -1.0000e-06 -0.0000e+00 6.5372e+00 -4.5478e+00 -3.8011e+00 1.2994e+01 -2.4272e-01 4.9804e+00 -8.9831e+01 -5.0262e-01 -7.1359e+01 5.3481e+00 -7.0000e-06 -1.0000e-06 -7.1963e+01 3.0635e+01 -9.3816e+00 2.4329e+01 1.9000e-05 5.0000e-06 4.4527e+00 1.1510e+01 -2.1318e+01 2.2292e+01 -1.0000e-06 5.0000e-06 5.0895e+00 5.4694e+00 -5.3470e+00 1.2995e+01 -2.4272e-01 -4.9804e+00 9.1342e+01 -3.2227e+00 -6.7381e+01 -5.3481e+00 -1.0000e-06 -4.0000e-06 -4.9451e+01 -4.9834e+01 -1.0806e+02 -2.4329e+01 3.2200e-04 -9.0000e-06 7.7716e+00 1.8584e+00 -7.6637e+01 -2.2291e+01 -1.0800e-04 -4.0000e-06 2.5250e+01 5.4421e+00 -4.3598e+00 -2.1925e+00 -6.4694e+00 -0.0000e+00 -1.7640e+02 -9.6005e+00 -3.9488e+00 3.9081e+01 -7.0000e-06 -1.2000e-05 -5.3075e-02 1.8957e-01 1.5641e+01 4.0985e+01 -6.0000e-06 -1.3000e-05 -7.1030e-01 4.0842e+00 -6.1334e+01 1.1754e+01 -0.0000e+00 3.0000e-06 -6.0000e-06 -8.5000e-05 -1.6581e+01 -2.1925e+00 6.4694e+00 -1.0000e-06 -1.7954e+02 1.1759e+01 1.7866e+02 -3.9081e+01 -2.2820e-03 -4.0193e-02 -1.9761e-02 1.0419e-01 1.2498e+01 -4.0985e+01 8.0000e-06 6.0000e-06 2.9482e+00 6.6202e+00 -6.1351e+01 -1.1754e+01 -6.0000e-06 -6.0000e-06 -6.1480e-03 -7.2174e-02 -1.9511e+01
0.0000e+00 0.0000e+00 0.0000e+00 0.0000e+00 0.0000e+00 -0.0000e+00 -1.4643e+00 9.3201e+01 -2.0538e+00 8.8844e+01 -2.3407e+00 4.0484e-01 1.5736e+01 5.0000e-06 -1.0000e-06 1.1021e+02 8.7012e+01 -1.1104e+02 8.9846e+00 -4.0621e-01 -0.0000e+00 -2.1430e+00 2.1359e+00 -1.6244e+00 1.6377e+01 -1.0000e-06 -1.0000e-06 1.8825e+00 -5.4204e+00 7.1439e+00 6.4567e+00 -1.0000e-06 -0.0000e+00 6.4744e+00 -4.4927e+00 -3.9474e+00 1.2994e+01 -2.4272e-01 4.9804e+00 -8.9878e+01 -3.6002e-01 -7.1322e+01 5.3481e+00 -7.0000e-06 -1.0000e-06 -7.2255e+01 3.1344e+01 -9.2899e+00 2.4329e+01 1.9000e-05 5.0000e-06 4.5295e+00 1.1419e+01 -2.1807e+01 2.2292e+01 -1.0000e-06 5.0000e-06 4.9570e+00 5.4761e+00 -5.5986e+00 1.2995e+01 -2.4272e-01 -4.9804e+00 9.1162e+01 -2.8237e+00 -6.7623e+01 -5.3481e+00 -1.0000e-06 -4.0000e-06 -4.6416e+01 -4.8396e+01 -1.0223e+02 -2.4329e+01 3.2200e-04 -9.0000e-06 6.8210e+00 1.2434e+00 -7.9721e+01 -2.2291e+01 -1.0800e-04 -4.0000e-06 2.4590e+01 5.4285e+00 -3.8868e+00 -2.1925e+00 -6.4694e+00 -0.0000e+00 -1.7643e+02 -9.5145e+00 -3.9660e+00 3.9081e+01 -7.0000e-06 -1.2000e-05 -5.2020e-02 1.8622e-01 1.5607e+01 4.0985e+01 -6.0000e-06 -1.3000e-05 -6.9494e-01 4.0306e+00 -6.1287e+01 1.1754e+01 -0.0000e+00 3.0000e-06 -4.0000e-06 -6.1000e-05 -1.6580e+01 -2.1925e+00 6.4694e+00 -1.0000e-06 -1.7954e+02 1.1791e+01 1.7864e+02 -3.9081e+01 -2.2820e-03 -4.0193e-02 -1.8989e-02 1.0088e-01 1.2478e+01 -4.0985e+01 8.0000e-06 6.0000e-06 3.0628e+00 6.5675e+00 -6.1328e+01 -1.1754e+01 -6.0000e-06 -6.0000e-06 -6.0380e-03 -7.1177e-02 -1.9470e+01
0.0000e+00 0.0000e+00 0.0000e+00 0.0000e+00 0.0000e+00 -0.0000e+00 -1.4245e+00 9.3196e+01 -2.0898e+00 8.8854e+01 -2.3154e+00 4.3222e-01 1.5736e+01 5.0000e-06 -1.0000e-06 1.0954e+02 8.7023e+01 -1.1045e+02 8.9846e+00 -4.0621e-01 -0.0000e+00 -2.1395e+00 2.0690e+00 -1.7765e+00 1.6377e+01 -1.0000e-06 -1.0000e-06 1.8232e+00 -5.2001e+00 6.8102e+00 6.4567e+00 -1.0000e-06 -0.0000e+00 6.3873e+00 -4.2836e+00 -3.9748e+00 1.2994e+01 -2.4272e-01 4.9804e+00 -8.9915e+01 -2.5059e-01 -7.1218e+01 5.3481e+00 -7.0000e-06 -1.0000e-06 -7.2420e+01 3.2167e+01 -9.2316e+00 2.4329e+01 1.9000e-05 5.0000e-06 4.5103e+00 1.1101e+01 -2.2279e+01 2.2292e+01 -1.0000e-06 5.0000e-06 4.6547e+00 5.4806e+00 -5.7725e+00 1.2995e+01 -2.4272e-01 -4.9804e+00 9.0927e+01 -2.2797e+00 -6.7864e+01 -5.3481e+00 -1.0000e-06 -4.0000e-06 -4.2805e+01 -4.6159e+01 -9.5024e+01 -2.4329e+01 3.2200e-04 -9.0000e-06 6.2184e+00 7.2203e-01 -8.3406e+01 -2.2291e+01 -1.0800e-04 -4.0000e-06 2.4021e+01 5.4171e+00 -3.5018e+00 -2.1925e+00 -6.4694e+00 -0.0000e+00 -1.7647e+02 -9.4308e+00 -3.9977e+00 3.9081e+01 -7.0000e-06 -1.2000e-05 -5.1101e-02 1.8204e-01 1.5680e+01 4.0985e+01 -6.0000e-06 -1.3000e-05 -6.5934e-01 4.0008e+00 -6.1311e+01 1.1754e+01 -0.0000e+00 3.0000e-06 -3.0000e-06 -4.2000e-05 -1.6579e+01 -2.1925e+00 6.4694e+00 -1.0000e-06 -1.7959e+02 1.1848e+01 1.7861e+02 -3.9081e+01 -2.2820e-03 -4.0193e-02 -1.9975e-02 1.0469e-01 1.2552e+01 -4.0985e+01 8.0000e-06 6.0000e-06 2.9400e+00 6.6200e+00 -6.1325e+01 -1.1754e+01 -6.0000e-06 -6.0000e-06 -6.3890e-03 -7.4329e-02 -1.9599e+01
0.0000e+00 0.0000e+00 0.0000e+00 0.0000e+00 0.0000e+00 -0.0000e+00 -1.3669e+00 9.3192e+01 -2.1231e+00 8.8853e+01 -2.3570e+00 5.1990e-01 1.5736e+01 5.0000e-06 -1.0000e-06 1.0820e+02 8.7030e+01 -1.0915e+02 8.9846e+00 -4.0621e-01 -0.0000e+00 -2.1065e+00 1.9364e+00 -1.8647e+00 1.6377e+01 -1.0000e-06 -1.0000e-06 1.7853e+00 -4.9151e+00 6.3980e+00 6.4567e+00 -1.0000e-06 -0.0000e+00 6.2233e+00 -4.0750e+00 -4.1979e+00 1.2994e+01 -2.4272e-01 4.9804e+00 -8.9981e+01 -5.4812e-02 -7.1058e+01 5.3481e+00 -7.0000e-06 -1.0000e-06 -7.2518e+01 3.2777e+01 -9.0934e+00 2.4329e+01 1.9000e-05 5.0000e-06 4.4558e+00 1.0747e+01 -2.2680e+01 2.2292e+01 -1.0000e-06 5.0000e-06 4.3423e+00 5.4841e+00 -5.9057e+00 1.2995e+01 -2.4272e-01 -4.9804e+00 9.0671e+01 -1.6849e+00 -6.8266e+01 -5.3481e+00 -1.0000e-06 -4.0000e-06 -3.8784e+01 -4.2953e+01 -8.6930e+01 -2.4329e+01 3.2200e-04 -9.0000e-06 5.6573e+00 2.5678e-01 -8.7413e+01 -2.2291e+01 -1.0800e-04 -4.0000e-06 2.3563e+01 5.4042e+00 -3.0748e+00 -2.1925e+00 -6.4694e+00 -0.0000e+00 -1.7650e+02 -9.4745e+00 -3.9825e+00 3.9081e+01 -7.0000e-06 -1.2000e-05 -5.1271e-02 1.8160e-01 1.5766e+01 4.0985e+01 -6.0000e-06 -1.3000e-05 -6.1662e-01 3.9858e+00 -6.1327e+01 1.1754e+01 -0.0000e+00 3.0000e-06 -5.0000e-06 -6.8000e-05 -1.6580e+01 -2.1925e+00 6.4694e+00 -1.0000e-06 -1.7966e+02 1.1851e+01 1.7865e+02 -3.9081e+01 -2.2820e-03 -4.0193e-02 -2.1122e-02 1.0927e-01 1.2616e+01 -4.0985e+01 8.0000e-06 6.0000e-06 2.8529e+00 6.6701e+00 -6.1319e+01 -1.1754e+01 -6.0000e-06 -6.0000e-06 -6.2450e-03 -7.3046e-02 -1.9546e+01
0.0000e+00 0.0000e+00 0.0000e+00 0.0000e+00 0.0000e+00 -0.0000e+00 -1.2938e+00 9.3185e+01 -2.1376e+00 8.8847e+01 -2.5340e+00 5.5859e-01 1.5736e+01 5.0000e-06 -1.0000e-06 1.0747e+02 8.7042e+01 -1.0845e+02 8.9846e+00 -4.0621e-01 -0.0000e+00 -2.1061e+00 1.8600e+00 -1.9359e+00 1.6377e+01 -1.0000e-06 -1.0000e-06 1.6331e+00 -4.6206e+00 6.0857e+00 6.4567e+00 -1.0000e-06 -0.0000e+00 6.1753e+00 -3.8108e+00 -4.6421e+00 1.2994e+01 -2.4272e-01 4.9804e+00 -9.0050e+01 1.4410e-01 -7.0854e+01 5.3481e+00 -7.0000e-06 -1.0000e-06 -7.2563e+01 3.3154e+01 -8.9953e+00 2.4329e+01 1.9000e-05 5.0000e-06 4.5281e+00 1.0791e+01 -2.2927e+01 2.2292e+01 -1.0000e-06 5.0000e-06 4.3236e+00 5.4852e+00 -5.9492e+00 1.2995e+01 -2.4272e-01 -4.9804e+00 9.0400e+01 -1.0279e+00 -6.8732e+01 -5.3481e+00 -1.0000e-06 -4.0000e-06 -3.4796e+01 -3.8465e+01 -7.8245e+01 -2.4329e+01 3.2200e-04 -9.0000e-06 5.1071e+00 -1.5082e-01 -9.1690e+01 -2.2291e+01 -1.0800e-04 -4.0000e-06 2.2855e+01 5.3897e+00 -2.6049e+00 -2.1925e+00 -6.4694e+00 -0.0000e+00 -1.7654e+02 -9.5541e+00 -3.9776e+00 3.9081e+01 -7.0000e-06 -1.2000e-05 -5.1344e-02 1.8071e-01 1.5861e+01 4.0985e+01 -6.0000e-06 -1.3000e-05 -5.7593e-01 3.9013e+00 -6.1387e+01 1.1754e+01 -0.0000e+00 3.0000e-06 -5.0000e-06 -6.6000e-05 -1.6580e+01 -2.1925e+00 6.4694e+00 -1.0000e-06 -1.7972e+02 1.1766e+01 1.7861e+02 -3.9081e+01 -2.2820e-03 -4.0193e-02 -2.2577e-02 1.1492e-01 1.2706e+01 -4.0985e+01 8.0000e-06 6.0000e-06 2.7045e+00 6.7763e+00 -6.1306e+01 -1.1754e+01 -6.0000e-06 -6.0000e-06 -6.3740e-03 -7.4197e-02 -1.9593e+01
0.0000e+00 0.0000e+00 0.0000e+00 0.0000e+00 0.0000e+00 -0.0000e+00 -1.2248e+00 9.3186e+01 -2.1700e+00 8.8843e+01 -2.6499e+00 5.9370e-01 1.5736e+01 5.0000e-06 -1.0000e-06 1.0649e+02 8.7052e+01 -1.0751e+02 8.9846e+00 -4.0621e-01 -0.0000e+00 -2.0963e+00 1.7610e+00 -2.0029e+00 1.6377e+01 -1.0000e-06 -1.0000e-06 1.4853e+00 -4.2367e+00 5.5584e+00 6.4567e+00 -1.0000e-06 -0.0000e+00 6.0418e+00 -3.6316e+00 -4.6869e+00 1.2994e+01 -2.4272e-01 4.9804e+00 -9.0115e+01 3.2671e-01 -7.0603e+01 5.3481e+00 -7.0000e-06 -1.0000e-06 -7.2588e+01 3.3194e+01 -8.9613e+00 2.4329e+01 1.9000e-05 5.0000e-06 4.5462e+00 1.0816e+01 -2.2962e+01 2.2292e+01 -1.0000e-06 5.0000e-06 4.2748e+00 5.4838e+00 -5.8945e+00 1.2995e+01 -2.4272e-01 -4.9804e+00 9.0007e+01 -1.9367e-02 -6.9204e+01 -5.3481e+00 -1.0000e-06 -4.0000e-06 -3.0951e+01 -3.2583e+01 -6.9539e+01 -2.4329e+01 3.2200e-04 -9.0000e-06 4.5716e+00 -4.4187e-01 -9.5512e+01 -2.2291e+01 -1.0800e-04 -4.0000e-06 2.1715e+01 5.3823e+00 -2.3699e+00 -2.1925e+00 -6.4694e+00 -0.0000e+00 -1.7658e+02 -9.5735e+00 -3.9607e+00 3.9081e+01 -7.0000e-06 -1.2000e-05 -5.1538e-02 1.8111e-01 1.5885e+01 4.0985e+01 -6.0000e-06 -1.3000e-05 -5.4637e-01 3.7633e+00 -6.1395e+01 1.1754e+01 -0.0000e+00 3.0000e-06 -4.0000e-06 -6.1000e-05 -1.6580e+01 -2.1925e+00 6.4694e+00 -1.0000e-06 -1.7978e+02 1.1711e+01 1.7861e+02 -3.9081e+01 -2.2820e-03 -4.0193e-02 -2.2722e-02 1.1552e-01 1.2711e+01 -4.0985e+01 8.0000e-06 6.0000e-06 2.6186e+00 6.8682e+00 -6.1265e+01 -1.1754e+01 -6.0000e-06 -6.0000e-06 -6.3780e-03 -7.4235e-02 -1.9595e+01
0.0000e+00 0.0000e+00 0.0000e+00 0.0000e+00 0.0000e+00 -0.0000e+00 -1.1791e+00 9.3173e+01 -2.1890e+00 8.8833e+01 -2.7626e+00 6.5326e-01 1.5736e+01 5.0000e-06 -1.0000e-06 1.0529e+02 8.7038e+01 -1.0631e+02 8.9846e+00 -4.0621e-01 -0.0000e+00 -2.0359e+00 1.6494e+00 -2.0084e+00 1.6377e+01 -1.0000e-06 -1.0000e-06 1.2508e+00 -3.8887e+00 5.0486e+00 6.4567e+00 -1.0000e-06 -0.0000e+00 5.9180e+00 -3.4208e+00 -4.9091e+00 1.2994e+01 -2.4272e-01 4.9804e+00 -9.0184e+01 5.1580e-01 -7.0383e+01 5.3481e+00 -7.0000e-06 -1.0000e-06 -7.2548e+01 3.2943e+01 -8.9569e+00 2.4329e+01 1.9000e-05 5.0000e-06 4.5960e+00 1.0981e+01 -2.2880e+01 2.2292e+01 -1.0000e-06 5.0000e-06 4.2333e+00 5.4841e+00 -5.9069e+00 1.2995e+01 -2.4272e-01 -4.9804e+00 8.9625e+01 1.0153e+00 -6.9717e+01 -5.3481e+00 -1.0000e-06 -4.0000e-06 -2.7770e+01 -2.5206e+01 -6.1411e+01 -2.4329e+01 3.2200e-04 -9.0000e-06 4.6148e+00 -6.6320e-01 -9.8163e+01 -2.2291e+01 -1.0800e-04 -4.0000e-06 2.0426e+01 5.3750e+00 -2.1403e+00 -2.1925e+00 -6.4694e+00 -0.0000e+00 -1.7659e+02 -9.6393e+00 -3.9821e+00 3.9081e+01 -7.0000e-06 -1.2000e-05 -5.2308e-02 1.8186e-01 1.6046e+01 4.0985e+01 -6.0000e-06 -1.3000e-05 -5.0889e-01 3.7529e+00 -6.1475e+01 1.1754e+01 -0.0000e+00 3.0000e-06 -3.0000e-06 -4.9000e-05 -1.6579e+01 -2.1925e+00 6.4694e+00 -1.0000e-06 -1.7983e+02 1.1645e+01 1.7857e+02 -3.9081e+01 -2.2820e-03 -4.0193e-02 -2.5018e-02 1.2421e-01 1.2858e+01 -4.0985e+01 8.0000e-06 6.0000e-06 2.4829e+00 6.9315e+00 -6.1289e+01 -1.1754e+01 -6.0000e-06 -6.0000e-06 -6.3270e-03 -7.3777e-02 -1.9576e+01
0.0000e+00 0.0000e+00 0.0000e+00 0.0000e+00 0.0000e+00 -0.0000e+00 -1.1318e+00 9.3169e+01 -2.2138e+00 8.8860e+01 -2.8140e+00 6.6039e-01 1.5736e+01 5.0000e-06 -1.0000e-06 1.0493e+02 8.7004e+01 -1.0595e+02 8.9846e+00 -4.0621e-01 -0.0000e+00 -1.9609e+00 1.6303e+00 -2.0216e+00 1.6377e+01 -1.0000e-06 -1.0000e-06 9.2206e-01 -3.6764e+00 4.5864e+00 6.4567e+00 -1.0000e-06 -0.0000e+00 5.7190e+00 -3.2081e+00 -5.2065e+00 1.2994e+01 -2.4272e-01 4.9804e+00 -9.0218e+01 6.0832e-01 -7.0261e+01 5.3481e+00 -7.0000e-06 -1.0000e-06 -7.2393e+01 3.2751e+01 -9.1068e+00 2.4329e+01 1.9000e-05 5.0000e-06 4.4868e+00 1.0832e+01 -2.2662e+01 2.2292e+01 -1.0000e-06 5.0000e-06 4.2057e+00 5.4809e+00 -5.7808e+00 1.2995e+01 -2.4272e-01 -4.9804e+00 8.9239e+01 2.0944e+00 -7.0017e+01 -5.3481e+00 -1.0000e-06 -4.0000e-06 -2.5588e+01 -1.6501e+01 -5.4104e+01 -2.4329e+01 3.2200e-04 -9.0000e-06 4.6718e+00 -7.4818e-01 -9.9081e+01 -2.2291e+01 -1.0800e-04 -4.0000e-06 1.8780e+01 5.3571e+00 -1.5916e+00 -2.1925e+00 -6.4694e+00 -0.0000e+00 -1.7666e+02 -9.6420e+00 -4.0197e+00 3.9081e+01 -7.0000e-06 -1.2000e-05 -5.2967e-02 1.8367e-01 1.6087e+01 4.0985e+01 -6.0000e-06 -1.3000e-05 -4.9421e-01 3.6550e+00 -6.1474e+01 1.1754e+01 -0.0000e+00 3.0000e-06 -6.0000e-06 -8.9000e-05 -1.6581e+01 -2.1925e+00 6.4694e+00 -1.0000e-06 -1.7990e+02 1.1570e+01 1.7853e+02 -3.9081e+01 -2.2820e-03 -4.0193e-02 -2.6997e-02 1.3240e-01 1.2902e+01 -4.0985e+01 8.0000e-06 6.0000e-06 2.2707e+00 6.9485e+00 -6.1258e+01 -1.1754e+01 -6.0000e-06 -6.0000e-06 -6.1300e-03 -7.2011e-02 -1.9504e+01
0.0000e+00 0.0000e+00 0.0000e+00 0.0000e+00 0.0000e+00 -0.0000e+00 -1.1282e+00 9.3172e+01 -2.2342e+00 8.8895e+01 -2.7607e+00 6.2956e-01 1.5736e+01 5.0000e-06 -1.0000e-06 1.0441e+02 8.6990e+01 -1.0546e+02 8.9846e+00 -4.0621e-01 -0.0000e+00 -1.9211e+00 1.5864e+00 -2.0836e+00 1.6377e+01 -1.0000e-06 -1.0000e-06 6.5820e-01 -3.5655e+00 4.2661e+00 6.4567e+00 -1.0000e-06 -0.0000e+00 5.4974e+00 -2.9933e+00 -5.3191e+00 1.2994e+01 -2.4272e-01 4.9804e+00 -9.0214e+01 5.9420e-01 -7.0207e+01 5.3481e+00 -7.0000e-06 -1.0000e-06 -7.2146e+01 3.2465e+01 -9.2430e+00 2.4329e+01 1.9000e-05 5.0000e-06 4.4568e+00 1.0868e+01 -2.2460e+01 2.2292e+01 -1.0000e-06 5.0000e-06 4.2959e+00 5.4789e+00 -5.7055e+00 1.2995e+01 -2.4272e-01 -4.9804e+00 8.8921e+01 3.0446e+00 -7.0482e+01 -5.3481e+00 -1.0000e-06 -4.0000e-06 -2.5283e+01 -6.8790e+00 -4.7432e+01 -2.4329e+01 3.2200e-04 -9.0000e-06 3.1338e+00 -4.2452e-01 -9.7710e+01 -2.2291e+01 -1.0800e-04 -4.0000e-06 1.6699e+01 5.3495e+00 -1.3624e+00 -2.1925e+00 -6.4694e+00 -0.0000e+00 -1.7670e+02 -9.6392e+00 -4.0420e+00 3.9081e+01 -7.0000e-06 -1.2000e-05 -5.1996e-02 1.8094e-01 1.6033e+01 4.0985e+01 -6.0000e-06 -1.3000e-05 -4.7713e-01 3.7317e+00 -6.1434e+01 1.1754e+01 -0.0000e+00 3.0000e-06 -3.0000e-06 -4.1000e-05 -1.6579e+01 -2.1925e+00 6.4694e+00 -1.0000e-06 -1.7994e+02 1.1627e+01 1.7849e+02 -3.9081e+01 -2.2820e-03 -4.0193e-02 -2.8329e-02 1.3827e-01 1.2898e+01 -4.0985e+01 8.0000e-06 6.0000e-06 2.1681e+00 6.9279e+00 -6.1225e+01 -1.1754e+01 -6.0000e-06 -6.0000e-06 -6.0490e-03 -7.1282e-02 -1.9474e+01
0.0000e+00 0.0000e+00 0.0000e+00 0.0000e+00 0.0000e+00 -0.0000e+00 -1.1428e+00 9.3169e+01 -2.2504e+00 8.8894e+01 -2.6366e+00 6.2568e-01 1.5736e+01 5.0000e-06 -1.0000e-06 1.0424e+02 8.6969e+01 -1.0527e+02 8.9846e+00 -4.0621e-01 -0.0000e+00 -1.8760e+00 1.5772e+00 -2.0423e+00 1.6377e+01 -1.0000e-06 -1.0000e-06 3.9843e-01 -3.4075e+00 3.9755e+00 6.4567e+00 -1.0000e-06 -0.0000e+00 5.3566e+00 -2.8843e+00 -5.4830e+00 1.2994e+01 -2.4272e-01 4.9804e+00 -9.0239e+01 6.6302e-01 -7.0188e+01 5.3481e+00 -7.0000e-06 -1.0000e-06 -7.1760e+01 3.2185e+01 -9.3691e+00 2.4329e+01 1.9000e-05 5.0000e-06 4.3548e+00 1.0728e+01 -2.2250e+01 2.2292e+01 -1.0000e-06 5.0000e-06 4.3682e+00 5.4784e+00 -5.6888e+00 1.2995e+01 -2.4272e-01 -4.9804e+00 8.8568e+01 4.1135e+00 -7.0791e+01 -5.3481e+00 -1.0000e-06 -4.0000e-06 -2.6336e+01 2.3626e+00 -4.1858e+01 -2.4329e+01 3.2200e-04 -9.0000e-06 2.4141e+00 -1.5909e-01 -9.3774e+01 -2.2291e+01 -1.0800e-04 -4.0000e-06 1.4189e+01 5.3078e+00 -1.4447e-01 -2.1925e+00 -6.4694e+00 -0.0000e+00 -1.7669e+02 -9.6443e+00 -4.0899e+00 3.9081e+01 -7.0000e-06 -1.2000e-05 -5.2046e-02 1.8064e-01 1.6073e+01 4.0985e+01 -6.0000e-06 -1.3000e-05 -4.7015e-01 3.8265e+00 -6.1433e+01 1.1754e+01 -0.0000e+00 3.0000e-06 -3.0000e-06 -4.8000e-05 -1.6579e+01 -2.1925e+00 6.4694e+00 -1.0000e-06 -1.7993e+02 1.1636e+01 1.7847e+02 -3.9081e+01 -2.2820e-03 -4.0193e-02 -2.8602e-02 1.3923e-01 1.2918e+01 -4.0985e+01 8.0000e-06 6.0000e-06 2.1430e+00 6.8583e+00 -6.1232e+01 -1.1754e+01 -6.0000e-06 -6.0000e-06 -6.3310e-03 -7.3810e-02 -1.9577e+01
0.0000e+00 0.0000e+00 0.0000e+00 0.0000e+00 0.0000e+00 -0.0000e+00 -1.1641e+00 9.3174e+01 -2.2601e+00 8.8925e+01 -2.5425e+00 5.9682e-01 1.5736e+01 5.0000e-06 -1.0000e-06 1.0428e+02 8.6955e+01 -1.0530e+02 8.9846e+00 -4.0621e-01 -0.0000e+00 -1.8498e+00 1.5874e+00 -2.0208e+00 1.6377e+01 -1.0000e-06 -1.0000e-06 2.7859e-01 -3.2726e+00 3.7117e+00 6.4567e+00 -1.0000e-06 -0.0000e+00 5.0963e+00 -2.7145e+00 -5.4242e+00 1.2994e+01 -2.4272e-01 4.9804e+00 -9.0246e+01 6.8482e-01 -7.0214e+01 5.3481e+00 -7.0000e-06 -1.0000e-06 -7.1343e+01 3.1829e+01 -9.3400e+00 2.4329e+01 1.9000e-05 5.0000e-06 4.4078e+00 1.0858e+01 -2.2254e+01 2.2292e+01 -1.0000e-06 5.0000e-06 4.3525e+00 5.4759e+00 -5.5907e+00 1.2995e+01 -2.4272e-01 -4.9804e+00 8.8245e+01 5.1574e+00 -7.1181e+01 -5.3481e+00 -1.0000e-06 -4.0000e-06 -2.9172e+01 1.0586e+01 -3.6554e+01 -2.4329e+01 3.2200e-04 -9.0000e-06 2.1203e+00 7.2548e-02 -8.8047e+01 -2.2291e+01 -1.0800e-04 -4.0000e-06 1.2481e+01 5.2547e+00 1.3095e+00 -2.1925e+00 -6.4694e+00 -0.0000e+00 -1.7672e+02 -9.5259e+00 -4.1049e+00 3.9081e+01 -7.0000e-06 -1.2000e-05 -5.1112e-02 1.7824e-01 1.6001e+01 4.0985e+01 -6.0000e-06 -1.3000e-05 -4.8348e-01 3.8293e+00 -6.1382e+01 1.1754e+01 -0.0000e+00 3.0000e-06 -3.0000e-06 -4.1000e-05 -1.6579e+01 -2.1925e+00 6.4694e+00 -1.0000e-06 -1.7994e+02 1.1728e+01 1.7845e+02 -3.9081e+01 -2.2820e-03 -4.0193e-02 -2.9054e-02 1.4141e-01 1.2900e+01 -4.0985e+01 8.0000e-06 6.0000e-06 2.1283e+00 6.8470e+00 -6.1221e+01 -1.1754e+01 -6.0000e-06 -6.0000e-06 -6.5630e-03 -7.5864e-02 -1.9661e+01
0.0000e+00 0.0000e+00 0.0000e+00 0.0000e+00 0.0000e+00 -0.0000e+00 -1.2148e+00 9.3165e+01 -2.2459e+00 8.8926e+01 -2.4360e+00 5.8049e-01 1.5736e+01 5.0000e-06 -1.0000e-06 1.0438e+02 8.6909e+01 -1.0533e+02 8.9846e+00 -4.0621e-01 -0.0000e+00 -1.7645e+00 1.6139e+00 -1.8723e+00 1.6377e+01 -1.0000e-06 -1.0000e-06 7.3485e-02 -3.1303e+00 3.5068e+00 6.4567e+00 -1.0000e-06 -0.0000e+00 4.9638e+00 -2.6343e+00 -5.5431e+00 1.2994e+01 -2.4272e-01 4.9804e+00 -9.0248e+01 6.9307e-01 -7.0297e+01 5.3481e+00 -7.0000e-06 -1.0000e-06 -7.0984e+01 3.1678e+01 -9.3721e+00 2.4329e+01 1.9000e-05 5.0000e-06 4.2907e+00 1.0622e+01 -2.2148e+01 2.2292e+01 -1.0000e-06 5.0000e-06 4.4730e+00 5.4720e+00 -5.4445e+00 1.2995e+01 -2.4272e-01 -4.9804e+00 8.8034e+01 5.9475e+00 -7.1668e+01 -5.3481e+00 -1.0000e-06 -4.0000e-06 -3.2812e+01 1.7154e+01 -3.1702e+01 -2.4329e+01 3.2200e-04 -9.0000e-06 1.5615e+00 2.6720e-01 -8.0310e+01 -2.2291e+01 -1.0800e-04 -4.0000e-06 1.1646e+01 5.2601e+00 1.1651e+00 -2.1925e+00 -6.4694e+00 -0.0000e+00 -1.7668e+02 -9.5148e+00 -4.1683e+00 3.9081e+01 -7.0000e-06 -1.2000e-05 -5.1823e-02 1.7986e-01 1.6073e+01 4.0985e+01 -6.0000e-06 -1.3000e-05 -5.1415e-01 3.8697e+00 -6.1404e+01 1.1754e+01 -0.0000e+00 3.0000e-06 -4.0000e-06 -5.6000e-05 -1.6580e+01 -2.1925e+00 6.4694e+00 -1.0000e-06 -1.7993e+02 1.1829e+01 1.7845e+02 -3.9081e+01 -2.2820e-03 -4.0193e-02 -3.1098e-02 1.5022e-01 1.2910e+01 -4.0985e+01 8.0000e-06 6.0000e-06 1.9791e+00 6.8463e+00 -6.1223e+01 -1.1754e+01 -6.0000e-06 -6.0000e-06 -6.4240e-03 -7.4639e-02 -1.9611e+01
0.0000e+00 0.0000e+00 0.0000e+00 0.0000e+00 0.0000e+00 -0.0000e+00 -1.2691e+00 9.3165e+01 -2.2335e+00 8.8939e+01 -2.3570e+00 5.5323e-01 1.5736e+01 5.0000e-06 -1.0000e-06 1.0475e+02 8.6883e+01 -1.0562e+02 8.9846e+00 -4.0621e-01 -0.0000e+00 -1.7252e+00 1.6586e+00 -1.7030e+00 1.6377e+01 -1.0000e-06 -1.0000e-06 7.8625e-02 -3.0679e+00 3.4649e+00 6.4567e+00 -1.0000e-06 -0.0000e+00 4.7670e+00 -2.4256e+00 -5.6814e+00 1.2994e+01 -2.4272e-01 4.9804e+00 -9.0177e+01 4.9671e-01 -7.0359e+01 5.3481e+00 -7.0000e-06 -1.0000e-06 -7.0833e+01 3.1493e+01 -9.3373e+00 2.4329e+01 1.9000e-05 5.0000e-06 4.3487e+00 1.0879e+01 -2.1945e+01 2.2292e+01 -1.0000e-06 5.0000e-06 4.4076e+00 5.4789e+00 -5.7052e+00 1.2995e+01 -2.4272e-01 -4.9804e+00 8.7828e+01 6.5650e+00 -7.1644e+01 -5.3481e+00 -1.0000e-06 -4.0000e-06 -3.7522e+01 2.1894e+01 -2.7973e+01 -2.4329e+01 3.2200e-04 -9.0000e-06 2.5984e+00 9.0421e-01 -7.0847e+01 -2.2291e+01 -1.0800e-04 -4.0000e-06 1.0112e+01 5.2626e+00 1.0981e+00 -2.1925e+00 -6.4694e+00 -0.0000e+00 -1.7666e+02 -9.4705e+00 -4.1849e+00 3.9081e+01 -7.0000e-06 -1.2000e-05 -5.1683e-02 1.7966e-01 1.6049e+01 4.0985e+01 -6.0000e-06 -1.3000e-05 -5.4069e-01 3.9421e+00 -6.1390e+01 1.1754e+01 -0.0000e+00 3.0000e-06 -3.0000e-06 -3.9000e-05 -1.6579e+01 -2.1925e+00 6.4694e+00 -1.0000e-06 -1.7991e+02 1.1943e+01 1.7846e+02 -3.9081e+01 -2.2820e-03 -4.0193e-02 -3.1360e-02 1.5173e-01 1.2879e+01 -4.0985e+01 8.0000e-06 6.0000e-06 1.9475e+00 6.8932e+00 -6.1227e+01 -1.1754e+01 -6.0000e-06 -6.0000e-06 -6.7060e-03 -7.7118e-02 -1.9712e+01
0.0000e+00 0.0000e+00 0.0000e+00 0.0000e+00 0.0000e+00 -0.0000e+00 -1.3106e+00 9.3177e+01 -2.2152e+00 8.8933e+01 -2.3181e+00 4.7262e-01 1.5736e+01 5.0000e-06 -1.0000e-06 1.0431e+02 8.6910e+01 -1.0509e+02 8.9846e+00 -4.0621e-01 -0.0000e+00 -1.7673e+00 1.5919e+00 -1.5305e+00 1.6377e+01 -1.0000e-06 -1.0000e-06 1.8276e-01 -2.9676e+00 3.4327e+00 6.4567e+00 -1.0000e-06 -0.0000e+00 4.8283e+00 -2.2221e+00 -5.5306e+00 1.2994e+01 -2.4272e-01 4.9804e+00 -9.0120e+01 3.3795e-01 -7.0394e+01 5.3481e+00 -7.0000e-06 -1.0000e-06 -7.0621e+01 3.1436e+01 -9.1996e+00 2.4329e+01 1.9000e-05 5.0000e-06 4.2692e+00 1.0778e+01 -2.1760e+01 2.2292e+01 -1.0000e-06 5.0000e-06 4.2760e+00 5.4768e+00 -5.6250e+00 1.2995e+01 -2.4272e-01 -4.9804e+00 8.7748e+01 6.9108e+00 -7.1901e+01 -5.3481e+00 -1.0000e-06 -4.0000e-06 -4.2450e+01 2.5279e+01 -2.4643e+01 -2.4329e+01 3.2200e-04 -9.0000e-06 2.9177e+00 1.6166e+00 -6.1046e+01 -2.2291e+01 -1.0800e-04 -4.0000e-06 9.0173e+00 5.2136e+00 2.3782e+00 -2.1925e+00 -6.4694e+00 -0.0000e+00 -1.7665e+02 -9.3932e+00 -4.1841e+00 3.9081e+01 -7.0000e-06 -1.2000e-05 -5.1157e-02 1.7947e-01 1.5910e+01 4.0985e+01 -6.0000e-06 -1.3000e-05 -5.7817e-01 3.9002e+00 -6.1332e+01 1.1754e+01 -0.0000e+00 3.0000e-06 -4.0000e-06 -5.4000e-05 -1.6580e+01 -2.1925e+00 6.4694e+00 -1.0000e-06 -1.7985e+02 1.2040e+01 1.7845e+02 -3.9081e+01 -2.2820e-03 -4.0193e-02 -2.9088e-02 1.4314e-01 1.2763e+01 -4.0985e+01 8.0000e-06 6.0000e-06 2.1313e+00 6.9056e+00 -6.1213e+01 -1.1754e+01 -6.0000e-06 -6.0000e-06 -6.1750e-03 -7.2420e-02 -1.9521e+01
0.0000e+00 0.0000e+00 0.0000e+00 0.0000e+00 0.0000e+00 -0.0000e+00 -1.3639e+00 9.3169e+01 -2.1787e+00 8.8918e+01 -2.3190e+00 4.9181e-01 1.5736e+01 5.0000e-06 -1.0000e-06 1.0403e+02 8.6883e+01 -1.0470e+02 8.9846e+00 -4.0621e-01 -0.0000e+00 -1.7086e+00 1.5668e+00 -1.3136e+00 1.6377e+01 -1.0000e-06 -1.0000e-06 2.8663e-01 -2.9414e+00 3.5605e+00 6.4567e+00 -1.0000e-06 -0.0000e+00 4.9471e+00 -2.1113e+00 -5.5270e+00 1.2994e+01 -2.4272e-01 4.9804e+00 -9.0083e+01 2.3364e-01 -7.0524e+01 5.3481e+00 -7.0000e-06 -1.0000e-06 -7.0410e+01 3.1426e+01 -9.1222e+00 2.4329e+01 1.9000e-05 5.0000e-06 4.1955e+00 1.0743e+01 -2.1481e+01 2.2292e+01 -1.0000e-06 5.0000e-06 4.4377e+00 5.4787e+00 -5.6993e+00 1.2995e+01 -2.4272e-01 -4.9804e+00 8.7595e+01 7.5610e+00 -7.2295e+01 -5.3481e+00 -1.0000e-06 -4.0000e-06 -4.6417e+01 2.7241e+01 -2.1537e+01 -2.4329e+01 3.2200e-04 -9.0000e-06 2.0835e+00 1.5974e+00 -5.2551e+01 -2.2291e+01 -1.0800e-04 -4.0000e-06 6.9286e+00 5.1540e+00 3.8486e+00 -2.1925e+00 -6.4694e+00 -0.0000e+00 -1.7658e+02 -9.4002e+00 -4.1492e+00 3.9081e+01 -7.0000e-06 -1.2000e-05 -5.2119e-02 1.8229e-01 1.5956e+01 4.0985e+01 -6.0000e-06 -1.3000e-05 -6.1362e-01 3.9365e+00 -6.1386e+01 1.1754e+01 -0.0000e+00 3.0000e-06 -3.0000e-06 -4.6000e-05 -1.6579e+01 -2.1925e+00 6.4694e+00 -1.0000e-06 -1.7980e+02 1.2055e+01 1.7847e+02 -3.9081e+01 -2.2820e-03 -4.0193e-02 -2.9492e-02 1.4429e-01 1.2817e+01 -4.0985e+01 8.0000e-06 6.0000e-06 2.2232e+00 6.9030e+00 -6.1282e+01 -1.1754e+01 -6.0000e-06 -6.0000e-06 -6.1480e-03 -7.2172e-02 -1.9511e+01
0.0000e+00 0.0000e+00 0.0000e+00 0.0000e+00 0.0000e+00 -0.0000e+00 -1.3950e+00 9.3164e+01 -2.1286e+00 8.8905e+01 -2.4150e+00 4.7023e-01 1.5736e+01 5.0000e-06 -1.0000e-06 1.0405e+02 8.6885e+01 -1.0461e+02 8.9846e+00 -4.0621e-01 -0.0000e+00 -1.7151e+00 1.5581e+00 -1.1017e+00 1.6377e+01 -1.0000e-06 -1.0000e-06 4.8833e-01 -2.9173e+00 3.6141e+00 6.4567e+00 -1.0000e-06 -0.0000e+00 5.1118e+00 -2.0706e+00 -5.2623e+00 1.2994e+01 -2.4272e-01 4.9804e+00 -9.0064e+01 1.8075e-01 -7.0635e+01 5.3481e+00 -7.0000e-06 -1.0000e-06 -7.0187e+01 3.1393e+01 -9.0158e+00 2.4329e+01 1.9000e-05 5.0000e-06 4.1724e+00 1.0849e+01 -2.1186e+01 2.2292e+01 -1.0000e-06 5.0000e-06 4.2586e+00 5.4784e+00 -5.6885e+00 1.2995e+01 -2.4272e-01 -4.9804e+00 8.7533e+01 7.8585e+00 -7.2512e+01 -5.3481e+00 -1.0000e-06 -4.0000e-06 -5.0015e+01 2.8953e+01 -1.9408e+01 -2.4329e+01 3.2200e-04 -9.0000e-06 4.4188e-01 4.6209e-01 -4.3735e+01 -2.2291e+01 -1.0800e-04 -4.0000e-06 5.5699e+00 5.1910e+00 2.9429e+00 -2.1925e+00 -6.4694e+00 -0.0000e+00 -1.7654e+02 -9.4322e+00 -4.1410e+00 3.9081e+01 -7.0000e-06 -1.2000e-05 -5.3022e-02 1.8515e-01 1.5980e+01 4.0985e+01 -6.0000e-06 -1.3000e-05 -6.5455e-01 3.8629e+00 -6.1430e+01 1.1754e+01 -0.0000e+00 3.0000e-06 -4.0000e-06 -5.3000e-05 -1.6580e+01 -2.1925e+00 6.4694e+00 -1.0000e-06 -1.7978e+02 1.1996e+01 1.7849e+02 -3.9081e+01 -2.2820e-03 -4.0193e-02 -2.9551e-02 1.4486e-01 1.2790e+01 -4.0985e+01 8.0000e-06 6.0000e-06 2.1661e+00 6.9574e+00 -6.1294e+01 -1.1754e+01 -6.0000e-06 -6.0000e-06 -6.1490e-03 -7.2180e-02 -1.9511e+01
0.0000e+00 0.0000e+00 0.0000e+00 0.0000e+00 0.0000e+00 -0.0000e+00 -1.4240e+00 9.3158e+01 -2.0779e+00 8.8937e+01 -2.4741e+00 5.4990e-01 1.5736e+01 5.0000e-06 -1.0000e-06 1.0381e+02 8.6869e+01 -1.0430e+02 8.9846e+00 -4.0621e-01 -0.0000e+00 -1.6790e+00 1.5345e+00 -9.5802e-01 1.6377e+01 -1.0000e-06 -1.0000e-06 6.6839e-01 -2.9358e+00 3.7616e+00 6.4567e+00 -1.0000e-06 -0.0000e+00 5.4931e+00 -2.0658e+00 -4.9421e+00 1.2994e+01 -2.4272e-01 4.9804e+00 -9.0047e+01 1.3461e-01 -7.0736e+01 5.3481e+00 -7.0000e-06 -1.0000e-06 -6.9877e+01 3.1519e+01 -9.1069e+00 2.4329e+01 1.9000e-05 5.0000e-06 4.1614e+00 1.1126e+01 -2.0659e+01 2.2292e+01 -1.0000e-06 5.0000e-06 4.3072e+00 5.4791e+00 -5.7145e+00 1.2995e+01 -2.4272e-01 -4.9804e+00 8.7505e+01 8.0870e+00 -7.2791e+01 -5.3481e+00 -1.0000e-06 -4.0000e-06 -5.2928e+01 3.0639e+01 -1.7595e+01 -2.4329e+01 3.2200e-04 -9.0000e-06 -3.0391e-01 -4.1455e-01 -3.6156e+01 -2.2291e+01 -1.0800e-04 -4.0000e-06 5.0154e+00 5.2045e+00 2.6055e+00 -2.1925e+00 -6.4694e+00 -0.0000e+00 -1.7654e+02 -9.4612e+00 -4.0087e+00 3.9081e+01 -7.0000e-06 -1.2000e-05 -5.2896e-02 1.8489e-01 1.5965e+01 4.0985e+01 -6.0000e-06 -1.3000e-05 -6.7899e-01 3.8369e+00 -6.1461e+01 1.1754e+01 -0.0000e+00 3.0000e-06 -4.0000e-06 -5.6000e-05 -1.6580e+01 -2.1925e+00 6.4694e+00 -1.0000e-06 -1.7982e+02 1.1986e+01 1.7857e+02 -3.9081e+01 -2.2820e-03 -4.0193e-02 -3.0412e-02 1.4768e-01 1.2872e+01 -4.0985e+01 8.0000e-06 6.0000e-06 2.2036e+00 6.9988e+00 -6.1377e+01 -1.1754e+01 -6.0000e-06 -6.0000e-06 -6.5880e-03 -7.6087e-02 -1.9670e+01
0.0000e+00 0.0000e+00 0.0000e+00 0.0000e+00 0.0000e+00 -0.0000e+00 -1.4544e+00 9.3144e+01 -2.0236e+00 8.8921e+01 -2.5152e+00 5.9451e-01 1.5736e+01 5.0000e-06 -1.0000e-06 1.0369e+02 8.6862e+01 -1.0408e+02 8.9846e+00 -4.0621e-01 -0.0000e+00 -1.6629e+00 1.5173e+00 -7.5881e-01 1.6377e+01 -1.0000e-06 -1.0000e-06 8.5657e-01 -2.9580e+00 3.8903e+00 6.4567e+00 -1.0000e-06 -0.0000e+00 5.9077e+00 -2.1628e+00 -4.6502e+00 1.2994e+01 -2.4272e-01 4.9804e+00 -9.0028e+01 7.9347e-02 -7.0810e+01 5.3481e+00 -7.0000e-06 -1.0000e-06 -6.9882e+01 3.1227e+01 -9.1160e+00 2.4329e+01 1.9000e-05 5.0000e-06 4.2013e+00 1.1470e+01 -2.0275e+01 2.2292e+01 -1.0000e-06 5.0000e-06 4.2776e+00 5.4718e+00 -5.4362e+00 1.2995e+01 -2.4272e-01 -4.9804e+00 8.7474e+01 8.3039e+00 -7.3012e+01 -5.3481e+00 -1.0000e-06 -4.0000e-06 -5.5515e+01 3.1688e+01 -1.5837e+01 -2.4329e+01 3.2200e-04 -9.0000e-06 3.5318e-01 6.0792e-01 -3.0255e+01 -2.2291e+01 -1.0800e-04 -4.0000e-06 4.7774e+00 5.2010e+00 2.6942e+00 -2.1925e+00 -6.4694e+00 -0.0000e+00 -1.7648e+02 -9.4458e+00 -3.9647e+00 3.9081e+01 -7.0000e-06 -1.2000e-05 -5.4616e-02 1.8960e-01 1.6070e+01 4.0985e+01 -6.0000e-06 -1.3000e-05 -7.0334e-01 3.8407e+00 -6.1558e+01 1.1754e+01 -0.0000e+00 3.0000e-06 -4.0000e-06 -6.1000e-05 -1.6580e+01 -2.1925e+00 6.4694e+00 -1.0000e-06 -1.7983e+02 1.2053e+01 1.7864e+02 -3.9081e+01 -2.2820e-03 -4.0193e-02 -3.1797e-02 1.5329e-01 1.2908e+01 -4.0985e+01 8.0000e-06 6.0000e-06 2.0699e+00 7.0951e+00 -6.1413e+01 -1.1754e+01 -6.0000e-06 -6.0000e-06 -6.4720e-03 -7.5067e-02 -1.9629e+01
0.0000e+00 0.0000e+00 0.0000e+00 0.0000e+00 0.0000e+00 -0.0000e+00 -1.4800e+00 9.3129e+01 -1.9619e+00 8.8923e+01 -2.5566e+00 6.4627e-01 1.5736e+01 5.0000e-06 -1.0000e-06 1.0377e+02 8.6866e+01 -1.0408e+02 8.9846e+00 -4.0621e-01 -0.0000e+00 -1.6744e+00 1.5166e+00 -5.8928e-01 1.6377e+01 -1.0000e-06 -1.0000e-06 1.1052e+00 -2.9858e+00 3.9543e+00 6.4567e+00 -1.0000e-06 -0.0000e+00 6.3524e+00 -2.2742e+00 -4.2432e+00 1.2994e+01 -2.4272e-01 4.9804e+00 -8.9998e+01 -4.7240e-03 -7.0877e+01 5.3481e+00 -7.0000e-06 -1.0000e-06 -7.0010e+01 3.0923e+01 -9.1498e+00 2.4329e+01 1.9000e-05 5.0000e-06 4.2013e+00 1.1766e+01 -1.9811e+01 2.2292e+01 -1.0000e-06 5.0000e-06 4.4267e+00 5.4732e+00 -5.4893e+00 1.2995e+01 -2.4272e-01 -4.9804e+00 8.7492e+01 8.2534e+00 -7.3030e+01 -5.3481e+00 -1.0000e-06 -4.0000e-06 -5.8576e+01 3.1771e+01 -1.3993e+01 -2.4329e+01 3.2200e-04 -9.0000e-06 4.9654e-01 1.0565e+00 -2.5220e+01 -2.2291e+01 -1.0800e-04 -4.0000e-06 5.2208e+00 5.2107e+00 2.4495e+00 -2.1925e+00 -6.4694e+00 -0.0000e+00 -1.7646e+02 -9.4850e+00 -3.9171e+00 3.9081e+01 -7.0000e-06 -1.2000e-05 -5.4933e-02 1.8936e-01 1.6177e+01 4.0985e+01 -6.0000e-06 -1.3000e-05 -7.1743e-01 3.8253e+00 -6.1655e+01 1.1754e+01 -0.0000e+00 3.0000e-06 -6.0000e-06 -8.0000e-05 -1.6581e+01 -2.1925e+00 6.4694e+00 -1.0000e-06 -1.7986e+02 1.2079e+01 1.7869e+02 -3.9081e+01 -2.2820e-03 -4.0193e-02 -3.4047e-02 1.6191e-01 1.3000e+01 -4.0985e+01 8.0000e-06 6.0000e-06 1.9846e+00 7.1720e+00 -6.1490e+01 -1.1754e+01 -6.0000e-06 -6.0000e-06 -6.3190e-03 -7.3703e-02 -1.9573e+01
0.0000e+00 0.0000e+00 0.0000e+00 0.0000e+00 0.0000e+00 -0.0000e+00 -1.4988e+00 9.3126e+01 -1.8996e+00 8.8964e+01 -2.4908e+00 6.6117e-01 1.5736e+01 5.0000e-06 -1.0000e-06 1.0390e+02 8.6896e+01 -1.0415e+02 8.9846e+00 -4.0621e-01 -0.0000e+00 -1.7368e+00 1.5118e+00 -4.8586e-01 1.6377e+01 -1.0000e-06 -1.0000e-06 1.3361e+00 -3.0767e+00 4.0372e+00 6.4567e+00 -1.0000e-06 -0.0000e+00 6.8873e+00 -2.3602e+00 -3.7632e+00 1.2994e+01 -2.4272e-01 4.9804e+00 -8.9993e+01 -1.8913e-02 -7.0892e+01 5.3481e+00 -7.0000e-06 -1.0000e-06 -7.0029e+01 3.0806e+01 -9.2498e+00 2.4329e+01 1.9000e-05 5.0000e-06 4.1650e+00 1.1824e+01 -1.9564e+01 2.2292e+01 -1.0000e-06 5.0000e-06 4.4383e+00 5.4744e+00 -5.5360e+00 1.2995e+01 -2.4272e-01 -4.9804e+00 8.7528e+01 8.0548e+00 -7.2875e+01 -5.3481e+00 -1.0000e-06 -4.0000e-06 -6.2136e+01 3.0430e+01 -1.1785e+01 -2.4329e+01 3.2200e-04 -9.0000e-06 3.0418e-01 7.8228e-01 -2.1314e+01 -2.2291e+01 -1.0800e-04 -4.0000e-06 6.3704e+00 5.2037e+00 2.6261e+00 -2.1925e+00 -6.4694e+00 -0.0000e+00 -1.7648e+02 -9.3684e+00 -3.8362e+00 3.9081e+01 -7.0000e-06 -1.2000e-05 -5.5973e-02 1.9366e-01 1.6120e+01 4.0985e+01 -6.0000e-06 -1.3000e-05 -7.4791e-01 3.7577e+00 -6.1667e+01 1.1754e+01 -0.0000e+00 3.0000e-06 -6.0000e-06 -8.0000e-05 -1.6581e+01 -2.1925e+00 6.4694e+00 -1.0000e-06 -1.7991e+02 1.2112e+01 1.7876e+02 -3.9081e+01 -2.2820e-03 -4.0193e-02 -3.5345e-02 1.6760e-01 1.2995e+01 -4.0985e+01 8.0000e-06 6.0000e-06 1.8991e+00 7.1880e+00 -6.1526e+01 -1.1754e+01 -6.0000e-06 -6.0000e-06 -6.3870e-03 -7.4314e-02 -1.9598e+01
0.0000e+00 0.0000e+00 0.0000e+00 0.0000e+00 0.0000e+00 -0.0000e+00 -1.5325e+00 9.3116e+01 -1.8390e+00 8.8991e+01 -2.3929e+00 6.9039e-01 1.5736e+01 5.0000e-06 -1.0000e-06 1.0352e+02 8.6925e+01 -1.0373e+02 8.9846e+00 -4.0621e-01 -0.0000e+00 -1.7844e+00 1.4549e+00 -4.0664e-01 1.6377e+01 -1.0000e-06 -1.0000e-06 1.5819e+00 -3.1326e+00 4.1020e+00 6.4567e+00 -1.0000e-06 -0.0000e+00 7.3615e+00 -2.3980e+00 -3.2981e+00 1.2994e+01 -2.4272e-01 4.9804e+00 -9.0009e+01 2.6007e-02 -7.0843e+01 5.3481e+00 -7.0000e-06 -1.0000e-06 -7.0043e+01 3.0796e+01 -9.2933e+00 2.4329e+01 1.9000e-05 5.0000e-06 4.1185e+00 1.1597e+01 -1.9707e+01 2.2292e+01 -1.0000e-06 5.0000e-06 4.5300e+00 5.4686e+00 -5.3180e+00 1.2995e+01 -2.4272e-01 -4.9804e+00 8.7590e+01 7.8326e+00 -7.2834e+01 -5.3481e+00 -1.0000e-06 -4.0000e-06 -6.5695e+01 2.7804e+01 -9.4516e+00 -2.4329e+01 3.2200e-04 -9.0000e-06 1.4107e-01 4.2740e-01 -1.8387e+01 -2.2291e+01 -1.0800e-04 -4.0000e-06 7.6061e+00 5.2064e+00 2.5584e+00 -2.1925e+00 -6.4694e+00 -0.0000e+00 -1.7647e+02 -9.3377e+00 -3.7698e+00 3.9081e+01 -7.0000e-06 -1.2000e-05 -5.6010e-02 1.9366e-01 1.6130e+01 4.0985e+01 -6.0000e-06 -1.3000e-05 -7.6289e-01 3.8466e+00 -6.1715e+01 1.1754e+01 -0.0000e+00 3.0000e-06 -5.0000e-06 -6.5000e-05 -1.6580e+01 -2.1925e+00 6.4694e+00 -1.0000e-06 -1.7996e+02 1.2228e+01 1.7883e+02 -3.9081e+01 -2.2820e-03 -4.0193e-02 -3.7392e-02 1.7629e-01 1.3008e+01 -4.0985e+01 8.0000e-06 6.0000e-06 1.7416e+00 7.2191e+00 -6.1560e+01 -1.1754e+01 -6.0000e-06 -6.0000e-06 -6.1020e-03 -7.1755e-02 -1.9494e+01
0.0000e+00 0.0000e+00 0.0000e+00 0.0000e+00 0.0000e+00 -0.0000e+00 -1.5847e+00 9.3109e+01 -1.8047e+00 8.9007e+01 -2.2488e+00 6.5999e-01 1.5736e+01 5.0000e-06 -1.0000e-06 1.0339e+02 8.6963e+01 -1.0357e+02 8.9846e+00 -4.0621e-01 -0.0000e+00 -1.8555e+00 1.4216e+00 -3.4083e-01 1.6377e+01 -1.0000e-06 -1.0000e-06 1.8072e+00 -3.2014e+00 4.1565e+00 6.4567e+00 -1.0000e-06 -0.0000e+00 7.7346e+00 -2.4506e+00 -2.9427e+00 1.2994e+01 -2.4272e-01 4.9804e+00 -9.0036e+01 1.0307e-01 -7.0837e+01 5.3481e+00 -7.0000e-06 -1.0000e-06 -7.0097e+01 3.0775e+01 -9.3119e+00 2.4329e+01 1.9000e-05 5.0000e-06 4.1073e+00 1.1349e+01 -2.0048e+01 2.2292e+01 -1.0000e-06 5.0000e-06 4.5189e+00 5.4698e+00 -5.3640e+00 1.2995e+01 -2.4272e-01 -4.9804e+00 8.7615e+01 7.6926e+00 -7.2716e+01 -5.3481e+00 -1.0000e-06 -4.0000e-06 -6.8436e+01 2.5881e+01 -7.3698e+00 -2.4329e+01 3.2200e-04 -9.0000e-06 -5.9877e-02 -1.9752e-01 -1.6592e+01 -2.2291e+01 -1.0800e-04 -4.0000e-06 8.9729e+00 5.2028e+00 2.6482e+00 -2.1925e+00 -6.4694e+00 -0.0000e+00 -1.7645e+02 -9.3306e+00 -3.8201e+00 3.9081e+01 -7.0000e-06 -1.2000e-05 -5.6689e-02 1.9554e-01 1.6167e+01 4.0985e+01 -6.0000e-06 -1.3000e-05 -7.8138e-01 3.9503e+00 -6.1732e+01 1.1754e+01 -0.0000e+00 3.0000e-06 -3.0000e-06 -4.7000e-05 -1.6579e+01 -2.1925e+00 6.4694e+00 -1.0000e-06 -1.7995e+02 1.2315e+01 1.7882e+02 -3.9081e+01 -2.2820e-03 -4.0193e-02 -3.8657e-02 1.8116e-01 1.3050e+01 -4.0985e+01 8.0000e-06 6.0000e-06 1.7312e+00 7.1610e+00 -6.1619e+01 -1.1754e+01 -6.0000e-06 -6.0000e-06 -6.3130e-03 -7.3652e-02 -1.9571e+01
0.0000e+00 0.0000e+00 0.0000e+00 0.0000e+00 0.0000e+00 -0.0000e+00 -1.6390e+00 9.3097e+01 -1.7616e+00 8.9024e+01 -2.1128e+00 6.8712e-01 1.5736e+01 5.0000e-06 -1.0000e-06 1.0302e+02 8.6972e+01 -1.0317e+02 8.9846e+00 -4.0621e-01 -0.0000e+00 -1.8650e+00 1.3760e+00 -2.7117e-01 1.6377e+01 -1.0000e-06 -1.0000e-06 2.0094e+00 -3.2403e+00 4.1715e+00 6.4567e+00 -1.0000e-06 -0.0000e+00 7.9926e+00 -2.4828e+00 -2.7764e+00 1.2994e+01 -2.4272e-01 4.9804e+00 -9.0042e+01 1.1954e-01 -7.0806e+01 5.3481e+00 -7.0000e-06 -1.0000e-06 -7.0295e+01 3.0893e+01 -9.3321e+00 2.4329e+01 1.9000e-05 5.0000e-06 4.0531e+00 1.0951e+01 -2.0454e+01 2.2292e+01 -1.0000e-06 5.0000e-06 4.4636e+00 5.4760e+00 -5.5959e+00 1.2995e+01 -2.4272e-01 -4.9804e+00 8.7636e+01 7.5904e+00 -7.2643e+01 -5.3481e+00 -1.0000e-06 -4.0000e-06 -7.0364e+01 2.5116e+01 -5.6923e+00 -2.4329e+01 3.2200e-04 -9.0000e-06 -3.0907e-01 -1.1057e+00 -1.5568e+01 -2.2291e+01 -1.0800e-04 -4.0000e-06 9.6776e+00 5.2046e+00 2.6050e+00 -2.1925e+00 -6.4694e+00 -0.0000e+00 -1.7642e+02 -9.2334e+00 -3.8169e+00 3.9081e+01 -7.0000e-06 -1.2000e-05 -5.7265e-02 1.9670e-01 1.6232e+01 4.0985e+01 -6.0000e-06 -1.3000e-05 -8.1111e-01 4.0070e+00 -6.1774e+01 1.1754e+01 -0.0000e+00 3.0000e-06 -4.0000e-06 -6.1000e-05 -1.6580e+01 -2.1925e+00 6.4694e+00 -1.0000e-06 -1.7996e+02 1.2414e+01 1.7887e+02 -3.9081e+01 -2.2820e-03 -4.0193e-02 -4.0488e-02 1.8824e-01 1.3105e+01 -4.0985e+01 8.0000e-06 6.0000e-06 1.6520e+00 7.1278e+00 -6.1684e+01 -1.1754e+01 -6.0000e-06 -6.0000e-06 -6.0980e-03 -7.1721e-02 -1.9492e+01
0.0000e+00 0.0000e+00 0.0000e+00 0.0000e+00 0.0000e+00 -0.0000e+00 -1.6847e+00 9.3093e+01 -1.7584e+00 8.9045e+01 -2.1157e+00 7.3481e-01 1.5736e+01 5.0000e-06 -1.0000e-06 1.0309e+02 8.6955e+01 -1.0320e+02 8.9846e+00 -4.0621e-01 -0.0000e+00 -1.8322e+00 1.3886e+00 -2.1137e-01 1.6377e+01 -1.0000e-06 -1.0000e-06 2.1488e+00 -3.2206e+00 4.1723e+00 6.4567e+00 -1.0000e-06 -0.0000e+00 8.1957e+00 -2.4581e+00 -2.7698e+00 1.2994e+01 -2.4272e-01 4.9804e+00 -9.0049e+01 1.4006e-01 -7.0827e+01 5.3481e+00 -7.0000e-06 -1.0000e-06 -7.0497e+01 3.1260e+01 -9.3241e+00 2.4329e+01 1.9000e-05 5.0000e-06 4.0905e+00 1.0746e+01 -2.0983e+01 2.2292e+01 -1.0000e-06 5.0000e-06 4.4860e+00 5.4822e+00 -5.8317e+00 1.2995e+01 -2.4272e-01 -4.9804e+00 8.7646e+01 7.5649e+00 -7.2660e+01 -5.3481e+00 -1.0000e-06 -4.0000e-06 -7.1551e+01 2.5555e+01 -4.4584e+00 -2.4329e+01 3.2200e-04 -9.0000e-06 -3.3166e-01 -1.2234e+00 -1.5123e+01 -2.2291e+01 -1.0800e-04 -4.0000e-06 9.4756e+00 5.2074e+00 2.5328e+00 -2.1925e+00 -6.4694e+00 -0.0000e+00 -1.7639e+02 -9.2682e+00 -3.7567e+00 3.9081e+01 -7.0000e-06 -1.2000e-05 -5.8040e-02 1.9937e-01 1.6231e+01 4.0985e+01 -6.0000e-06 -1.3000e-05 -8.3622e-01 4.0634e+00 -6.1780e+01 1.1754e+01 -0.0000e+00 3.0000e-06 -6.0000e-06 -7.9000e-05 -1.6581e+01 -2.1925e+00 6.4694e+00 -1.0000e-06 -1.7996e+02 1.2372e+01 1.7890e+02 -3.9081e+01 -2.2820e-03 -4.0193e-02 -4.0786e-02 1.8903e-01 1.3138e+01 -4.0985e+01 8.0000e-06 6.0000e-06 1.5633e+00 7.1119e+00 -6.1691e+01 -1.1754e+01 -6.0000e-06 -6.0000e-06 -5.9710e-03 -7.0572e-02 -1.9445e+01
0.0000e+00 0.0000e+00 0.0000e+00 0.0000e+00 0.0000e+00 -0.0000e+00 -1.7334e+00 9.3087e+01 -1.7532e+00 8.9065e+01 -2.0733e+00 7.4432e-01 1.5736e+01 5.0000e-06 -1.0000e-06 1.0245e+02 8.6952e+01 -1.0253e+02 8.9846e+00 -4.0621e-01 -0.0000e+00 -1.8121e+00 1.3209e+00 -1.4522e-01 1.6377e+01 -1.0000e-06 -1.0000e-06 2.2287e+00 -3.1172e+00 4.1425e+00 6.4567e+00 -1.0000e-06 -0.0000e+00 8.3589e+00 -2.3634e+00 -2.8541e+00 1.2994e+01 -2.4272e-01 4.9804e+00 -9.0061e+01 1.7590e-01 -7.0814e+01 5.3481e+00 -7.0000e-06 -1.0000e-06 -7.0718e+01 3.1800e+01 -9.3001e+00 2.4329e+01 1.9000e-05 5.0000e-06 4.0440e+00 1.0307e+01 -2.1561e+01 2.2292e+01 -1.0000e-06 5.0000e-06 4.1584e+00 5.4814e+00 -5.8019e+00 1.2995e+01 -2.4272e-01 -4.9804e+00 8.7663e+01 7.5214e+00 -7.2686e+01 -5.3481e+00 -1.0000e-06 -4.0000e-06 -7.2209e+01 2.7013e+01 -3.6812e+00 -2.4329e+01 3.2200e-04 -9.0000e-06 -2.0955e-01 -7.6899e-01 -1.5171e+01 -2.2291e+01 -1.0800e-04 -4.0000e-06 8.7723e+00 5.2089e+00 2.4949e+00 -2.1925e+00 -6.4694e+00 -0.0000e+00 -1.7638e+02 -9.2316e+00 -3.7635e+00 3.9081e+01 -7.0000e-06 -1.2000e-05 -5.8169e-02 1.9954e-01 1.6252e+01 4.0985e+01 -6.0000e-06 -1.3000e-05 -8.6799e-01 4.0863e+00 -6.1782e+01 1.1754e+01 -0.0000e+00 3.0000e-06 -5.0000e-06 -7.2000e-05 -1.6580e+01 -2.1925e+00 6.4694e+00 -1.0000e-06 -1.7994e+02 1.2389e+01 1.7886e+02 -3.9081e+01 -2.2820e-03 -4.0193e-02 -4.2311e-02 1.9395e-01 1.3243e+01 -4.0985e+01 8.0000e-06 6.0000e-06 1.6402e+00 7.0582e+00 -6.1762e+01 -1.1754e+01 -6.0000e-06 -6.0000e-06 -6.1700e-03 -7.2373e-02 -1.9519e+01
